GKZ,Name_gemeinde,HArzt_access,NotfallA_access
1001000,"Flensburg, Stadt",2.22,6.83
1002000,"Kiel, Landeshauptstadt",2.06,8.67
1003000,"Lübeck, Hansestadt",2.47,9.17
1004000,"Neumünster, Stadt",2.84,7.27
1051001,Albersdorf,2.03,19.27
1051002,Arkebek,4.58,18.51
1051003,Averlak,5.97,31.21
1051004,Bargenstedt,8.77,22.0
1051005,Barkenholm,7.67,13.29
1051006,Barlt,8.91,25.97
1051008,Bergewöhrden,9.93,26.17
1051010,Brickeln,4.56,32.33
1051011,"Brunsbüttel, Stadt",3.88,28.93
1051012,Buchholz,5.82,38.54
1051013,Büsum,2.66,18.97
1051014,Büsumer Deichhausen,4.12,18.01
1051015,Bunsoh,1.96,23.02
1051016,Burg (Dithmarschen),1.98,33.39
1051017,Busenwurth,8.3,22.92
1051019,Dellstedt,9.88,25.83
1051020,Delve,10.05,24.38
1051021,Diekhusen-Fahrstedt,2.53,33.79
1051022,Dingen,4.1,31.75
1051023,Dörpling,3.32,23.13
1051024,Eddelak,2.52,29.93
1051026,Eggstedt,4.41,20.66
1051027,Elpersbüttel,6.4,21.32
1051028,Epenwöhrden,4.57,15.15
1051030,Fedderingen,4.78,18.09
1051032,Frestedt,4.81,28.02
1051033,Friedrichsgabekoog,6.42,11.99
1051034,Friedrichskoog,6.06,36.76
1051035,Gaushorn,5.04,12.74
1051036,Glüsing,3.94,17.22
1051037,Großenrade,5.95,28.4
1051038,Groven,5.52,20.54
1051039,Gudendorf,7.01,25.34
1051043,Hedwigenkoog,8.64,19.5
1051044,"Heide, Stadt",2.48,6.1
1051045,Hellschen-Heringsand-Unterschaar,7.02,19.89
1051046,Helse,4.5,30.11
1051047,Hemme,7.64,15.34
1051048,Hemmingstedt,2.56,10.13
1051049,Hennstedt,2.27,18.51
1051050,Hillgroven,5.78,19.66
1051051,Hochdonn,5.46,27.67
1051052,Hövede,5.12,22.3
1051053,Hollingstedt,7.09,20.4
1051054,Immenstedt,3.7,20.61
1051057,Kaiser-Wilhelm-Koog,8.53,39.9
1051058,Karolinenkoog,8.14,18.53
1051060,Kleve,6.39,22.81
1051061,Krempel,2.88,17.53
1051062,Kronprinzenkoog,7.44,32.8
1051063,Krumstedt,6.13,26.15
1051064,Kuden,5.86,35.24
1051065,Lehe,3.4,22.87
1051067,Lieth,4.19,8.25
1051068,Linden,5.51,14.61
1051069,Lohe-Rickelshof,3.48,4.12
1051071,Lunden,0.99,19.39
1051072,"Marne, Stadt",1.71,31.96
1051073,Marnerdeich,3.92,34.04
1051074,"Meldorf, Stadt",3.01,18.01
1051075,Neuenkirchen,3.22,11.9
1051076,Neufeld,5.62,33.4
1051077,Neufelderkoog,9.42,38.47
1051078,Nindorf,5.02,21.56
1051079,Norddeich,3.64,17.77
1051080,Norderheistedt,6.49,12.19
1051081,Norderwöhrden,5.23,8.13
1051082,Nordhastedt,2.86,14.44
1051083,Odderade,5.55,18.16
1051084,Oesterdeichstrich,6.22,14.02
1051085,Offenbüttel,6.74,29.15
1051086,Osterrade,8.42,26.62
1051087,Ostrohe,4.3,8.09
1051088,Pahlen,2.74,20.55
1051089,Quickborn,5.53,31.13
1051090,Ramhusen,7.37,32.45
1051092,Rehm-Flehde-Bargen,5.6,14.48
1051093,Reinsbüttel,7.22,15.13
1051096,Sankt Annen,5.69,23.48
1051097,Sankt Michaelisdonn,2.64,31.49
1051098,Sarzbüttel,9.31,21.28
1051099,Schafstedt,3.34,20.48
1051100,Schalkholz,4.61,19.62
1051102,Schlichting,8.57,21.78
1051103,Schmedeswurth,4.98,33.04
1051104,Schrum,5.89,16.79
1051105,Schülp,5.28,19.37
1051107,Stelle-Wittenwurth,4.3,10.17
1051108,Strübbel,6.32,17.25
1051109,Süderdeich,4.39,16.75
1051110,Süderhastedt,1.52,24.58
1051113,Wöhrden,3.53,10.06
1051114,Tellingstedt,2.56,18.07
1051117,Tielenhemme,6.8,25.95
1051118,Trennewurth,7.02,26.85
1051119,Volsemenhusen,6.35,31.72
1051120,Wallen,6.41,24.26
1051121,Warwerort,8.07,14.39
1051122,Weddingstedt,2.45,7.0
1051125,Welmbüttel,3.98,14.75
1051126,Wennbüttel,3.41,22.74
1051127,"Wesselburen, Stadt",1.66,14.47
1051128,Wesselburener Deichhausen,4.92,11.26
1051129,Wesselburenerkoog,5.98,20.06
1051130,Wesseln,3.41,4.7
1051131,Westerborstel,2.94,19.49
1051132,Westerdeichstrich,6.26,18.76
1051133,Wiemerstedt,6.75,14.96
1051134,Windbergen,8.99,26.61
1051135,Wolmersdorf,5.14,21.35
1051136,Wrohm,7.92,23.98
1051137,Nordermeldorf,6.41,15.96
1051138,Tensbüttel-Röst,6.86,18.79
1051139,Süderdorf,6.39,22.09
1051140,Oesterwurth,5.24,12.3
1051141,Süderheistedt,6.1,11.2
1053001,Albsfelde,5.95,13.53
1053002,Alt-Mölln,4.57,17.78
1053003,Aumühle,3.12,11.64
1053004,Bäk,4.64,6.33
1053005,Bälau,4.78,20.63
1053006,Basedow,7.41,18.45
1053007,Basthorst,8.87,25.37
1053008,Behlendorf,8.09,18.51
1053009,Berkenthin,1.73,18.06
1053010,Besenthal,4.48,27.4
1053011,Bliestorf,5.32,18.48
1053012,Börnsen,2.89,8.89
1053013,Borstorf,7.03,24.92
1053014,Breitenfelde,2.39,19.81
1053015,Bröthen,5.12,24.39
1053016,Brunsmark,5.04,15.26
1053017,Brunstorf,4.83,13.8
1053018,Buchholz,8.79,15.9
1053019,Buchhorst,4.05,12.28
1053020,Büchen,2.5,26.85
1053021,Dahmker,5.25,25.61
1053022,Dalldorf,7.39,20.56
1053023,Dassendorf,2.94,12.8
1053024,Düchelsdorf,4.0,23.65
1053025,Duvensee,5.34,23.88
1053026,Einhaus,5.03,12.78
1053027,Elmenhorst,7.31,24.05
1053028,Escheburg,7.0,12.22
1053029,Fitzen,6.11,30.59
1053030,Fredeburg,5.89,11.81
1053031,Fuhlenhagen,11.82,25.75
1053032,"Geesthacht, Stadt",2.81,6.03
1053033,Giesensdorf,6.8,14.14
1053034,Göldenitz,2.9,20.23
1053035,Göttin,7.48,31.34
1053036,Grabau,5.08,21.06
1053037,Grambek,10.43,24.13
1053038,Grinau,8.4,22.6
1053039,Groß Boden,7.9,17.09
1053040,Groß Disnack,10.21,19.09
1053041,Groß Grönau,1.74,7.1
1053042,Groß Pampau,9.71,26.7
1053043,Groß Sarau,6.15,13.9
1053044,Groß Schenkenberg,10.67,16.89
1053045,Grove,6.36,23.13
1053046,Gudow,4.45,24.95
1053047,Gülzow,1.36,11.48
1053048,Güster,11.72,32.24
1053049,Hamfelde,4.09,24.99
1053050,Hamwarde,4.67,7.51
1053051,Harmsdorf,4.36,11.89
1053052,Havekost,9.25,24.37
1053053,Hohenhorn,3.88,10.4
1053054,Hollenbek,6.18,17.51
1053056,Hornbek,7.9,26.93
1053057,Horst,7.46,15.47
1053058,Juliusburg,5.72,15.73
1053059,Kankelau,13.06,28.49
1053060,Kasseburg,5.7,19.39
1053061,Kastorf,1.57,21.7
1053062,Kittlitz,9.14,16.48
1053064,Klein Pampau,7.4,29.27
1053066,Klein Zecher,10.16,22.57
1053067,Klempau,4.91,18.11
1053068,Klinkrade,5.93,25.32
1053069,Koberg,7.33,29.08
1053070,Köthel,7.85,29.62
1053071,Kollow,4.97,11.66
1053072,Kröppelshagen-Fahrendorf,4.32,10.44
1053073,Krüzen,5.32,17.92
1053074,Krukow,3.93,11.34
1053075,Krummesse,2.42,16.16
1053076,Kuddewörde,4.18,19.09
1053077,Kühsen,4.66,19.54
1053078,Kulpin,6.05,13.92
1053079,Labenz,5.82,26.69
1053080,Langenlehsten,8.36,23.42
1053081,Lankau,7.73,17.11
1053082,Lanze,7.54,14.4
1053083,"Lauenburg/ Elbe, Stadt",2.93,14.17
1053084,Lehmrade,7.08,21.16
1053085,Linau,10.33,28.84
1053086,Lüchow,6.2,31.55
1053087,Lütau,4.96,16.4
1053088,Mechow,3.94,5.8
1053089,Möhnsen,9.95,21.63
1053090,"Mölln, Stadt",3.37,16.64
1053091,Mühlenrade,6.65,28.02
1053092,Müssen,7.55,25.41
1053093,Mustin,7.14,10.02
1053094,Niendorf bei Berkenthin,5.54,22.37
1053095,Niendorf/ Stecknitz,5.15,23.64
1053096,Nusse,1.83,23.01
1053097,Panten,5.87,22.2
1053098,Pogeez,8.03,15.65
1053099,Poggensee,3.6,24.5
1053100,"Ratzeburg, Stadt",1.92,6.69
1053101,Ritzerau,1.7,24.02
1053102,Römnitz,6.98,10.26
1053103,Rondeshagen,4.28,21.4
1053104,Roseburg,8.0,29.94
1053105,"Sachsenwald (Forstgutsbez.),gemfr.Geb.",-9999.0,16.57
1053106,Sahms,6.79,23.48
1053107,Salem,8.84,12.11
1053108,Sandesneben,2.02,28.51
1053109,Schiphorst,6.76,25.29
1053110,Schmilau,4.93,6.13
1053111,Schnakenbek,6.28,14.69
1053112,Schönberg,7.09,22.39
1053113,Schretstaken,9.14,26.19
1053114,Schürensöhlen,8.13,17.76
1053115,Schulendorf,5.93,21.92
1053116,"Schwarzenbek, Stadt",2.63,18.89
1053117,Seedorf,8.23,15.96
1053118,Siebenbäumen,3.56,19.53
1053119,Siebeneichen,4.5,30.08
1053120,Sierksrade,3.61,21.98
1053121,Sirksfelde,5.29,28.72
1053122,Steinhorst,9.04,22.85
1053123,Sterley,3.14,12.2
1053124,Stubben,7.65,19.09
1053125,Talkau,6.88,23.77
1053126,Tramm,8.48,27.03
1053127,Walksfelde,6.09,25.75
1053128,Wangelau,7.66,19.76
1053129,Wentorf bei Hamburg,1.9,4.44
1053130,Wentorf (Amt Sandesneben),4.07,27.28
1053131,Wiershop,4.1,8.01
1053132,Witzeeze,5.17,22.54
1053133,Wohltorf,2.05,8.4
1053134,Woltersdorf,5.34,25.13
1053135,Worth,6.33,8.98
1053136,Ziethen,3.98,5.9
1054001,Achtrup,3.8,20.66
1054002,Ahrenshöft,11.27,13.5
1054003,Ahrenviöl,6.02,18.24
1054004,Ahrenviölfeld,10.75,24.23
1054005,Alkersum,4.12,10.53
1054006,Almdorf,8.99,17.23
1054007,Arlewatt,8.04,10.76
1054009,Aventoft,7.66,18.6
1054010,Bargum,7.2,17.17
1054011,Behrendorf,4.77,20.09
1054012,Bohmstedt,11.38,18.15
1054013,Bondelum,8.37,24.13
1054014,Bordelum,6.76,23.85
1054015,Borgsum,4.9,12.95
1054016,Bosbüll,7.96,7.35
1054017,Braderup,5.52,9.31
1054018,Bramstedtlund,10.86,23.96
1054019,"Bredstedt, Stadt",2.09,22.43
1054020,Breklum,5.32,20.78
1054022,Dagebüll,13.73,18.33
1054023,Drage,8.46,25.28
1054024,Drelsdorf,9.55,22.93
1054025,Dunsum,3.07,15.97
1054026,Elisabeth-Sophien-Koog,6.54,18.7
1054027,Ellhöft,6.79,16.17
1054032,Fresendelf,9.2,30.64
1054033,"Friedrichstadt, Stadt",2.17,18.92
1054034,Friedrich-Wilhelm-Lübke-Koog,7.58,19.98
1054035,"Garding, Kirchspiel",4.12,31.26
1054036,"Garding, Stadt",1.86,30.49
1054037,Goldebek,3.84,24.49
1054038,Goldelund,6.37,26.66
1054039,Gröde,7.82,144.93
1054040,Grothusenkoog,7.88,29.94
1054041,Haselund,5.2,19.75
1054042,Hattstedt,2.72,9.05
1054043,Hattstedtermarsch,6.8,15.21
1054045,Högel,9.71,29.72
1054046,Hörnum (Sylt),2.28,25.69
1054048,Holm,8.29,8.76
1054050,Hallig Hooge,73.95,70.91
1054052,Horstedt,5.57,8.63
1054054,Hude,4.24,28.23
1054055,Humptrup,4.62,14.14
1054056,"Husum, Stadt",2.56,5.32
1054057,Immenstedt,4.42,13.94
1054059,Joldelund,2.65,27.32
1054061,Kampen (Sylt),2.74,7.91
1054062,Karlum,8.13,13.71
1054063,Katharinenheerd,5.05,26.22
1054065,Klanxbüll,2.59,15.64
1054068,Klixbüll,6.42,6.9
1054070,Koldenbüttel,6.66,16.51
1054071,Kolkerheide,6.9,25.9
1054072,Kotzenbüll,3.89,22.21
1054073,Ladelund,9.25,20.46
1054074,Langeneß,3.58,138.38
1054075,Langenhorn,4.71,19.58
1054076,Leck,3.1,13.33
1054077,Lexgaard,6.13,12.41
1054078,List auf Sylt,3.56,16.66
1054079,Löwenstedt,9.11,24.88
1054080,Lütjenholm,8.75,22.69
1054083,Midlum,5.83,12.66
1054084,Mildstedt,2.38,8.79
1054085,Nebel,2.53,74.97
1054086,Neukirchen,3.06,14.84
1054087,Nieblum,6.82,9.91
1054088,"Niebüll, Stadt",3.81,6.06
1054089,Norddorf auf Amrum,2.3,80.68
1054090,Norderfriedrichskoog,8.98,24.94
1054091,Nordstrand,5.27,20.73
1054092,Norstedt,7.0,21.67
1054093,Ockholm,11.25,22.39
1054094,Oevenum,4.74,11.72
1054095,Oldenswort,4.46,20.53
1054096,Oldersbek,5.68,15.58
1054097,Olderup,6.56,12.02
1054098,Oldsum,6.52,14.56
1054099,Ostenfeld (Husum),2.54,17.82
1054100,Osterhever,9.46,31.43
1054101,Oster-Ohrstedt,4.15,17.08
1054103,Pellworm,6.03,75.19
1054104,Poppenbüll,6.96,35.5
1054105,Ramstedt,1.73,23.27
1054106,Rantrum,2.56,14.0
1054108,Reußenköge,8.84,24.4
1054109,Risum-Lindholm,4.66,8.28
1054110,Rodenäs,6.12,19.43
1054113,Sankt Peter-Ording,2.54,38.08
1054116,Schwabstedt,2.04,24.75
1054118,Schwesing,4.42,9.75
1054119,Seeth,5.26,24.8
1054120,Simonsberg,9.12,12.0
1054121,Sönnebüll,4.64,24.42
1054123,Sollwitt,6.92,22.09
1054124,Sprakebüll,7.01,20.65
1054125,Stadum,8.7,19.79
1054126,Stedesand,6.92,11.6
1054128,Struckum,6.98,16.38
1054129,Süderende,4.36,15.32
1054130,Süderhöft,6.36,30.24
1054131,Süderlügum,2.72,12.6
1054132,Südermarsch,7.3,11.1
1054134,Tating,3.0,35.16
1054135,Tetenbüll,9.19,28.56
1054136,Tinningstedt,8.39,9.42
1054138,"Tönning, Stadt",4.63,23.93
1054140,Tümlauer Koog,4.94,39.06
1054141,Uelvesbüll,8.73,18.54
1054142,Uphusum,7.48,10.56
1054143,Utersum,2.45,17.81
1054144,Viöl,2.23,16.28
1054145,Vollerwiek,6.79,28.94
1054146,Vollstedt,8.07,24.29
1054148,Welt,6.02,27.87
1054149,Wenningstedt-Braderup (Sylt),1.94,4.3
1054150,Westerhever,11.17,40.51
1054152,Wester-Ohrstedt,4.0,16.08
1054154,Westre,8.98,18.66
1054156,Winnert,6.62,21.45
1054157,Wisch,4.54,20.83
1054158,Witsum,4.79,14.41
1054159,Wittbek,6.51,19.21
1054160,Wittdün auf Amrum,1.37,68.1
1054161,Witzwort,7.36,15.32
1054162,Wobbenbüll,4.67,10.5
1054163,Wrixum,4.08,5.52
1054164,"Wyk auf Föhr, Stadt",2.27,3.46
1054165,Galmsbüll,9.26,13.08
1054166,Emmelsbüll-Horsbüll,7.92,15.36
1054167,Enge-Sande,10.61,17.11
1054168,Sylt,3.76,11.25
1055001,Ahrensbök,4.62,20.47
1055002,Altenkrempe,10.45,15.4
1055004,"Bad Schwartau, Stadt",2.24,15.74
1055006,Beschendorf,5.44,14.79
1055007,Bosau,5.52,15.31
1055010,Dahme,2.85,25.88
1055011,Damlos,7.13,8.06
1055012,"Eutin, Stadt",3.5,6.81
1055014,Göhl,6.52,9.33
1055015,Gremersdorf,6.94,10.48
1055016,Grömitz,3.39,17.81
1055017,Großenbrode,3.68,13.37
1055018,Grube,2.38,18.9
1055020,Harmsdorf,5.86,16.01
1055021,"Heiligenhafen, Stadt",3.27,12.87
1055022,Heringsdorf,6.0,16.95
1055023,Kabelhorst,4.64,10.61
1055024,Kasseedorf,9.35,16.14
1055025,Kellenhusen (Ostsee),1.29,22.78
1055027,Lensahn,2.86,11.42
1055028,Malente,5.22,14.71
1055029,Manhagen,7.66,14.63
1055031,Neukirchen,4.79,16.8
1055032,"Neustadt in Holstein, Stadt",3.03,5.33
1055033,"Oldenburg in Holstein, Stadt",3.18,4.65
1055035,Ratekau,3.43,16.1
1055036,Riepsdorf,3.96,15.46
1055037,Schashagen,8.04,13.53
1055038,Schönwalde am Bungsberg,4.31,18.94
1055039,Sierksdorf,3.79,11.44
1055040,Stockelsdorf,5.04,16.28
1055041,Süsel,5.58,11.84
1055042,Timmendorfer Strand,1.97,10.68
1055043,Wangels,6.11,13.19
1055044,Scharbeutz,3.67,16.91
1055046,"Fehmarn, Stadt",5.62,11.02
1056001,Appen,3.67,12.79
1056002,"Barmstedt, Stadt",3.04,14.61
1056003,Bevern,7.7,10.04
1056004,Bilsen,5.42,19.04
1056005,Bönningstedt,2.25,9.11
1056006,Bokel,4.04,21.74
1056008,Bokholt-Hanredder,5.2,10.11
1056009,Borstel-Hohenraden,4.11,9.43
1056010,Brande-Hörnerkirchen,3.51,17.76
1056011,Bullenkuhlen,6.41,9.95
1056013,Ellerbek,3.28,6.6
1056014,Ellerhoop,8.3,10.03
1056015,"Elmshorn, Stadt",2.51,6.07
1056016,Groß Nordende,4.58,12.89
1056017,Groß Offenseth-Aspern,5.53,12.86
1056018,Halstenbek,2.74,8.25
1056019,Haselau,5.55,24.57
1056020,Haseldorf,2.35,26.8
1056021,Hasloh,2.55,13.67
1056022,Heede,5.25,16.38
1056023,Heidgraben,4.78,13.91
1056024,Heist,1.92,21.67
1056025,Helgoland,0.0,134.67
1056026,Hemdingen,8.13,15.88
1056027,Hetlingen,4.61,21.99
1056028,Holm,2.02,17.13
1056029,Klein Nordende,6.08,10.81
1056030,Klein Offenseth-Sparrieshoop,8.43,10.65
1056031,Kölln-Reisiek,4.87,6.05
1056032,Kummerfeld,4.75,8.91
1056033,Seester,7.72,13.22
1056034,Langeln,8.4,21.44
1056035,Lutzhorn,6.53,17.01
1056036,Moorrege,2.81,19.02
1056037,Neuendeich,6.39,19.02
1056038,Osterhorn,3.09,19.83
1056039,"Pinneberg, Stadt",2.22,7.77
1056040,Prisdorf,2.78,9.76
1056041,"Quickborn, Stadt",2.82,16.32
1056042,Raa-Besenbek,5.36,11.28
1056043,Rellingen,2.51,5.46
1056044,"Schenefeld, Stadt",1.89,11.61
1056045,Seestermühe,13.08,19.78
1056046,Seeth-Ekholt,6.79,6.3
1056047,Tangstedt,6.29,9.62
1056048,"Tornesch, Stadt",3.0,11.91
1056049,"Uetersen, Stadt",2.09,16.05
1056050,"Wedel, Stadt",2.88,11.94
1056051,Westerhorn,3.16,20.33
1057001,Ascheberg (Holstein),3.35,19.89
1057002,Barmissen,3.0,13.12
1057003,Barsbek,7.46,24.17
1057004,Behrensdorf (Ostsee),7.22,27.32
1057005,Belau,7.6,25.56
1057006,Bendfeld,6.11,25.12
1057007,Blekendorf,6.05,17.45
1057008,Bönebüttel,6.35,7.89
1057009,Bösdorf,4.84,12.96
1057010,Boksee,7.61,16.31
1057011,Bothkamp,7.64,19.55
1057012,Brodersdorf,4.17,21.01
1057013,Dannau,9.93,21.42
1057015,Dersau,4.33,25.25
1057016,Dobersdorf,6.72,13.06
1057017,Dörnick,5.53,19.58
1057018,Fahren,9.65,20.52
1057020,Fiefbergen,3.5,24.41
1057021,Giekau,7.7,25.49
1057022,Grebin,7.13,19.03
1057023,Großbarkau,5.82,10.26
1057024,Großharrie,5.08,14.11
1057025,Heikendorf,2.54,19.46
1057026,Helmstorf,4.8,23.83
1057027,Högsdorf,9.81,22.68
1057028,Höhndorf,3.08,20.2
1057029,Hohenfelde,10.47,30.39
1057030,Hohwacht (Ostsee),1.8,20.56
1057031,Honigsee,7.92,12.04
1057032,Kalübbe,6.2,26.25
1057033,Kirchbarkau,1.57,14.8
1057034,Kirchnüchel,8.55,18.54
1057035,Klamp,4.83,23.83
1057037,Klein Barkau,4.62,13.25
1057038,Kletkamp,9.71,22.13
1057039,Köhn,10.89,27.8
1057040,Krokau,4.24,26.51
1057041,Krummbek,3.7,23.51
1057042,Kühren,8.13,10.69
1057043,Laboe,2.23,23.45
1057044,Lammershagen,4.15,20.42
1057045,Lebrade,8.5,15.29
1057046,Lehmkuhlen,9.09,9.97
1057047,Löptin,9.38,12.88
1057048,"Lütjenburg, Stadt",1.84,22.23
1057049,Lutterbek,7.22,21.87
1057050,Martensrade,5.6,14.36
1057051,Mönkeberg,1.81,16.97
1057052,Mucheln,7.6,16.08
1057053,Nehmten,7.78,25.83
1057054,Nettelsee,7.42,15.02
1057055,Panker,8.88,29.12
1057056,Passade,4.29,23.03
1057057,"Plön, Stadt",2.33,16.48
1057058,Pohnsdorf,5.37,7.66
1057059,Postfeld,7.64,10.26
1057060,Prasdorf,6.22,23.91
1057062,"Preetz, Stadt",3.21,4.2
1057063,Probsteierhagen,2.84,20.92
1057065,Rantzau,11.22,22.34
1057066,Rastorf,6.08,10.16
1057067,Rathjensdorf,6.41,14.73
1057068,Rendswühren,6.72,14.88
1057069,Ruhwinkel,3.66,20.01
1057070,Schellhorn,4.84,5.82
1057071,Schillsdorf,5.36,17.16
1057072,Schlesen,9.52,13.9
1057073,Schönberg (Holstein),2.46,27.18
1057074,Schönkirchen,3.36,15.39
1057076,Schwartbuck,10.79,30.43
1057077,Selent,1.5,16.76
1057078,Stakendorf,5.56,26.28
1057079,Stein,7.29,25.46
1057080,Stolpe,5.66,19.1
1057081,Stoltenberg,7.82,18.4
1057082,Tröndel,12.84,30.44
1057083,Tasdorf,4.85,7.9
1057084,Wahlstorf,8.62,11.6
1057085,Wankendorf,2.66,22.67
1057086,Warnau,5.72,17.84
1057087,Wendtorf,8.98,25.13
1057088,Wisch,8.94,29.91
1057089,Wittmoldt,7.44,13.68
1057090,Fargau-Pratjau,8.54,18.1
1057091,"Schwentinental, Stadt",2.78,9.43
1058001,Achterwehr,4.43,12.94
1058003,Alt Duvenstedt,3.71,13.22
1058004,Altenhof,5.6,12.92
1058005,Altenholz,2.31,9.4
1058007,Arpsdorf,12.3,17.77
1058008,Ascheffel,10.76,18.62
1058009,Aukrug,3.74,19.81
1058010,Bargstall,7.19,23.02
1058011,Bargstedt,9.51,23.44
1058012,Barkelsby,4.21,6.64
1058013,Beldorf,6.63,22.94
1058014,Bendorf,8.01,18.29
1058015,Beringstedt,5.64,25.01
1058016,Bissee,1.81,21.79
1058018,Blumenthal,8.62,14.2
1058019,Böhnhusen,5.11,21.9
1058021,Bokel,10.01,20.32
1058022,Bordesholm,2.42,19.07
1058023,Borgdorf-Seedorf,4.18,21.03
1058024,Borgstedt,2.99,12.45
1058025,Bornholt,10.96,19.76
1058026,Bovenau,6.88,20.64
1058027,Brammer,7.64,17.61
1058028,Bredenbek,2.82,17.09
1058029,Breiholz,6.96,23.58
1058030,Brekendorf,9.2,18.97
1058031,Brinjahe,2.54,17.18
1058032,Brodersby,5.19,25.49
1058033,Brügge,4.2,21.43
1058034,"Büdelsdorf, Stadt",1.95,8.37
1058035,Bünsdorf,7.74,17.09
1058036,Christiansholm,6.08,25.69
1058037,Dänischenhagen,3.15,12.07
1058038,Dätgen,8.74,17.79
1058039,Damendorf,6.58,16.09
1058040,Damp,4.21,19.6
1058042,Dörphof,3.56,22.31
1058043,"Eckernförde, Stadt",1.88,6.92
1058044,Ehndorf,4.72,13.13
1058045,Eisendorf,5.1,22.41
1058046,Ellerdorf,5.01,22.43
1058047,Elsdorf-Westermühlen,2.69,18.35
1058048,Embühren,5.26,20.01
1058049,Emkendorf,9.38,22.79
1058050,Felde,3.83,16.05
1058051,Felm,5.08,11.75
1058052,Fleckeby,2.11,10.64
1058053,Flintbek,3.15,17.05
1058054,Fockbek,2.95,9.85
1058055,Friedrichsgraben,12.4,28.23
1058056,Friedrichsholm,8.51,23.67
1058057,Gammelby,4.37,6.92
1058058,Gettorf,2.18,12.63
1058059,Gnutz,5.87,20.99
1058061,Gokels,6.22,23.23
1058062,Grauel,6.45,27.81
1058063,Grevenkrug,6.56,13.85
1058064,Groß Buchwald,4.32,20.8
1058065,Groß Vollstedt,1.76,22.26
1058066,Groß Wittensee,2.94,16.32
1058067,Güby,4.08,14.32
1058068,Haale,7.52,22.41
1058069,Haby,6.21,15.75
1058070,Hamdorf,3.03,21.51
1058071,Hamweddel,3.22,17.02
1058072,Hanerau-Hademarschen,1.74,24.88
1058073,Haßmoor,11.12,20.96
1058074,Heinkenborstel,6.15,24.87
1058075,Hörsten,11.86,18.83
1058076,Hoffeld,6.79,19.8
1058077,Hohenwestedt,2.43,25.84
1058078,Hohn,2.51,16.79
1058080,Holtsee,9.4,17.6
1058081,Holzbunge,5.91,15.52
1058082,Holzdorf,6.85,14.45
1058083,Hütten,8.76,15.29
1058084,Hummelfeld,5.83,14.61
1058085,Jahrsdorf,4.68,20.57
1058086,Jevenstedt,3.8,13.64
1058087,Karby,2.08,21.78
1058088,Klein Wittensee,4.96,17.34
1058089,Königshügel,11.6,23.08
1058090,Kosel,5.13,11.2
1058091,Krogaspe,7.3,15.0
1058092,Kronshagen,1.71,6.84
1058093,Krummwisch,4.64,16.04
1058094,Langwedel,9.57,18.92
1058096,Lindau,5.18,18.32
1058097,Lohe-Föhrden,7.13,14.72
1058098,Loop,5.04,17.46
1058099,Loose,6.76,8.81
1058100,Lütjenwestedt,8.6,27.64
1058101,Luhnstedt,7.75,21.88
1058102,Goosefeld,4.23,12.21
1058103,Meezen,9.62,25.58
1058104,Melsdorf,3.69,10.55
1058105,Mielkendorf,3.18,13.44
1058106,Mörel,6.71,25.55
1058107,Molfsee,1.94,12.79
1058108,Mühbrook,5.31,19.67
1058109,Negenharrie,5.79,18.17
1058110,Neudorf-Bornstein,5.38,15.12
1058111,Neu Duvenstedt,4.86,15.51
1058112,Neuwittenbek,6.81,11.2
1058113,Nienborstel,5.4,21.48
1058115,Nindorf,7.67,24.95
1058116,Noer,7.43,17.73
1058117,"Nortorf, Stadt",2.65,20.16
1058118,Nübbel,7.36,15.35
1058119,Oldenbüttel,7.0,28.93
1058120,Oldenhütten,9.0,23.96
1058121,Osdorf,2.46,15.17
1058122,Ostenfeld (Rendsburg),6.7,17.47
1058123,Osterby,6.74,12.89
1058124,Osterrönfeld,3.44,12.46
1058125,Osterstedt,5.44,26.92
1058126,Ottendorf,4.33,10.6
1058127,Owschlag,3.73,19.56
1058128,Padenstedt,7.39,10.8
1058129,Prinzenmoor,5.9,24.91
1058130,Quarnbek,7.66,14.95
1058131,Rade b. Hohenwestedt,9.14,28.06
1058132,Rade b. Rendsburg,7.57,17.57
1058133,Reesdorf,3.57,20.19
1058134,Remmels,4.99,21.72
1058135,"Rendsburg, Stadt",2.33,6.13
1058136,Rickert,4.17,9.84
1058137,Rieseby,2.84,12.17
1058138,Rodenbek,4.72,13.78
1058139,Rumohr,5.14,14.94
1058140,Schacht-Audorf,2.78,13.4
1058141,Schierensee,8.22,18.32
1058142,Schinkel,2.21,16.76
1058143,Schmalstede,4.96,16.46
1058144,Schönbek,6.44,19.56
1058145,Schönhorst,5.95,15.9
1058146,Schülldorf,5.92,15.94
1058147,Schülp b. Nortorf,4.93,20.38
1058148,Schülp b. Rendsburg,4.88,12.02
1058150,Schwedeneck,7.23,16.05
1058151,Seefeld,8.02,23.83
1058152,Sehestedt,10.02,21.14
1058153,Sören,9.13,16.93
1058154,Sophienhamm,4.43,19.82
1058155,Stafstedt,3.76,17.8
1058156,Steenfeld,4.19,27.36
1058157,Strande,5.78,14.23
1058158,Tackesdorf,10.92,32.7
1058159,Tappendorf,5.96,29.01
1058160,Techelsdorf,4.86,22.42
1058161,Thaden,5.0,21.78
1058162,Thumby,5.65,17.47
1058163,Timmaspe,8.53,17.59
1058164,Todenbüttel,1.81,24.98
1058165,Tüttendorf,4.94,11.3
1058166,Waabs,7.74,17.99
1058167,Wapelfeld,4.17,24.5
1058168,Warder,7.53,22.74
1058169,Wasbek,2.75,11.94
1058170,Wattenbek,1.86,19.93
1058171,Westensee,6.43,20.79
1058172,Westerrönfeld,2.76,9.42
1058173,Windeby,4.82,9.62
1058174,Winnemark,6.6,22.47
1058175,Ahlefeld-Bistensee,7.61,18.38
1059001,Alt Bennebek,6.62,23.67
1059002,"Arnis, Stadt",6.31,28.13
1059005,Bergenhusen,10.39,35.61
1059006,Böel,6.88,19.56
1059008,Böklund,2.0,12.86
1059009,Börm,12.37,29.26
1059010,Bollingstedt,8.09,18.8
1059012,Borgwedel,4.27,15.68
1059018,Busdorf,3.47,10.8
1059019,Dannewerk,7.5,16.55
1059020,Dörpstedt,11.76,27.65
1059023,Ellingstedt,11.12,20.5
1059024,Erfde,3.36,28.07
1059026,Fahrdorf,2.03,13.24
1059032,Geltorf,9.55,16.51
1059034,Grödersby,4.88,27.2
1059035,Groß Rheide,7.77,25.46
1059037,Havetoft,8.13,19.47
1059039,Hollingstedt,6.89,22.55
1059041,Hüsby,5.51,14.99
1059042,Idstedt,7.74,12.73
1059043,Jagel,7.71,14.45
1059044,Jübek,2.66,18.23
1059045,"Kappeln, Stadt",3.59,26.47
1059049,Klappholz,6.29,17.83
1059050,Klein Bennebek,6.32,24.0
1059051,Klein Rheide,5.4,21.36
1059053,Kropp,2.66,18.54
1059055,Loit,7.6,15.19
1059056,Lottorf,10.68,17.09
1059057,Lürschau,6.22,12.1
1059058,Meggerdorf,8.11,28.26
1059060,Mohrkirch,6.64,23.09
1059062,Neuberend,3.47,7.94
1059063,Norderbrarup,3.82,20.47
1059065,Nottfeld,4.33,20.21
1059067,Oersberg,8.32,28.77
1059068,Rabenkirchen-Faulück,6.28,27.24
1059070,Rügge,7.69,25.67
1059072,Saustrup,5.66,23.2
1059073,Schaalby,6.47,8.71
1059074,Scheggerott,8.9,26.54
1059075,"Schleswig, Stadt",1.94,5.41
1059076,Schnarup-Thumby,7.2,19.4
1059077,Schuby,3.47,12.08
1059078,Selk,6.04,12.91
1059079,Silberstedt,4.7,20.4
1059080,Steinfeld,8.31,19.52
1059081,Stolk,6.4,15.48
1059082,Struxdorf,6.62,16.73
1059083,Süderbrarup,3.2,21.0
1059084,Süderfahrenstedt,5.0,13.5
1059086,Taarstedt,11.63,14.62
1059087,Tetenhusen,7.44,17.91
1059088,Tielen,5.64,26.16
1059090,Tolk,6.78,11.68
1059092,Treia,7.22,21.68
1059093,Uelsby,5.15,16.73
1059094,Ulsnis,10.93,19.55
1059095,Wagersrott,6.03,23.93
1059096,Wohlde,9.35,33.17
1059097,Twedt,9.21,13.7
1059098,Nübel,5.11,8.25
1059101,Tastrup,4.84,9.56
1059102,Ahneby,4.68,26.49
1059103,Ausacker,5.59,17.99
1059105,Böxlund,8.65,23.09
1059106,Dollerup,5.28,21.79
1059107,Eggebek,6.8,23.14
1059109,Esgrus,8.09,29.09
1059112,Gelting,3.7,36.94
1059113,"Glücksburg (Ostsee), Stadt",3.48,17.86
1059115,Großenwiehe,4.0,19.64
1059116,Großsolt,6.64,18.48
1059118,Grundhof,4.71,20.98
1059120,Harrislee,4.1,8.35
1059121,Hasselberg,6.18,33.51
1059123,Hörup,8.7,24.34
1059124,Holt,6.17,27.07
1059126,Hürup,5.76,13.23
1059127,Husby,3.2,17.78
1059128,Janneby,8.82,22.04
1059129,Jardelund,8.69,20.88
1059131,Jerrishoe,4.51,20.44
1059132,Jörl,10.65,24.15
1059136,Kronsgaard,8.8,37.54
1059137,Langballig,2.76,19.76
1059138,Langstedt,6.8,21.27
1059141,Maasbüll,5.92,14.17
1059142,Maasholm,3.48,35.76
1059143,Medelby,1.66,23.81
1059144,Meyn,4.4,18.95
1059145,Munkbrarup,5.97,17.04
1059147,Nieby,8.22,43.47
1059148,Niesgrau,6.47,32.45
1059149,Nordhackstedt,6.68,24.89
1059151,Osterby,5.26,19.28
1059152,Pommerby,6.54,40.49
1059154,Rabel,5.06,30.41
1059155,Rabenholz,5.76,34.77
1059157,Ringsberg,4.64,16.16
1059158,Schafflund,3.69,21.5
1059159,Sieverstedt,7.3,17.07
1059161,Sörup,3.93,23.4
1059162,Sollerup,9.45,26.82
1059163,Stangheck,8.46,32.98
1059164,Steinberg,5.99,31.59
1059167,Sterup,3.52,28.29
1059168,Stoltebüll,9.06,32.25
1059169,Süderhackstedt,9.7,25.17
1059171,Tarp,2.92,17.22
1059173,Wallsbüll,6.14,17.62
1059174,Wanderup,3.42,15.86
1059176,Wees,3.34,12.01
1059177,Weesby,7.42,25.93
1059178,Westerholz,8.65,25.66
1059179,Lindewitt,8.15,24.26
1059182,Freienwill,2.45,12.95
1059183,Handewitt,4.04,12.09
1059184,Oeversee,4.14,15.07
1059185,Mittelangeln,4.4,21.85
1059186,Steinbergkirche,4.91,27.34
1059187,Boren,6.89,21.11
1059188,Stapel,2.57,29.73
1059189,Brodersby-Goltoft,12.12,14.53
1060002,Alveslohe,6.1,21.49
1060003,Armstedt,5.4,24.52
1060004,"Bad Bramstedt, Stadt",3.0,22.91
1060005,"Bad Segeberg, Stadt",2.06,4.34
1060006,Bahrenhof,15.78,15.87
1060007,Bark,7.86,13.72
1060008,Bebensee,7.02,12.76
1060009,Bimöhlen,3.08,21.86
1060010,Blunk,8.57,11.56
1060011,Boostedt,2.28,10.24
1060012,Bornhöved,2.19,18.61
1060013,Borstel,4.76,26.29
1060014,"Buchholz (Forstgutsbez.),gemfr. Gebiet",-9999.0,17.04
1060015,Bühnsdorf,8.8,12.92
1060016,Daldorf,7.44,14.37
1060017,Damsdorf,5.76,17.64
1060018,Dreggers,6.14,10.3
1060019,Ellerau,3.82,16.95
1060020,Fahrenkrug,5.17,8.14
1060021,Föhrden-Barl,4.84,26.19
1060022,Fredesdorf,4.12,16.58
1060023,Fuhlendorf,4.6,20.09
1060024,Geschendorf,1.71,13.28
1060025,Glasau,5.81,19.58
1060026,Gönnebek,5.28,17.07
1060027,Großenaspe,5.28,16.05
1060028,Groß Kummerfeld,6.06,10.5
1060029,Groß Niendorf,3.4,15.28
1060030,Groß Rönnau,4.33,6.35
1060031,Hagen,7.52,26.24
1060033,Hardebek,8.84,17.8
1060034,Hartenholm,2.27,22.23
1060035,Hasenkrug,4.62,22.18
1060036,Hasenmoor,6.05,21.78
1060037,Heidmoor,6.7,25.37
1060038,Heidmühlen,8.77,18.44
1060039,Henstedt-Ulzburg,2.79,20.88
1060040,Hitzhusen,3.7,24.59
1060041,Högersdorf,4.93,6.79
1060042,Hüttblek,9.36,29.91
1060043,Itzstedt,1.62,19.68
1060044,"Kaltenkirchen, Stadt",2.48,22.99
1060045,Kattendorf,7.43,28.36
1060046,Kayhude,1.88,18.0
1060047,Kisdorf,3.82,25.95
1060048,Klein Gladebrügge,2.53,6.61
1060049,Klein Rönnau,2.19,4.8
1060050,Krems II,8.15,10.84
1060051,Kükels,6.64,12.32
1060052,Latendorf,5.08,13.86
1060053,Leezen,2.17,13.1
1060054,Lentföhrden,6.92,24.13
1060056,Mönkloh,4.59,27.84
1060057,Mözen,6.81,8.97
1060058,Nahe,2.39,22.23
1060059,Negernbötel,8.02,12.18
1060060,Nehms,6.8,14.73
1060061,Neuengörs,8.65,13.57
1060062,Neversdorf,3.74,10.97
1060063,"Norderstedt, Stadt",2.36,10.38
1060064,Nützen,6.24,21.37
1060065,Oering,6.27,21.71
1060066,Oersdorf,4.03,24.61
1060067,Pronstorf,7.09,17.29
1060068,Rickling,7.88,16.56
1060069,Rohlstorf,6.21,9.88
1060070,Schackendorf,6.69,8.45
1060071,Schieren,8.66,12.46
1060072,Schmalensee,5.42,21.28
1060073,Schmalfeld,8.29,23.35
1060074,Schwissel,6.17,9.42
1060075,Seedorf,6.01,20.13
1060076,Seth,2.28,21.65
1060077,Sievershütten,7.64,25.91
1060079,Stipsdorf,5.72,8.72
1060080,Stocksee,1.96,21.09
1060081,Strukdorf,4.33,14.53
1060082,Struvenhütten,6.78,26.41
1060084,Stuvenborn,5.22,22.94
1060085,Sülfeld,3.12,14.87
1060086,Tarbek,4.94,17.62
1060087,Tensfeld,8.06,15.01
1060088,Todesfelde,6.74,16.65
1060089,Trappenkamp,2.56,17.11
1060090,Travenhorst,6.2,18.32
1060091,Traventhal,5.15,9.07
1060092,"Wahlstedt, Stadt",2.42,12.97
1060093,Wakendorf I,12.34,13.63
1060094,Wakendorf II,5.82,23.25
1060095,Weddelbrook,2.12,28.1
1060096,Weede,5.81,11.93
1060097,Wensin,6.04,13.39
1060098,Westerrade,4.06,13.07
1060099,Wiemersdorf,6.52,16.92
1060100,Winsen,4.19,25.69
1060101,Wittenborn,5.77,9.93
1061001,Aasbüttel,6.46,19.5
1061002,Aebtissinwisch,10.68,23.28
1061003,Agethorst,6.14,11.8
1061004,Altenmoor,9.87,15.84
1061005,Auufer,6.89,25.7
1061006,Bahrenfleth,5.2,19.49
1061007,Beidenfleth,5.87,20.06
1061008,Bekdorf,4.02,10.38
1061010,Bekmünde,2.06,9.08
1061011,Besdorf,6.24,15.36
1061012,Blomesche Wildnis,5.09,26.77
1061013,Bokelrehm,4.12,17.2
1061014,Bokhorst,6.14,16.64
1061015,Borsfleth,5.76,25.7
1061016,Breitenberg,9.7,21.66
1061017,Breitenburg,3.22,11.66
1061018,Brokdorf,6.79,21.91
1061019,Brokstedt,2.26,23.19
1061020,Büttel,3.35,21.7
1061021,Christinenthal,3.92,18.44
1061022,Dägeling,5.53,13.57
1061023,Dammfleth,5.39,16.42
1061024,Drage,4.55,12.53
1061025,Ecklak,10.13,25.0
1061026,Elskop,4.21,22.34
1061027,Engelbrechtsche Wildnis,3.48,25.09
1061028,Fitzbek,7.93,23.29
1061029,"Glückstadt, Stadt",3.18,26.77
1061030,Grevenkop,3.52,18.21
1061031,Gribbohm,4.75,19.87
1061033,Hadenfeld,4.38,12.66
1061034,Heiligenstedten,2.75,9.17
1061035,Heiligenstedtenerkamp,2.63,14.12
1061036,Hennstedt,7.78,23.35
1061037,Herzhorn,3.34,21.99
1061038,Hingstheide,4.12,25.85
1061039,Hodorf,6.02,15.27
1061040,Hohenaspe,2.02,10.41
1061041,Hohenfelde,5.23,15.58
1061042,Hohenlockstedt,3.75,15.91
1061043,Holstenniendorf,7.7,18.91
1061044,Horst (Holstein),3.71,13.19
1061045,Huje,8.79,13.54
1061046,"Itzehoe, Stadt",1.98,6.8
1061047,Kaaks,5.19,9.58
1061048,Kaisborstel,4.1,11.55
1061049,"Kellinghusen, Stadt",2.41,22.31
1061050,Kiebitzreihe,7.75,13.4
1061052,Kleve,8.26,14.46
1061053,Kollmoor,9.7,18.11
1061054,Krempdorf,3.42,22.21
1061055,"Krempe, Stadt",1.83,20.36
1061056,Kremperheide,2.08,14.78
1061057,Krempermoor,1.95,16.72
1061058,Kronsmoor,6.49,16.1
1061059,Krummendiek,6.06,13.33
1061060,Kudensee,9.54,25.65
1061061,Lägerdorf,1.64,14.92
1061062,Landrecht,3.46,14.87
1061063,Landscheide,5.26,21.19
1061064,Lockstedt,7.29,20.92
1061065,Lohbarbek,2.81,14.56
1061066,Looft,7.19,16.93
1061067,Mehlbek,8.35,13.43
1061068,Moordiek,10.56,22.8
1061070,Moorhusen,8.76,15.25
1061071,Mühlenbarbek,5.31,17.03
1061072,Münsterdorf,2.46,11.25
1061073,Neuenbrook,6.22,15.56
1061074,Neuendorf b. Elmshorn,9.41,16.12
1061076,Nienbüttel,5.62,13.09
1061077,Nortorf,6.96,20.43
1061078,Nutteln,7.26,19.19
1061079,Oelixdorf,5.32,11.36
1061080,Oeschebüttel,7.56,26.4
1061081,Oldenborstel,4.38,18.54
1061082,Oldendorf,6.03,11.63
1061083,Ottenbüttel,4.93,8.18
1061084,Peissen,8.37,17.21
1061085,Pöschendorf,2.68,15.16
1061086,Poyenberg,10.66,23.35
1061087,Puls,6.17,20.42
1061088,Quarnstedt,5.46,27.57
1061089,Rade,7.44,24.62
1061091,Reher,7.42,21.56
1061092,Rethwisch,3.45,14.39
1061093,Rosdorf,4.61,23.35
1061095,Sankt Margarethen,1.99,21.27
1061096,Sarlhusen,6.76,21.98
1061097,Schenefeld,1.92,16.01
1061098,Schlotfeld,4.7,11.88
1061100,Silzen,7.41,19.54
1061101,Sommerland,6.68,18.53
1061102,Stördorf,3.71,12.8
1061103,Störkathen,7.4,28.71
1061104,Süderau,5.03,17.96
1061105,Vaale,6.01,19.4
1061106,Vaalermoor,10.25,22.82
1061107,Wacken,2.4,15.02
1061108,Warringholz,4.36,18.76
1061109,Westermoor,9.52,20.38
1061110,Wewelsfleth,3.07,23.96
1061111,Wiedenborstel,4.34,19.78
1061112,Willenscharen,4.77,19.28
1061113,"Wilster, Stadt",1.64,14.64
1061114,Winseldorf,4.39,13.55
1061115,Wittenbergen,6.18,23.7
1061116,Wrist,2.73,24.65
1061117,Wulfsmoor,5.87,26.19
1061118,Kollmar,8.91,20.23
1061119,Neuendorf-Sachsenbande,8.01,20.25
1062001,"Ahrensburg, Stadt",2.96,15.31
1062003,Badendorf,7.05,16.46
1062004,"Bad Oldesloe, Stadt",3.8,6.58
1062005,Bargfeld-Stegen,2.91,18.04
1062006,"Bargteheide, Stadt",2.36,17.86
1062008,Barnitz,4.4,12.52
1062009,Barsbüttel,4.12,11.68
1062011,Braak,3.65,13.26
1062014,Delingsdorf,4.41,20.57
1062016,Elmenhorst,3.06,13.66
1062018,"Glinde, Stadt",2.58,9.16
1062019,Grabau,5.24,10.09
1062020,Grande,4.56,19.07
1062021,Grönwohld,6.68,23.52
1062022,Großensee,2.26,20.71
1062023,Großhansdorf,2.06,18.86
1062025,Hamberge,6.02,12.99
1062026,Hamfelde,4.72,26.07
1062027,Hammoor,7.16,16.66
1062031,Heidekamp,3.31,17.38
1062032,Heilshoop,4.52,21.18
1062033,Hohenfelde,9.51,31.61
1062035,Hoisdorf,3.33,20.75
1062036,Jersbek,5.34,19.3
1062039,Klein Wesenberg,8.75,18.58
1062040,Köthel,9.18,30.83
1062045,Lütjensee,3.25,22.13
1062046,Meddewade,5.28,11.02
1062048,Mönkhagen,7.24,16.72
1062050,Neritz,4.22,10.3
1062051,Nienwohld,4.66,16.84
1062053,Oststeinbek,2.52,9.06
1062056,Pölitz,7.98,13.74
1062058,Rausdorf,5.64,20.73
1062059,Rehhorst,6.78,19.71
1062060,"Reinbek, Stadt",2.59,6.21
1062061,"Reinfeld (Holstein), Stadt",2.36,13.73
1062062,Rethwisch,3.45,12.93
1062065,Rümpel,7.98,10.64
1062069,Siek,5.63,17.48
1062071,Stapelfeld,2.02,9.97
1062076,Tangstedt,4.47,15.23
1062078,Todendorf,5.98,17.24
1062081,Tremsbüttel,2.64,14.09
1062082,Trittau,2.44,23.96
1062083,Westerau,6.62,16.64
1062086,Witzhave,8.4,15.48
1062087,Zarpen,1.46,19.96
1062088,Brunsbek,7.63,17.88
1062089,Lasbek,6.29,14.46
1062090,Ammersbek,4.57,16.75
1062091,Steinburg,4.52,18.08
1062092,Travenbrück,7.54,8.72
1062093,Feldhorst,7.32,12.18
1062094,Wesenberg,5.96,16.28
2000000,"Hamburg, Freie und Hansestadt",2.07,8.57
3101000,"Braunschweig, Stadt",2.2,8.49
3102000,"Salzgitter, Stadt",2.5,7.36
3103000,"Wolfsburg, Stadt",2.35,11.97
3151001,Adenbüttel,5.73,21.1
3151002,Barwedel,4.12,19.28
3151003,Bergfeld,3.95,26.07
3151004,Bokensdorf,4.44,18.41
3151005,"Brome, Flecken",2.74,22.8
3151006,Calberlah,3.26,15.94
3151007,Dedelstorf,7.27,20.26
3151008,Ehra-Lessien,2.58,19.09
3151009,"Gifhorn, Stadt",2.49,7.17
3151010,Groß Oesingen,3.88,20.78
3151011,Hankensbüttel,2.35,13.26
3151012,Hillerse,1.81,18.89
3151013,Isenbüttel,2.64,11.19
3151014,Jembke,1.77,17.89
3151015,Leiferde,3.62,14.67
3151016,Meine,4.06,16.01
3151017,Meinersen,5.5,16.31
3151018,Müden (Aller),5.57,18.28
3151019,Obernholz,4.49,15.19
3151020,Osloß,1.89,11.59
3151021,Parsau,2.67,26.75
3151022,Ribbesbüttel,5.24,11.76
3151023,Rötgesbüttel,2.13,11.77
3151024,Rühen,1.69,20.65
3151025,Sassenburg,2.89,10.09
3151026,Schönewörde,3.94,17.5
3151027,Schwülper,3.62,15.25
3151028,Sprakensehl,10.42,22.48
3151029,Steinhorst,2.69,26.05
3151030,Tappenbeck,4.62,14.12
3151031,Tiddische,5.04,21.29
3151032,Tülau,7.39,26.54
3151033,Ummern,6.5,16.18
3151034,Vordorf,4.27,16.86
3151035,Wagenhoff,6.89,11.09
3151036,Wahrenholz,3.77,18.73
3151037,Wasbüttel,4.55,15.89
3151038,Wesendorf,2.31,13.68
3151039,Weyhausen,2.46,13.77
3151040,"Wittingen, Stadt",4.29,8.93
3151041,Didderse,5.98,20.21
3151501,"Giebel, gemfr. Gebiet",-9999.0,26.13
3153002,"Bad Harzburg, Stadt",3.03,6.83
3153008,Liebenburg,2.83,11.02
3153012,"Seesen, Stadt",3.55,10.76
3153016,"Braunlage, Stadt",2.23,21.81
3153017,"Goslar, Stadt",2.3,8.87
3153018,"Clausthal-Zellerfeld, Berg- und Universitätsstadt",3.03,7.82
3153019,"Langelsheim, Stadt",3.6,12.76
3153504,"Harz (Landkreis Goslar), gemfr. Gebiet",-9999.0,12.08
3154001,Bahrdorf,5.16,22.69
3154002,Beierstedt,5.72,29.02
3154004,Danndorf,4.05,17.61
3154005,Frellstedt,1.46,9.19
3154006,Gevensleben,8.84,28.4
3154007,Grafhorst,4.76,20.75
3154008,Grasleben,1.88,12.81
3154009,Groß Twülpstedt,6.15,19.59
3154012,Jerxheim,1.83,25.88
3154013,"Königslutter am Elm, Stadt",4.94,15.25
3154014,Lehre,3.32,16.11
3154015,Mariental,5.44,8.62
3154016,Querenhorst,6.75,15.56
3154017,Räbke,4.58,12.23
3154018,Rennau,7.31,11.21
3154019,"Schöningen, Stadt",2.18,15.72
3154021,Süpplingen,1.32,8.05
3154022,Süpplingenburg,3.7,9.33
3154024,Velpke,2.1,21.93
3154025,Warberg,4.97,13.04
3154026,Wolsdorf,4.67,10.69
3154027,Söllingen,4.65,21.31
3154028,"Helmstedt, Stadt",2.15,6.42
3154501,"Brunsleberfeld, gemfr. Gebiet",-9999.0,-9999.0
3154502,"Helmstedt, gemfr. Gebiet",-9999.0,6.42
3154503,"Königslutter, gemfr. Gebiet",-9999.0,-9999.0
3154504,"Mariental, gemfr. Gebiet",-9999.0,11.83
3154506,"Schöningen, gemfr. Gebiet",-9999.0,17.95
3155001,"Bad Gandersheim, Stadt",4.66,20.98
3155002,"Bodenfelde, Flecken",3.84,29.09
3155003,"Dassel, Stadt",3.56,18.21
3155005,"Hardegsen, Stadt",5.15,20.48
3155006,Kalefeld,4.31,15.83
3155007,Katlenburg-Lindau,1.91,18.1
3155009,"Moringen, Stadt",4.29,15.05
3155010,"Nörten-Hardenberg, Flecken",3.88,14.72
3155011,"Northeim, Stadt",4.37,8.55
3155012,"Uslar, Stadt",3.9,30.04
3155013,"Einbeck, Stadt",4.53,11.48
3155501,"Solling (Landkreis Northeim), gemfr. Geb.",-9999.0,27.0
3157001,Edemissen,4.3,19.43
3157002,Hohenhameln,3.9,15.31
3157005,Lengede,2.13,10.69
3157006,"Peine, Stadt",2.56,8.66
3157007,Vechelde,3.64,13.68
3157008,Wendeburg,2.92,16.03
3157009,Ilsede,2.25,10.55
3158002,Baddeckenstedt,3.23,14.21
3158004,Burgdorf,5.06,12.68
3158005,Cramme,4.03,14.66
3158006,Cremlingen,3.96,12.33
3158007,Dahlum,5.96,19.36
3158008,Denkte,3.15,11.45
3158009,Dettum,7.77,14.36
3158010,Dorstadt,6.16,14.13
3158011,Elbe,4.43,13.53
3158012,Erkerode,6.21,16.08
3158013,Evessen,7.45,16.83
3158014,Flöthe,2.01,13.13
3158016,Haverlah,5.88,8.85
3158017,Hedeper,6.25,22.31
3158018,Heere,3.82,12.04
3158019,Heiningen,4.12,17.14
3158021,Kissenbrück,1.7,14.02
3158022,Kneitlingen,4.7,19.03
3158023,Ohrum,4.34,11.55
3158025,Roklum,6.62,22.55
3158027,"Schöppenstedt, Stadt",2.06,20.66
3158028,Sehlde,1.06,12.87
3158030,Sickte,2.55,10.42
3158031,Uehrde,7.11,24.83
3158032,Vahlberg,5.3,20.85
3158033,Veltheim (Ohe),4.96,13.03
3158035,Winnigstedt,7.38,25.29
3158036,Wittmar,4.88,13.61
3158037,"Wolfenbüttel, Stadt",2.51,7.59
3158038,Börßum,2.76,19.84
3158039,Schladen-Werla,2.45,19.37
3158040,Remlingen-Semmenstedt,3.05,17.84
3158501,"Am Großen Rhode, gemfr. Gebiet",-9999.0,18.05
3158502,"Barnstorf-Warle, gemfr. Gebiet",-9999.0,-9999.0
3158503,"Voigtsdahlum, gemfr. Gebiet",-9999.0,-9999.0
3159001,"Adelebsen, Flecken",4.72,20.53
3159002,Bad Grund (Harz),2.3,17.39
3159003,"Bad Lauterberg im Harz, Stadt",3.07,7.71
3159004,"Bad Sachsa, Stadt",3.58,14.81
3159005,Bilshausen,2.42,20.4
3159006,Bodensee,4.69,19.05
3159007,"Bovenden, Flecken",2.9,13.46
3159008,Bühren,6.04,20.51
3159009,"Dransfeld, Stadt",2.76,18.93
3159010,"Duderstadt, Stadt",4.19,6.47
3159011,Ebergötzen,3.34,15.57
3159012,Elbingerode,7.12,11.67
3159013,Friedland,3.36,16.14
3159014,"Gieboldehausen, Flecken",2.98,13.72
3159015,Gleichen,3.19,15.46
3159016,"Göttingen, Stadt",1.94,7.19
3159017,"Hann. Münden, Stadt",3.55,9.27
3159018,Hattorf am Harz,2.87,16.16
3159019,"Herzberg am Harz, Stadt",3.34,9.73
3159020,Hörden am Harz,6.52,9.03
3159021,Jühnde,2.48,19.35
3159022,Krebeck,2.57,19.55
3159023,Landolfshausen,5.97,15.4
3159024,Niemetal,4.87,22.46
3159025,Obernfeld,6.5,6.42
3159026,"Osterode am Harz, Stadt",3.22,14.08
3159027,Rhumspringe,1.82,13.31
3159028,Rollshausen,6.54,11.16
3159029,Rosdorf,3.2,13.58
3159030,Rüdershausen,4.78,14.13
3159031,Scheden,2.19,16.95
3159032,Seeburg,2.14,13.3
3159033,Seulingen,1.87,9.58
3159034,Staufenberg,3.15,15.1
3159035,Waake,2.04,11.58
3159036,Walkenried,3.38,21.49
3159037,Wollbrandshausen,5.41,15.58
3159038,Wollershausen,5.38,16.15
3159039,Wulften am Harz,1.29,21.56
3159501,"Harz (Landkreis Göttingen), gemfr. Geb.",-9999.0,15.86
3241001,"Hannover, Landeshauptstadt",1.83,6.33
3241002,"Barsinghausen, Stadt",2.8,17.9
3241003,"Burgdorf, Stadt",2.77,14.91
3241004,"Burgwedel, Stadt",2.49,7.62
3241005,"Garbsen, Stadt",2.42,15.57
3241006,"Gehrden, Stadt",3.97,7.2
3241007,"Hemmingen, Stadt",3.06,10.1
3241008,Isernhagen,2.81,9.54
3241009,"Laatzen, Stadt",2.04,6.91
3241010,"Langenhagen, Stadt",2.69,7.88
3241011,"Lehrte, Stadt",2.46,9.4
3241012,"Neustadt am Rübenberge, Stadt",4.61,15.55
3241013,"Pattensen, Stadt",3.04,14.56
3241014,"Ronnenberg, Stadt",3.02,10.08
3241015,"Seelze, Stadt",2.7,15.65
3241016,"Sehnde, Stadt",3.12,12.21
3241017,"Springe, Stadt",2.62,19.45
3241018,Uetze,3.74,22.88
3241019,Wedemark,3.52,16.93
3241020,Wennigsen (Deister),2.62,11.45
3241021,"Wunstorf, Stadt",2.42,16.82
3251001,Affinghausen,8.68,14.97
3251002,Asendorf,6.08,24.89
3251003,Bahrenborstel,6.78,18.02
3251004,"Barenburg, Flecken",2.62,10.58
3251005,"Barnstorf, Flecken",3.53,18.22
3251006,Barver,5.63,17.34
3251007,"Bassum, Stadt",7.48,9.73
3251008,Borstel,6.96,16.1
3251009,Brockum,5.54,19.17
3251011,Dickel,5.89,13.13
3251012,"Diepholz, Stadt",4.45,6.68
3251013,Drebber,8.03,11.41
3251014,Drentwede,5.61,19.55
3251015,Ehrenburg,10.67,15.16
3251017,Eydelstedt,7.88,20.78
3251018,Freistatt,1.62,15.9
3251019,Hemsloh,5.38,14.6
3251020,Hüde,7.44,16.28
3251021,Kirchdorf,4.0,14.22
3251022,Lembruch,10.4,13.28
3251023,"Lemförde, Flecken",1.9,20.56
3251024,Maasen,6.37,9.73
3251025,Marl,4.28,18.29
3251026,Martfeld,3.64,22.91
3251027,Mellinghausen,9.11,15.08
3251028,Neuenkirchen,10.27,14.27
3251029,Quernheim,2.95,19.93
3251030,Rehden,3.28,10.97
3251031,Scholen,7.02,11.23
3251032,Schwaförden,3.1,9.88
3251033,Schwarme,3.68,23.07
3251034,"Siedenburg, Flecken",2.22,15.46
3251035,Staffhorst,7.68,21.95
3251036,Stemshorn,3.32,18.8
3251037,Stuhr,3.31,13.33
3251038,Sudwalde,9.29,15.05
3251040,"Sulingen, Stadt",5.06,6.98
3251041,"Syke, Stadt",4.61,17.99
3251042,"Twistringen, Stadt",4.52,14.77
3251043,Varrel,3.72,14.72
3251044,Wagenfeld,4.7,16.61
3251045,Wehrbleck,4.18,13.39
3251046,Wetschen,3.22,8.52
3251047,Weyhe,3.32,13.61
3251049,"Bruchhausen-Vilsen, Flecken",6.84,21.31
3252001,"Aerzen, Flecken",4.92,15.7
3252002,"Bad Münder am Deister, Stadt",3.25,21.96
3252003,"Bad Pyrmont, Stadt",3.06,7.21
3252004,"Coppenbrügge, Flecken",3.58,17.51
3252005,Emmerthal,4.39,13.64
3252006,"Hameln, Stadt",2.82,7.53
3252007,"Hessisch Oldendorf, Stadt",4.04,9.27
3252008,"Salzhemmendorf, Flecken",2.85,18.16
3254002,"Alfeld (Leine), Stadt",3.69,7.49
3254003,Algermissen,3.16,17.21
3254005,"Bad Salzdetfurth, Stadt",3.29,16.81
3254008,"Bockenem, Stadt",4.5,21.74
3254011,Diekholzen,2.68,10.88
3254013,"Eime, Flecken",2.52,7.86
3254014,"Elze, Stadt",4.12,10.82
3254017,Giesen,2.47,11.98
3254020,Harsum,2.23,11.57
3254021,"Hildesheim, Stadt",2.32,6.56
3254022,Holle,4.75,17.19
3254026,Nordstemmen,2.54,14.4
3254028,"Sarstedt, Stadt",3.28,15.69
3254029,Schellerten,2.74,13.8
3254032,Söhlde,2.34,16.71
3254041,"Duingen, Flecken",4.55,15.6
3254042,Freden (Leine),4.68,18.3
3254043,"Gronau (Leine), Stadt",4.4,6.78
3254044,Lamspringe,4.63,21.66
3254045,Sibbesse,4.75,13.93
3255001,Arholzen,3.07,12.34
3255002,"Bevern, Flecken",2.8,10.49
3255003,"Bodenwerder, Münchhausenstadt",2.57,23.94
3255004,Boffzen,2.81,9.25
3255005,Brevörde,5.11,18.21
3255007,Deensen,1.75,15.19
3255008,"Delligsen, Flecken",2.97,15.02
3255009,Derental,8.09,19.72
3255010,Dielmissen,7.73,26.7
3255012,Eimen,12.61,16.83
3255013,"Eschershausen, Stadt",2.15,21.85
3255014,Fürstenberg,1.15,12.64
3255015,Golmbach,4.42,15.51
3255016,Halle,7.98,26.03
3255017,Hehlen,2.57,23.3
3255018,Heinade,5.17,20.83
3255019,Heinsen,4.53,13.29
3255020,Heyen,5.04,21.67
3255021,Holenberg,6.22,18.24
3255022,Holzen,4.09,21.47
3255023,"Holzminden, Stadt",2.66,7.78
3255025,Kirchbrak,8.94,30.54
3255026,"Lauenförde, Flecken",3.34,20.94
3255027,Lenne,5.42,22.18
3255028,Lüerdissen,4.61,23.81
3255030,Negenborn,1.24,13.0
3255031,"Ottenstein, Flecken",3.65,19.03
3255032,Pegestorf,5.98,27.64
3255033,"Polle, Flecken",2.45,16.51
3255034,"Stadtoldendorf, Stadt",2.08,18.53
3255035,Vahlbruch,8.1,17.26
3255036,Wangelnstedt,6.46,22.03
3255501,"Boffzen, gemfr. Gebiet",-9999.0,11.52
3255502,"Eimen, gemfr. Gebiet",-9999.0,-9999.0
3255503,"Eschershausen, gemfr. Gebiet",-9999.0,22.38
3255504,"Grünenplan, gemfr. Gebiet",-9999.0,19.23
3255505,"Holzminden, gemfr. Gebiet",-9999.0,7.89
3255506,"Merxhausen, gemfr. Gebiet",-9999.0,25.01
3255508,"Wenzen, gemfr. Gebiet",-9999.0,-9999.0
3256001,Balge,8.22,19.05
3256002,Binnen,5.45,15.72
3256003,"Bücken, Flecken",6.78,29.48
3256004,"Diepenau, Flecken",12.64,17.92
3256005,"Drakenburg, Flecken",3.16,13.01
3256006,Estorf,6.61,10.63
3256007,Eystrup,2.71,24.09
3256008,Gandesbergen,5.04,22.22
3256009,Hämelhausen,5.16,25.7
3256010,Hassel (Weser),5.99,22.11
3256011,Haßbergen,2.23,18.67
3256012,Heemsen,3.22,19.56
3256013,Hilgermissen,6.73,19.96
3256014,"Hoya, Stadt",2.07,24.08
3256015,Hoyerhagen,6.94,28.52
3256016,Husum,4.06,12.52
3256017,Landesbergen,4.09,14.95
3256018,Leese,2.22,7.69
3256019,"Liebenau, Flecken",4.22,17.38
3256020,Linsburg,6.27,13.78
3256021,Marklohe,3.25,13.44
3256022,"Nienburg (Weser), Stadt",3.02,6.76
3256023,Pennigsehl,10.23,19.95
3256024,Raddestorf,9.58,13.36
3256025,"Rehburg-Loccum, Stadt",3.26,19.53
3256026,Rodewald,4.8,27.85
3256027,Rohrsen,2.79,15.02
3256028,Schweringen,10.62,26.41
3256029,Steimbke,6.96,22.04
3256030,"Steyerberg, Flecken",7.1,13.96
3256031,Stöckse,6.7,17.43
3256032,Stolzenau,6.39,6.53
3256033,"Uchte, Flecken",6.15,18.63
3256034,Warmsen,7.03,21.72
3256035,Warpe,7.64,25.37
3256036,Wietzen,4.67,21.04
3257001,Ahnsen,3.08,3.4
3257002,Apelern,3.88,22.0
3257003,Auetal,4.89,12.13
3257004,Auhagen,3.79,25.73
3257005,Bad Eilsen,1.22,5.34
3257006,"Bad Nenndorf, Stadt",2.66,25.14
3257007,Beckedorf,1.72,22.93
3257008,Buchholz,4.62,8.71
3257009,"Bückeburg, Stadt",2.91,9.54
3257010,"Hagenburg, Flecken",1.74,20.27
3257011,Haste,2.36,24.03
3257012,Heeßen,2.18,7.32
3257013,Helpsen,3.12,9.38
3257014,Hespe,4.27,13.35
3257015,Heuerßen,4.47,21.42
3257016,Hohnhorst,5.04,26.85
3257017,Hülsede,5.14,22.91
3257018,"Lauenau, Flecken",2.45,22.47
3257019,Lauenhagen,6.74,24.17
3257020,Lindhorst,2.37,24.82
3257021,Lüdersfeld,4.97,21.86
3257022,Luhden,3.13,8.71
3257023,Meerbeck,3.48,15.74
3257024,Messenkamp,2.99,23.0
3257025,Niedernwöhren,3.46,18.8
3257026,Nienstädt,1.98,10.55
3257027,Nordsehl,5.05,20.58
3257028,"Obernkirchen, Stadt",2.36,6.34
3257029,Pohle,3.67,19.86
3257030,Pollhagen,7.71,23.97
3257031,"Rinteln, Stadt",4.18,16.78
3257032,"Rodenberg, Stadt",2.54,23.58
3257033,"Sachsenhagen, Stadt",1.94,26.69
3257034,Seggebruch,3.39,8.96
3257035,"Stadthagen, Stadt",4.16,17.1
3257036,Suthfeld,3.8,25.9
3257037,"Wiedensahl, Flecken",2.38,21.96
3257038,Wölpinghausen,4.86,23.42
3351001,Adelheidsdorf,8.45,16.42
3351002,Ahnsbeck,1.51,21.14
3351003,Beedenbostel,1.23,17.17
3351004,"Bergen, Stadt",4.09,22.24
3351005,Bröckel,2.49,21.5
3351006,"Celle, Stadt",2.61,8.12
3351007,Eicklingen,2.52,17.69
3351008,Eldingen,3.84,25.76
3351010,Faßberg,3.18,31.5
3351012,Hambühren,2.85,15.75
3351015,Hohne,2.97,22.04
3351016,Lachendorf,3.24,18.54
3351017,Langlingen,9.21,24.76
3351018,Nienhagen,2.67,15.83
3351021,Wathlingen,2.21,18.02
3351022,"Wienhausen, Klostergemeinde",4.51,17.97
3351023,Wietze,3.49,23.61
3351024,Winsen (Aller),6.61,21.08
3351025,Eschede,4.58,20.43
3351026,Südheide,3.91,31.41
3351501,"Lohheide, gemfr. Bezirk",4.94,25.09
3352002,Armstorf,12.98,42.7
3352004,Belum,6.54,13.45
3352008,Bülkau,6.42,20.21
3352011,"Cuxhaven, Stadt",3.56,9.46
3352020,Hechthausen,4.24,25.33
3352022,"Hemmoor, Stadt",4.76,30.28
3352024,Hollnseth,8.34,41.65
3352025,Ihlienworth,8.4,15.54
3352029,Lamstedt,4.2,35.51
3352032,Loxstedt,4.53,13.33
3352036,Mittelstenahe,8.73,36.46
3352038,Neuenkirchen,3.14,8.09
3352039,"Neuhaus (Oste), Flecken",2.72,16.42
3352041,Nordleda,4.57,12.51
3352042,Oberndorf,5.3,30.93
3352043,Odisheim,12.2,22.83
3352044,Osten,6.66,35.07
3352045,Osterbruch,7.91,12.98
3352046,"Otterndorf, Stadt",3.37,4.62
3352050,Schiffdorf,2.79,14.16
3352051,Steinau,11.01,22.98
3352052,Stinstedt,13.62,31.03
3352055,Wanna,6.06,17.82
3352056,Wingst,5.57,24.8
3352059,Beverstedt,5.4,26.41
3352060,Hagen im Bremischen,7.39,21.15
3352061,Wurster Nordseeküste,4.22,18.61
3352062,"Geestland, Stadt",6.58,17.54
3352063,Cadenberge,4.03,20.57
3353001,Appel,5.21,16.84
3353002,Asendorf,4.05,17.79
3353003,Bendestorf,2.03,11.01
3353004,Brackel,6.43,15.96
3353005,"Buchholz in der Nordheide, Stadt",3.7,7.83
3353006,Dohren,4.12,19.15
3353007,Drage,9.2,14.6
3353008,Drestedt,6.7,13.1
3353009,Egestorf,4.87,23.94
3353010,Eyendorf,4.39,22.29
3353011,Garlstorf,6.52,19.43
3353012,Garstedt,3.87,12.56
3353013,Gödenstorf,5.01,22.3
3353014,Halvesbostel,6.46,20.96
3353015,Handeloh,4.75,17.93
3353016,Hanstedt,3.58,19.9
3353017,Harmstorf,4.22,13.16
3353018,Heidenau,2.56,23.04
3353019,Hollenstedt,3.13,17.08
3353020,Jesteburg,3.55,12.74
3353021,Kakenstorf,4.92,13.69
3353022,Königsmoor,9.39,26.48
3353023,Marschacht,3.02,14.42
3353024,Marxen,2.32,19.7
3353025,Moisburg,6.46,12.98
3353026,Neu Wulmstorf,3.23,13.84
3353027,Otter,8.22,22.7
3353028,Regesbostel,6.13,19.97
3353029,Rosengarten,3.58,10.42
3353030,Salzhausen,3.34,20.4
3353031,Seevetal,3.58,14.52
3353032,Stelle,3.0,12.8
3353033,Tespe,3.37,21.95
3353034,Toppenstedt,6.74,15.25
3353035,Tostedt,3.52,18.47
3353036,Undeloh,8.45,20.63
3353037,Vierhöfen,6.24,16.24
3353038,Welle,5.95,19.57
3353039,Wenzendorf,6.54,14.38
3353040,"Winsen (Luhe), Stadt",4.26,7.91
3353041,Wistedt,5.46,22.52
3353042,Wulfsen,2.07,11.37
3354001,"Bergen an der Dumme, Flecken",3.1,17.72
3354002,"Clenze, Flecken",4.8,23.88
3354003,Damnatz,10.42,13.64
3354004,"Dannenberg (Elbe), Stadt",4.24,6.83
3354005,"Gartow, Flecken",2.5,30.89
3354006,Göhrde,7.92,14.17
3354007,Gorleben,7.51,23.66
3354008,Gusborn,9.34,12.87
3354009,"Hitzacker (Elbe), Stadt",4.38,14.96
3354010,Höhbeck,6.63,32.08
3354011,Jameln,10.05,10.08
3354012,Karwitz,9.59,9.2
3354013,Küsten,8.12,15.11
3354014,Langendorf,11.8,16.64
3354015,Lemgow,3.4,20.71
3354016,Luckau (Wendland),7.38,23.3
3354017,Lübbow,5.42,12.22
3354018,"Lüchow (Wendland), Stadt",4.35,17.02
3354019,Neu Darchau,3.8,25.83
3354020,Prezelle,11.29,30.23
3354021,"Schnackenburg, Stadt",8.61,31.6
3354022,Schnega,5.32,24.77
3354023,Trebel,12.89,26.18
3354024,Waddeweitz,10.81,21.46
3354025,Woltersdorf,4.82,21.11
3354026,"Wustrow (Wendland), Stadt",2.89,17.14
3354027,Zernien,13.35,15.84
3354501,"Gartow, gemfr. Gebiet",-9999.0,33.36
3354502,"Göhrde, gemfr. Gebiet",-9999.0,20.58
3355001,Adendorf,2.46,12.67
3355002,Amelinghausen,1.93,22.54
3355003,"Artlenburg, Flecken",1.46,22.44
3355004,"Bardowick, Flecken",2.67,14.54
3355005,Barendorf,1.68,14.58
3355006,Barnstedt,5.47,16.49
3355007,Barum,7.55,21.4
3355008,Betzendorf,8.15,18.04
3355009,"Bleckede, Stadt",7.16,30.3
3355010,Boitze,5.89,28.57
3355011,Brietlingen,6.53,18.26
3355012,Dahlem,5.35,31.11
3355013,"Dahlenburg, Flecken",4.5,27.97
3355014,Deutsch Evern,2.26,11.37
3355015,Echem,7.35,22.17
3355016,Embsen,2.68,12.37
3355017,Handorf,2.0,15.8
3355018,Hittbergen,7.59,23.42
3355019,Hohnstorf (Elbe),2.77,18.62
3355020,Kirchgellersen,1.64,12.75
3355021,Lüdersburg,9.02,25.63
3355022,"Lüneburg, Hansestadt",2.43,7.03
3355023,Mechtersen,4.39,13.34
3355024,Melbeck,2.84,12.8
3355025,Nahrendorf,3.92,22.89
3355026,Neetze,3.78,24.48
3355027,Oldendorf (Luhe),5.48,20.37
3355028,Radbruch,9.83,13.47
3355029,Rehlingen,5.55,25.32
3355030,Reinstorf,5.22,18.32
3355031,Reppenstedt,2.26,7.76
3355032,Rullstorf,5.19,20.23
3355033,Scharnebeck,2.04,17.02
3355034,Soderstorf,7.98,25.06
3355035,Südergellersen,3.89,12.33
3355036,Thomasburg,7.44,24.19
3355037,Tosterglope,5.12,26.61
3355038,Vastorf,6.46,18.35
3355039,Vögelsen,2.0,10.44
3355040,Wendisch Evern,3.9,11.89
3355041,Westergellersen,2.55,16.58
3355042,Wittorf,4.12,17.35
3355049,Amt Neuhaus,4.76,28.2
3356001,Axstedt,4.24,23.79
3356002,Grasberg,5.41,14.74
3356003,Hambergen,2.8,13.18
3356004,Holste,9.91,25.33
3356005,Lilienthal,4.78,8.43
3356006,Lübberstedt,3.56,19.46
3356007,"Osterholz-Scharmbeck, Stadt",5.74,8.98
3356008,Ritterhude,3.02,10.83
3356009,Schwanewede,4.55,14.59
3356010,Vollersode,4.3,20.65
3356011,Worpswede,4.32,18.51
3357001,Ahausen,9.59,15.52
3357002,Alfstedt,4.91,44.09
3357003,Anderlingen,11.86,42.63
3357004,Basdahl,9.34,34.22
3357005,Bötersen,8.85,14.58
3357006,Bothel,2.05,13.0
3357007,Breddorf,7.72,32.25
3357008,"Bremervörde, Stadt",7.37,34.88
3357009,Brockel,1.87,12.06
3357010,Bülstedt,6.18,26.16
3357011,Deinstedt,8.89,40.61
3357012,Ebersdorf,2.73,40.94
3357013,Elsdorf,8.4,25.62
3357014,Farven,9.7,34.62
3357015,Fintel,2.49,23.57
3357016,Gnarrenburg,6.23,32.87
3357017,Groß Meckelsen,5.71,30.68
3357018,Gyhum,5.11,21.32
3357019,Hamersen,4.76,24.46
3357020,Hassendorf,4.68,17.36
3357021,Heeslingen,6.04,34.58
3357022,Hellwege,9.26,21.77
3357023,Helvesiek,6.67,20.48
3357024,Hemsbünde,5.79,8.39
3357025,Hemslingen,6.1,16.72
3357026,Hepstedt,8.3,26.31
3357027,Hipstedt,11.62,36.75
3357028,Horstedt,12.47,23.74
3357029,Kalbe,7.01,28.8
3357030,Kirchtimke,9.78,28.72
3357031,Kirchwalsede,2.54,17.27
3357032,Klein Meckelsen,9.81,34.71
3357033,Lauenbrück,4.12,21.92
3357034,Lengenbostel,4.8,25.54
3357035,Oerel,4.1,39.93
3357036,Ostereistedt,6.56,37.34
3357037,Reeßum,7.75,23.18
3357038,Rhade,2.17,38.47
3357039,"Rotenburg (Wümme), Stadt",5.73,9.47
3357040,Sandbostel,8.11,43.87
3357041,Scheeßel,6.46,14.99
3357042,Seedorf,5.54,36.81
3357043,Selsingen,3.02,41.56
3357044,Sittensen,2.52,26.69
3357045,Sottrum,3.92,20.3
3357046,Stemmen,5.88,21.44
3357047,Tarmstedt,2.98,20.63
3357048,Tiste,5.36,27.21
3357049,Vahlde,5.58,22.83
3357050,Vierden,9.01,27.83
3357051,"Visselhövede, Stadt",5.52,18.03
3357052,Vorwerk,4.88,24.17
3357053,Westertimke,6.77,25.38
3357054,Westerwalsede,5.12,18.79
3357055,Wilstedt,1.08,20.04
3357056,Wohnste,10.15,24.42
3357057,"Zeven, Stadt",3.34,29.63
3358001,"Ahlden (Aller), Flecken",2.99,18.53
3358002,Bispingen,5.02,18.82
3358003,Böhme,6.25,15.2
3358005,Buchholz (Aller),5.83,20.0
3358006,Eickeloh,1.48,17.51
3358007,Essel,5.45,19.38
3358008,"Bad Fallingbostel, Stadt",3.48,13.71
3358009,Frankenfeld,7.82,22.91
3358010,Gilten,8.66,26.3
3358011,Grethem,5.56,19.76
3358012,Hademstorf,3.87,20.05
3358013,Häuslingen,6.67,16.9
3358014,Hodenhagen,2.76,14.12
3358015,Lindwedel,8.9,21.23
3358016,"Munster, Stadt",3.26,22.19
3358017,Neuenkirchen,4.87,16.3
3358018,"Rethem (Aller), Stadt",2.82,19.89
3358019,"Schneverdingen, Stadt",5.59,21.24
3358020,Schwarmstedt,2.22,24.65
3358021,"Soltau, Stadt",5.61,8.23
3358023,Wietzendorf,3.45,15.65
3358024,"Walsrode, Stadt",5.14,9.44
3358501,"Osterheide, gemfr. Bezirk",9.11,14.97
3359001,Agathenburg,5.98,13.41
3359002,Ahlerstedt,5.42,24.56
3359003,Apensen,2.08,9.92
3359004,Balje,12.22,25.89
3359005,Bargstedt,2.63,24.68
3359006,Beckdorf,2.47,11.93
3359007,Bliedersdorf,4.97,13.75
3359008,Brest,9.42,32.52
3359009,Burweg,4.96,20.41
3359010,"Buxtehude, Hansestadt",3.52,6.63
3359011,Deinste,6.72,16.92
3359012,Dollern,2.6,15.37
3359013,Drochtersen,6.48,24.54
3359014,Düdenbüttel,5.65,10.74
3359015,Engelschoff,9.37,21.56
3359016,Estorf,8.16,25.67
3359017,Fredenbeck,4.3,16.66
3359018,"Freiburg (Elbe), Flecken",3.03,37.71
3359019,Großenwörden,10.33,29.06
3359020,Grünendeich,2.51,21.22
3359021,Guderhandviertel,3.54,16.2
3359022,Hammah,3.49,11.9
3359023,"Harsefeld, Flecken",3.93,21.31
3359024,Heinbockel,10.35,14.61
3359025,Himmelpforten,3.54,17.15
3359026,Hollern-Twielenfleth,4.01,15.6
3359027,"Horneburg, Flecken",2.59,14.04
3359028,Jork,3.58,16.3
3359029,Kranenburg,5.94,26.06
3359030,Krummendeich,8.11,32.38
3359031,Kutenholz,3.29,23.38
3359032,Mittelnkirchen,2.78,16.95
3359033,Neuenkirchen,5.04,14.97
3359034,Nottensdorf,2.24,10.6
3359035,Oederquart,8.91,36.66
3359036,Oldendorf,3.37,21.5
3359037,Sauensiek,6.06,17.66
3359038,"Stade, Hansestadt",2.86,9.18
3359039,Steinkirchen,2.89,19.73
3359040,Wischhafen,4.68,32.06
3360001,Altenmedingen,8.19,26.04
3360002,"Bad Bevensen, Stadt",2.96,18.72
3360003,Barum,7.54,14.95
3360004,Bienenbüttel,4.7,20.51
3360005,"Bad Bodenteich, Flecken",2.76,16.92
3360006,"Ebstorf,Klosterflecken",1.96,14.73
3360007,Eimke,7.65,22.08
3360008,Emmendorf,8.01,13.47
3360009,Gerdau,2.67,14.71
3360010,Hanstedt,5.2,19.08
3360011,Himbergen,3.28,25.82
3360012,Jelmstorf,6.08,19.12
3360013,Lüder,5.87,14.57
3360014,Natendorf,7.84,20.34
3360015,Oetzen,7.11,17.04
3360016,Rätzlingen,6.14,14.73
3360017,Römstedt,5.86,21.9
3360018,Rosche,4.28,21.9
3360019,Schwienau,4.03,13.66
3360020,Soltendieck,8.18,22.52
3360022,Stoetze,7.83,21.6
3360023,Suderburg,3.81,19.47
3360024,Suhlendorf,4.57,22.59
3360025,"Uelzen, Hansestadt",3.64,9.26
3360026,Weste,6.42,19.74
3360029,Wriedel,3.57,25.41
3360030,Wrestedt,4.6,17.87
3361001,"Achim, Stadt",2.71,8.61
3361002,Blender,4.13,13.12
3361003,Dörverden,6.65,16.83
3361004,Emtinghausen,3.08,23.78
3361005,Kirchlinteln,7.17,16.76
3361006,"Langwedel, Flecken",4.97,16.43
3361008,"Ottersberg, Flecken",5.35,20.36
3361009,Oyten,5.07,13.59
3361010,Riede,2.91,19.88
3361012,"Verden (Aller), Stadt",4.8,7.89
3361013,Thedinghausen,3.34,16.94
3401000,"Delmenhorst, Stadt",2.89,9.49
3402000,"Emden, Stadt",4.16,9.66
3403000,"Oldenburg (Oldenburg), Stadt",2.34,7.45
3404000,"Osnabrück, Stadt",2.42,8.88
3405000,"Wilhelmshaven, Stadt",2.77,8.04
3451001,Apen,4.72,17.42
3451002,Bad Zwischenahn,4.83,15.41
3451004,Edewecht,5.15,18.78
3451005,Rastede,5.65,16.16
3451007,"Westerstede, Stadt",6.47,9.84
3451008,Wiefelstede,5.44,15.68
3452001,"Aurich, Stadt",5.08,10.43
3452002,Baltrum,0.0,22.43
3452003,Berumbur,4.64,13.82
3452006,Großefehn,4.27,17.82
3452007,Großheide,6.65,19.63
3452008,"Hage, Flecken",2.53,10.2
3452009,Hagermarsch,9.01,14.93
3452010,Halbemond,6.7,13.27
3452011,Hinte,5.33,10.73
3452012,Ihlow,5.08,15.09
3452013,"Juist, Inselgemeinde",1.5,7.24
3452014,Krummhörn,5.88,20.59
3452015,Leezdorf,7.19,15.96
3452016,Lütetsburg,4.59,6.75
3452017,"Marienhafe, Flecken",2.85,14.13
3452019,"Norden, Stadt",5.25,9.19
3452020,"Norderney, Stadt",4.82,5.01
3452021,Osteel,5.99,11.99
3452022,Rechtsupweg,6.38,19.19
3452023,Südbrookmerland,5.06,17.22
3452024,Upgant-Schott,4.17,16.28
3452025,"Wiesmoor, Stadt",5.93,24.87
3452026,Wirdum,10.46,17.09
3452027,Dornum,4.19,23.91
3452501,"Nordseeinsel Memmert, gemfr. Gebiet",-9999.0,-9999.0
3453001,Barßel,4.39,19.61
3453002,Bösel,5.51,14.19
3453003,Cappeln (Oldenburg),5.23,11.38
3453004,"Cloppenburg, Stadt",4.0,5.76
3453005,Emstek,5.57,13.24
3453006,Essen (Oldenburg),5.86,12.03
3453007,"Friesoythe, Stadt",4.88,9.39
3453008,Garrel,6.22,15.2
3453009,Lastrup,5.05,11.81
3453010,Lindern (Oldenburg),4.08,13.72
3453011,"Löningen, Stadt",5.19,6.57
3453012,Molbergen,3.43,13.33
3453013,Saterland,4.39,20.12
3454001,Andervenne,6.2,11.46
3454002,Bawinkel,3.81,13.21
3454003,Beesten,3.26,16.4
3454004,Bockhorst,7.83,20.23
3454005,Börger,2.6,11.37
3454006,Breddenberg,6.75,16.62
3454007,Dersum,6.68,20.75
3454008,Dörpen,2.19,16.78
3454009,Dohren,8.11,13.66
3454010,Emsbüren,6.1,19.36
3454011,Esterwegen,3.02,19.43
3454012,"Freren, Stadt",4.07,11.49
3454013,Fresenburg,6.1,21.63
3454014,Geeste,5.4,13.65
3454015,Gersten,8.28,15.63
3454016,Groß Berßen,5.07,12.75
3454017,Handrup,7.88,16.76
3454018,"Haren (Ems), Stadt",3.64,19.79
3454019,"Haselünne, Stadt",5.96,8.31
3454020,Heede,3.14,16.23
3454021,Herzlake,4.81,11.95
3454022,Hilkenbrook,9.31,18.14
3454023,Hüven,7.74,12.11
3454024,Klein Berßen,2.13,12.38
3454025,Kluse,3.63,19.21
3454026,Lähden,3.62,13.38
3454027,Lahn,8.38,13.44
3454028,Langen,6.04,11.37
3454029,Lathen,3.68,17.9
3454030,Lehe,5.92,12.42
3454031,Lengerich,4.69,15.62
3454032,"Lingen (Ems), Stadt",3.56,8.91
3454033,Lorup,3.22,20.77
3454034,Lünne,3.78,17.32
3454035,"Meppen, Stadt",5.57,8.33
3454036,Messingen,5.93,10.62
3454037,Neubörger,8.24,18.43
3454038,Neulehe,8.09,13.84
3454039,Niederlangen,6.63,24.46
3454040,Oberlangen,6.58,24.26
3454041,"Papenburg, Stadt",3.04,7.17
3454042,Rastdorf,8.05,20.23
3454043,Renkenberge,6.66,18.33
3454044,Rhede (Ems),6.13,16.42
3454045,Salzbergen,4.94,13.09
3454046,Schapen,3.37,21.45
3454047,Sögel,3.32,4.64
3454048,Spahnharrenstätte,7.27,8.99
3454049,Spelle,3.77,16.02
3454050,Stavern,7.59,13.32
3454051,Surwold,2.84,17.15
3454052,Sustrum,9.1,27.36
3454053,Thuine,2.92,3.62
3454054,Twist,3.46,18.64
3454055,Vrees,2.57,22.1
3454056,Walchum,6.26,25.4
3454057,"Werlte, Stadt",3.72,14.94
3454058,Werpeloh,4.72,4.73
3454059,Wettrup,9.66,14.51
3454060,Wippingen,9.24,16.09
3455007,"Jever, Stadt",4.12,13.5
3455014,Sande,4.77,13.91
3455015,"Schortens, Stadt",3.52,14.87
3455020,Wangerland,4.92,19.31
3455021,"Wangerooge, Nordseebad",1.16,24.7
3455025,Bockhorn,4.36,14.5
3455026,"Varel, Stadt",4.56,8.09
3455027,Zetel,4.62,18.62
3456001,"Bad Bentheim, Stadt",4.47,16.19
3456002,Emlichheim,3.92,26.48
3456003,Engden,9.6,17.72
3456004,Esche,5.98,16.37
3456005,Georgsdorf,9.86,15.83
3456006,Getelo,9.64,22.36
3456007,Gölenkamp,6.2,16.92
3456008,Halle,6.38,13.22
3456009,Hoogstede,4.47,21.01
3456010,Isterberg,9.27,16.2
3456011,Itterbeck,7.4,24.04
3456012,Laar,9.0,30.63
3456013,Lage,5.95,9.76
3456014,"Neuenhaus, Stadt",3.12,12.22
3456015,"Nordhorn, Stadt",3.89,7.43
3456016,Ohne,10.59,19.3
3456017,Osterwald,7.28,16.56
3456018,Quendorf,4.68,17.81
3456019,Ringe,6.43,24.85
3456020,Samern,6.73,18.74
3456023,Uelsen,2.66,15.77
3456024,Wielen,9.02,26.78
3456025,Wietmarschen,4.31,14.24
3456026,Wilsum,7.33,22.16
3456027,"Schüttorf, Stadt",3.04,16.9
3457002,"Borkum, Stadt",4.44,6.63
3457003,Brinkum,4.65,11.69
3457006,"Detern, Flecken",5.77,19.69
3457008,Filsum,4.97,18.33
3457009,Firrel,8.43,22.9
3457010,Hesel,4.72,18.2
3457011,Holtland,3.27,14.74
3457012,Jemgum,4.81,17.65
3457013,"Leer (Ostfriesland), Stadt",3.33,6.22
3457014,Moormerland,3.56,15.41
3457015,Neukamperfehn,7.11,21.51
3457016,Nortmoor,5.22,12.29
3457017,Ostrhauderfehn,4.01,23.34
3457018,Rhauderfehn,5.05,18.67
3457019,Schwerinsdorf,7.06,21.41
3457020,Uplengen,5.75,17.2
3457021,"Weener, Stadt",4.51,7.61
3457022,Westoverledingen,4.27,12.23
3457024,Bunde,8.05,15.36
3457501,"Insel Lütje Hörn, gemfr. Gebiet",-9999.0,-9999.0
3458001,Beckeln,6.84,16.75
3458002,Colnrade,11.22,13.72
3458003,Dötlingen,6.28,13.09
3458004,Dünsen,6.05,15.27
3458005,Ganderkesee,4.2,8.88
3458006,Groß Ippener,8.98,14.73
3458007,Großenkneten,4.64,16.69
3458008,"Harpstedt, Flecken",2.49,14.65
3458009,Hatten,4.66,15.64
3458010,Hude (Oldb),5.6,15.5
3458011,Kirchseelte,8.22,15.88
3458012,Prinzhöfte,6.45,12.26
3458013,Wardenburg,6.0,13.54
3458014,"Wildeshausen, Stadt",5.19,6.42
3458015,Winkelsett,8.9,12.38
3459001,Alfhausen,4.2,11.09
3459002,Ankum,3.75,5.4
3459003,Bad Essen,5.04,16.95
3459004,"Bad Iburg, Stadt",3.97,14.33
3459005,Bad Laer,4.22,13.5
3459006,Bad Rothenfelde,4.79,6.32
3459007,Badbergen,5.41,11.12
3459008,Belm,3.62,11.34
3459009,Berge,5.29,17.86
3459010,"Bersenbrück, Stadt",3.52,8.53
3459011,Bippen,8.48,16.44
3459012,Bissendorf,4.29,13.59
3459013,Bohmte,4.11,12.01
3459014,"Bramsche, Stadt",5.54,8.96
3459015,"Dissen am Teutoburger Wald, Stadt",3.84,7.53
3459016,Eggermühlen,4.81,9.68
3459017,"Fürstenau, Stadt",5.79,16.82
3459018,Gehrde,7.41,14.25
3459019,"Georgsmarienhütte, Stadt",3.22,6.88
3459020,Hagen am Teutoburger Wald,3.6,11.41
3459021,Hasbergen,2.66,13.03
3459022,Hilter am Teutoburger Wald,4.12,11.72
3459023,Kettenkamp,5.51,11.7
3459024,"Melle, Stadt",4.29,10.46
3459025,Menslage,5.2,10.67
3459026,Merzen,6.62,13.68
3459027,Neuenkirchen,5.14,15.99
3459028,Nortrup,4.14,11.24
3459029,Ostercappeln,5.06,9.73
3459030,"Quakenbrück, Stadt",2.98,6.34
3459031,Rieste,3.66,14.76
3459032,Voltlage,4.92,20.79
3459033,Wallenhorst,3.02,11.42
3459034,Glandorf,5.37,20.52
3460001,Bakum,6.72,13.75
3460002,"Damme, Stadt",5.42,7.11
3460003,"Dinklage, Stadt",5.56,15.09
3460004,Goldenstedt,4.03,13.36
3460005,Holdorf,5.11,12.68
3460006,"Lohne (Oldenburg), Stadt",4.64,6.96
3460007,Neuenkirchen-Vörden,4.97,13.47
3460008,Steinfeld (Oldenburg),4.02,11.71
3460009,"Vechta, Stadt",3.33,7.6
3460010,Visbek,4.69,13.14
3461001,Berne,5.38,18.09
3461002,"Brake (Unterweser), Stadt",2.82,5.98
3461003,Butjadingen,5.93,21.85
3461004,"Elsfleth, Stadt",4.68,16.0
3461005,Jade,6.79,14.66
3461006,Lemwerder,4.56,15.41
3461007,"Nordenham, Stadt",3.46,9.03
3461008,Ovelgönne,6.28,14.35
3461009,Stadland,4.96,12.07
3462001,Blomberg,4.49,23.08
3462002,Dunum,7.9,18.79
3462003,"Esens, Stadt",3.35,21.98
3462004,Eversmeer,7.76,18.73
3462005,Friedeburg,6.41,19.55
3462006,Holtgast,6.14,22.18
3462007,Langeoog,1.79,29.44
3462008,Moorweg,7.39,23.46
3462009,Nenndorf,4.36,22.14
3462010,Neuharlingersiel,4.5,23.11
3462011,Neuschoo,5.69,21.15
3462012,Ochtersum,8.33,25.19
3462013,Schweindorf,4.38,22.03
3462014,Spiekeroog,1.72,22.87
3462015,Stedesdorf,3.71,17.16
3462016,Utarp,5.63,23.71
3462017,Werdum,3.27,19.1
3462018,Westerholt,4.62,18.41
3462019,"Wittmund, Stadt",4.81,11.36
4011000,"Bremen, Stadt",2.22,7.46
4012000,"Bremerhaven, Stadt",2.09,7.2
5111000,"Düsseldorf, Stadt",1.97,6.69
5112000,"Duisburg, Stadt",1.99,5.94
5113000,"Essen, Stadt",2.11,6.41
5114000,"Krefeld, Stadt",2.32,9.28
5116000,"Mönchengladbach, Stadt",2.33,7.32
5117000,"Mülheim an der Ruhr, Stadt",2.44,7.35
5119000,"Oberhausen, Stadt",2.13,5.4
5120000,"Remscheid, Stadt",2.66,6.62
5122000,"Solingen, Klingenstadt",2.57,7.37
5124000,"Wuppertal, Stadt",2.64,7.68
5154004,Bedburg-Hau,4.24,8.06
5154008,"Emmerich am Rhein, Stadt",3.6,8.03
5154012,"Geldern, Stadt",3.86,8.33
5154016,"Goch, Stadt",4.79,10.23
5154020,Issum,3.88,12.92
5154024,"Kalkar, Stadt",5.43,15.69
5154028,Kerken,3.85,12.0
5154032,"Kevelaer, Stadt",3.94,8.08
5154036,"Kleve, Stadt",3.26,8.15
5154040,Kranenburg,7.43,16.32
5154044,"Rees, Stadt",3.85,19.81
5154048,Rheurdt,2.81,12.15
5154052,"Straelen, Stadt",4.26,14.93
5154056,Uedem,4.92,12.91
5154060,Wachtendonk,4.75,12.32
5154064,Weeze,5.18,9.78
5158004,"Erkrath, Fundort des Neanderthalers, Stadt",2.26,11.96
5158008,"Haan, Stadt",2.98,11.23
5158012,"Heiligenhaus, Stadt",3.69,9.74
5158016,"Hilden, Stadt",2.36,9.8
5158020,"Langenfeld (Rheinland), Stadt",2.25,7.7
5158024,"Mettmann, Stadt",3.64,6.54
5158026,"Monheim am Rhein, Stadt",2.31,11.73
5158028,"Ratingen, Stadt",2.76,7.74
5158032,"Velbert, Stadt",3.29,7.85
5158036,"Wülfrath, Stadt",4.77,11.38
5162004,"Dormagen, Stadt",2.4,9.23
5162008,"Grevenbroich, Stadt",2.3,8.2
5162012,"Jüchen, Stadt",2.24,11.6
5162016,"Kaarst, Stadt",2.51,9.93
5162020,"Korschenbroich, Stadt",3.01,11.46
5162022,"Meerbusch, Stadt",2.74,7.47
5162024,"Neuss, Stadt",2.19,7.21
5162028,Rommerskirchen,3.24,12.85
5166004,"Brüggen, Burggemeinde",3.39,19.5
5166008,"Grefrath, Sport- und Freizeitgemeinde",3.55,9.66
5166012,"Kempen, Stadt",3.85,8.08
5166016,"Nettetal, Stadt",2.91,15.83
5166020,Niederkrüchten,3.23,19.23
5166024,Schwalmtal,3.34,14.63
5166028,"Tönisvorst, Stadt",3.37,11.3
5166032,"Viersen, Stadt",3.29,8.46
5166036,"Willich, Stadt",3.08,11.63
5170004,Alpen,4.69,11.43
5170008,"Dinslaken, Stadt",2.88,6.99
5170012,"Hamminkeln, Stadt",4.66,16.32
5170016,Hünxe,4.64,12.24
5170020,"Kamp-Lintfort, Stadt",4.89,8.34
5170024,"Moers, Stadt",2.66,6.76
5170028,"Neukirchen-Vluyn, Stadt",3.68,10.58
5170032,"Rheinberg, Stadt",4.06,14.02
5170036,Schermbeck,5.92,13.75
5170040,Sonsbeck,4.93,11.85
5170044,"Voerde (Niederrhein), Stadt",2.8,10.68
5170048,"Wesel, Stadt",3.48,8.92
5170052,"Xanten, Stadt",3.85,9.78
5314000,"Bonn, Stadt",1.64,6.35
5315000,"Köln, Stadt",1.89,7.21
5316000,"Leverkusen, Stadt",2.07,8.69
5334002,"Aachen, Stadt",2.38,8.76
5334004,"Alsdorf, Stadt",2.33,13.97
5334008,"Baesweiler, Stadt",2.81,11.49
5334012,"Eschweiler, Stadt",2.7,6.43
5334016,"Herzogenrath, Stadt",2.33,15.07
5334020,"Monschau, Stadt",3.96,14.03
5334024,"Roetgen, Tor zur Eifel",3.06,15.12
5334028,Simmerath,6.12,8.17
5334032,"Stolberg (Rhld.), Kupferstadt",2.83,8.85
5334036,"Würselen, Stadt",2.08,8.98
5358004,Aldenhoven,4.12,11.41
5358008,"Düren, Stadt",2.0,7.2
5358012,"Heimbach, Stadt",4.75,21.49
5358016,Hürtgenwald,3.38,17.22
5358020,Inden,2.42,10.9
5358024,"Jülich, Stadt",2.95,6.58
5358028,Kreuzau,4.8,16.79
5358032,Langerwehe,3.04,11.89
5358036,"Linnich, Stadt",4.57,5.39
5358040,Merzenich,2.03,8.47
5358044,"Nideggen, Stadt",2.96,20.53
5358048,Niederzier,3.23,10.8
5358052,Nörvenich,4.39,13.21
5358056,Titz,2.86,12.9
5358060,Vettweiß,4.18,16.1
5362004,"Bedburg, Stadt",2.25,7.51
5362008,"Bergheim, Stadt",2.49,8.92
5362012,"Brühl, Stadt",2.31,6.11
5362016,"Elsdorf, Stadt",3.3,11.09
5362020,"Erftstadt, Stadt",2.03,8.23
5362024,"Frechen, Stadt",2.18,7.14
5362028,"Hürth, Stadt",1.84,6.25
5362032,"Kerpen, Kolpingstadt",2.4,13.01
5362036,"Pulheim, Stadt",2.33,14.15
5362040,"Wesseling, Stadt",2.3,13.75
5366004,"Bad Münstereifel, Stadt",8.31,17.86
5366008,Blankenheim,8.04,21.86
5366012,Dahlem,6.0,21.64
5366016,"Euskirchen, Stadt",3.05,7.67
5366020,Hellenthal,5.97,15.58
5366024,Kall,5.98,12.84
5366028,"Mechernich, Stadt",5.19,8.1
5366032,Nettersheim,3.98,16.33
5366036,"Schleiden, Stadt",4.44,8.14
5366040,Weilerswist,2.66,11.22
5366044,"Zülpich, Stadt",4.12,14.81
5370004,"Erkelenz, Stadt",3.22,7.35
5370008,Gangelt,3.24,13.85
5370012,"Geilenkirchen, Stadt",4.51,7.03
5370016,"Heinsberg, Stadt",2.58,7.41
5370020,"Hückelhoven, Stadt",2.04,9.79
5370024,Selfkant,2.52,19.47
5370028,"Übach-Palenberg, Stadt",2.0,9.97
5370032,Waldfeucht,4.03,10.89
5370036,"Wassenberg, Stadt",2.72,11.96
5370040,"Wegberg, Stadt",4.11,14.53
5374004,"Bergneustadt, Stadt",3.13,15.54
5374008,Engelskirchen,3.1,8.42
5374012,"Gummersbach, Stadt",3.16,9.05
5374016,"Hückeswagen, Schloss-Stadt",3.87,11.0
5374020,Lindlar,4.45,15.5
5374024,Marienheide,4.29,14.62
5374028,Morsbach,3.91,12.35
5374032,Nümbrecht,5.18,12.53
5374036,"Radevormwald, Stadt auf der Höhe",3.7,8.0
5374040,Reichshof,4.35,14.35
5374044,"Waldbröl, Stadt",4.23,6.57
5374048,"Wiehl, Stadt",3.05,12.28
5374052,"Wipperfürth, Hansestadt",5.4,8.79
5378004,"Bergisch Gladbach, Stadt",2.14,6.64
5378008,"Burscheid, Stadt",2.99,16.39
5378012,Kürten,4.04,14.4
5378016,"Leichlingen (Rheinland), Blütenstadt",3.4,12.82
5378020,Odenthal,4.18,11.16
5378024,"Overath, Stadt",3.4,11.04
5378028,"Rösrath, Stadt",3.08,12.68
5378032,"Wermelskirchen, Stadt",4.21,13.65
5382004,Alfter,2.36,9.0
5382008,"Bad Honnef, Stadt",2.42,9.06
5382012,"Bornheim, Stadt",2.29,13.13
5382016,Eitorf,4.87,6.89
5382020,"Hennef (Sieg), Stadt",4.87,13.74
5382024,"Königswinter, Stadt",2.99,13.69
5382028,"Lohmar, Stadt",4.96,13.0
5382032,"Meckenheim, Stadt",2.23,14.49
5382036,Much,4.52,18.34
5382040,Neunkirchen-Seelscheid,3.5,19.66
5382044,"Niederkassel, Stadt",2.1,12.25
5382048,"Rheinbach, Stadt",3.34,16.16
5382052,Ruppichteroth,4.73,17.53
5382056,"Sankt Augustin, Stadt",1.94,5.5
5382060,"Siegburg, Stadt",2.12,6.18
5382064,Swisttal,2.66,13.08
5382068,"Troisdorf, Stadt",2.29,5.64
5382072,Wachtberg,2.31,15.19
5382076,Windeck,4.13,16.1
5512000,"Bottrop, Stadt",2.59,5.69
5513000,"Gelsenkirchen, Stadt",1.85,4.78
5515000,"Münster, Stadt",3.03,9.21
5554004,"Ahaus, Stadt",4.78,9.31
5554008,"Bocholt, Stadt",4.6,9.95
5554012,"Borken, Stadt",5.04,9.9
5554016,"Gescher, Glockenstadt",4.15,12.99
5554020,"Gronau (Westf.), Stadt",3.22,7.47
5554024,Heek,4.43,14.31
5554028,Heiden,4.74,10.08
5554032,"Isselburg, Stadt",3.63,18.23
5554036,Legden,5.16,13.38
5554040,Raesfeld,3.87,14.8
5554044,Reken,4.33,18.36
5554048,"Rhede, Stadt",6.76,14.49
5554052,Schöppingen,5.86,18.32
5554056,"Stadtlohn, Stadt",5.11,7.08
5554060,Südlohn,3.04,11.55
5554064,"Velen, Stadt",4.03,13.89
5554068,"Vreden, Stadt",7.1,7.88
5558004,Ascheberg,5.4,13.66
5558008,"Billerbeck, Stadt",5.72,16.91
5558012,"Coesfeld, Stadt",4.29,8.64
5558016,"Dülmen, Stadt",5.13,9.94
5558020,Havixbeck,4.14,18.61
5558024,"Lüdinghausen, Stadt",5.25,7.97
5558028,Nordkirchen,4.04,10.27
5558032,Nottuln,4.36,16.17
5558036,"Olfen, Stadt",4.86,12.16
5558040,Rosendahl,5.46,14.39
5558044,Senden,4.21,13.99
5562004,"Castrop-Rauxel, Stadt",2.39,6.3
5562008,"Datteln, Stadt",4.62,6.5
5562012,"Dorsten, Stadt",3.33,11.5
5562014,"Gladbeck, Stadt",2.02,5.6
5562016,"Haltern am See, Stadt",3.96,9.33
5562020,"Herten, Stadt",2.07,5.14
5562024,"Marl, Stadt",2.72,5.64
5562028,"Oer-Erkenschwick, Stadt",3.03,10.52
5562032,"Recklinghausen, Stadt",2.24,6.04
5562036,"Waltrop, Stadt",3.56,6.35
5566004,Altenberge,5.44,14.4
5566008,"Emsdetten, Stadt",4.39,14.11
5566012,"Greven, Stadt",4.96,8.93
5566016,"Hörstel, Stadt",3.38,14.02
5566020,Hopsten,6.99,19.83
5566024,"Horstmar, Stadt der Burgmannshöfe",3.57,13.82
5566028,"Ibbenbüren, Stadt",3.91,7.96
5566032,Ladbergen,5.45,14.66
5566036,Laer,3.84,15.03
5566040,"Lengerich, Stadt",5.38,9.36
5566044,Lienen,4.85,18.53
5566048,Lotte,3.42,15.03
5566052,Metelen,3.27,13.36
5566056,Mettingen,4.76,13.05
5566060,Neuenkirchen,3.37,11.24
5566064,Nordwalde,5.35,11.67
5566068,"Ochtrup, Stadt",5.15,7.4
5566072,Recke,3.3,14.9
5566076,"Rheine, Stadt",3.33,9.0
5566080,"Saerbeck, NRW-Klimakommune",4.37,15.1
5566084,"Steinfurt, Stadt",4.25,8.3
5566088,"Tecklenburg, Stadt",4.24,12.17
5566092,Westerkappeln,5.26,17.07
5566096,Wettringen,6.36,14.9
5570004,"Ahlen, Stadt",3.55,7.94
5570008,"Beckum, Stadt",4.21,7.54
5570012,Beelen,3.86,14.37
5570016,"Drensteinfurt, Stadt",4.92,11.39
5570020,"Ennigerloh, Stadt",3.79,13.26
5570024,Everswinkel,4.6,13.66
5570028,"Oelde, Stadt",4.16,7.88
5570032,Ostbevern,6.11,21.01
5570036,"Sassenberg, Stadt",4.07,11.86
5570040,"Sendenhorst, Stadt",4.4,7.7
5570044,"Telgte, Stadt",5.46,16.82
5570048,Wadersloh,4.29,16.97
5570052,"Warendorf, Stadt",4.22,10.78
5711000,"Bielefeld, Stadt",2.83,9.44
5754004,"Borgholzhausen, Stadt",4.67,14.58
5754008,"Gütersloh, Stadt",3.77,9.38
5754012,"Halle (Westf.), Stadt",4.54,18.11
5754016,"Harsewinkel, Die Mähdrescherstadt",4.08,17.66
5754020,Herzebrock-Clarholz,4.25,13.86
5754024,Langenberg,3.29,12.57
5754028,"Rheda-Wiedenbrück, Stadt",3.91,7.41
5754032,"Rietberg, Stadt",3.92,12.1
5754036,"Schloß Holte-Stukenbrock, Stadt",4.7,18.27
5754040,Steinhagen,4.17,15.89
5754044,"Verl, Stadt",4.91,16.81
5754048,"Versmold, Stadt",5.98,16.08
5754052,"Werther (Westf.), Stadt",4.61,17.56
5758004,"Bünde, Stadt",3.28,7.48
5758008,"Enger, Widukindstadt",4.0,13.67
5758012,"Herford, Hansestadt",3.06,7.19
5758016,Hiddenhausen,2.0,9.22
5758020,Kirchlengern,3.04,10.09
5758024,"Löhne, Stadt",2.82,9.11
5758028,Rödinghausen,3.18,13.03
5758032,"Spenge, Stadt",4.6,16.82
5758036,"Vlotho, Stadt",4.19,13.84
5762004,"Bad Driburg, Stadt",4.05,8.88
5762008,"Beverungen, Stadt",4.22,18.59
5762012,"Borgentreich, Orgelstadt",4.52,15.78
5762016,"Brakel, Stadt",5.31,10.43
5762020,"Höxter, Stadt",3.34,7.78
5762024,"Marienmünster, Stadt",3.29,11.37
5762028,"Nieheim, Stadt",4.68,8.7
5762032,"Steinheim, Stadt",4.58,6.42
5762036,"Warburg, Hansestadt",4.25,8.25
5762040,"Willebadessen, Stadt",4.07,15.54
5766004,Augustdorf,3.51,19.76
5766008,"Bad Salzuflen, Stadt",3.37,12.81
5766012,"Barntrup, Stadt",4.96,19.38
5766016,"Blomberg, Stadt",3.92,13.93
5766020,"Detmold, Stadt",3.53,8.73
5766024,Dörentrup,3.78,16.71
5766028,Extertal,4.77,21.5
5766032,"Horn-Bad Meinberg, Stadt",4.27,13.12
5766036,Kalletal,4.24,15.66
5766040,"Lage, Stadt",4.25,14.84
5766044,"Lemgo, Stadt",4.69,8.33
5766048,Leopoldshöhe,3.59,17.41
5766052,"Lügde, Stadt der Osterräder",3.3,13.95
5766056,"Oerlinghausen, Stadt",2.61,17.91
5766060,"Schieder-Schwalenberg, Stadt",3.7,11.17
5766064,Schlangen,3.97,8.96
5770004,"Bad Oeynhausen, Stadt",3.46,9.34
5770008,"Espelkamp, Stadt",5.58,10.54
5770012,Hille,4.31,17.21
5770016,Hüllhorst,3.22,13.73
5770020,"Lübbecke, Stadt",3.02,8.43
5770024,"Minden, Stadt",2.74,11.14
5770028,"Petershagen, Stadt",5.48,18.72
5770032,"Porta Westfalica, Stadt",3.36,12.56
5770036,"Preußisch Oldendorf, Stadt",4.31,14.43
5770040,"Rahden, Stadt",7.28,9.38
5770044,Stemwede,7.12,15.76
5774004,Altenbeken,3.24,11.79
5774008,"Bad Lippspringe, Stadt",3.5,4.89
5774012,Borchen,4.4,11.37
5774016,"Büren, Stadt",3.17,14.09
5774020,"Delbrück, Stadt",3.81,15.47
5774024,"Hövelhof, Sennegemeinde",4.7,18.84
5774028,"Lichtenau, Stadt",4.64,17.21
5774032,"Paderborn, Stadt",2.4,8.09
5774036,"Salzkotten, Stadt",4.34,7.41
5774040,"Bad Wünnenberg, Stadt",3.62,17.8
5911000,"Bochum, Stadt",2.16,6.18
5913000,"Dortmund, Stadt",2.27,6.51
5914000,"Hagen, Stadt der FernUniversität",2.96,8.97
5915000,"Hamm, Stadt",3.24,8.3
5916000,"Herne, Stadt",2.17,4.85
5954004,"Breckerfeld, Hansestadt",6.17,20.94
5954008,"Ennepetal, Stadt der Kluterthöhle",4.46,10.91
5954012,"Gevelsberg, Stadt",2.61,10.97
5954016,"Hattingen, Stadt",4.54,8.35
5954020,"Herdecke, Stadt",3.06,7.39
5954024,"Schwelm, Stadt",2.99,6.59
5954028,"Sprockhövel, Stadt",4.2,11.95
5954032,"Wetter (Ruhr), Stadt",3.96,10.85
5954036,"Witten, Stadt",3.29,8.22
5958004,"Arnsberg, Stadt",3.72,7.13
5958008,Bestwig,3.14,10.59
5958012,"Brilon, Stadt",6.94,10.11
5958016,Eslohe (Sauerland),4.1,19.04
5958020,"Hallenberg, Stadt",4.02,15.86
5958024,"Marsberg, Stadt",4.97,9.5
5958028,"Medebach, Hansestadt",6.63,17.17
5958032,"Meschede, Kreis- und  Hochschulstadt",4.61,9.74
5958036,"Olsberg, Stadt",5.12,7.84
5958040,"Schmallenberg, Stadt",5.66,12.63
5958044,"Sundern (Sauerland), Stadt",3.4,18.24
5958048,"Winterberg, Stadt",4.35,8.55
5962004,"Altena, Stadt",3.22,15.92
5962008,"Balve, Stadt",4.92,17.43
5962012,"Halver, Stadt",5.4,16.02
5962016,"Hemer, Stadt",3.32,8.15
5962020,Herscheid,5.84,14.1
5962024,"Iserlohn, Stadt",3.22,7.98
5962028,"Kierspe, Stadt",4.66,18.79
5962032,"Lüdenscheid, Stadt",3.73,9.0
5962036,"Meinerzhagen, Stadt",5.24,17.75
5962040,"Menden (Sauerland), Stadt",3.3,7.8
5962044,Nachrodt-Wiblingwerde,8.36,15.17
5962048,"Neuenrade, Stadt",4.96,11.61
5962052,"Plettenberg, Stadt",3.49,9.3
5962056,Schalksmühle,3.67,18.91
5962060,"Werdohl, Stadt",3.91,7.59
5966004,"Attendorn, Hansestadt",4.86,18.73
5966008,"Drolshagen, Stadt",5.29,11.49
5966012,Finnentrop,4.92,20.65
5966016,Kirchhundem,6.7,14.91
5966020,"Lennestadt, Stadt",2.65,10.29
5966024,"Olpe, Stadt",5.32,7.59
5966028,Wenden,3.17,14.24
5970004,"Bad Berleburg, Stadt",5.94,28.32
5970008,Burbach,3.07,16.56
5970012,Erndtebrück,5.26,32.56
5970016,"Freudenberg, Stadt",4.02,8.56
5970020,"Hilchenbach, Stadt",3.58,20.15
5970024,"Kreuztal, Stadt",2.76,12.4
5970028,"Bad Laasphe, Stadt",4.85,33.71
5970032,"Netphen, Stadt",3.03,14.67
5970036,Neunkirchen,3.94,17.0
5970040,"Siegen, Universitätsstadt",3.19,7.25
5970044,Wilnsdorf,3.53,13.46
5974004,Anröchte,4.23,11.22
5974008,Bad Sassendorf,4.85,9.65
5974012,Ense,3.27,9.47
5974016,"Erwitte, Stadt",4.64,6.85
5974020,"Geseke, Stadt",3.92,5.71
5974024,Lippetal,3.73,13.62
5974028,"Lippstadt, Stadt",3.06,12.16
5974032,Möhnesee,5.42,13.87
5974036,"Rüthen, Stadt",4.39,12.91
5974040,"Soest, Stadt",3.02,5.49
5974044,"Warstein, Stadt",2.55,10.32
5974048,Welver,5.87,12.71
5974052,"Werl, Stadt",3.34,6.7
5974056,Wickede (Ruhr),4.13,11.21
5978004,"Bergkamen, Stadt",2.82,8.44
5978008,Bönen,4.66,13.35
5978012,"Fröndenberg/Ruhr, Stadt",4.81,12.78
5978016,Holzwickede,3.72,9.76
5978020,"Kamen, Stadt",2.83,7.32
5978024,"Lünen, Stadt",2.25,5.91
5978028,"Schwerte, Hansestadt an der Ruhr",3.32,6.05
5978032,"Selm, Stadt",4.0,11.68
5978036,"Unna, Stadt",3.08,7.12
5978040,"Werne, Stadt",4.78,7.31
6411000,"Darmstadt, Wissenschaftsstadt",1.99,7.15
6412000,"Frankfurt am Main, Stadt",1.9,6.56
6413000,"Offenbach am Main, Stadt",1.84,5.8
6414000,"Wiesbaden, Landeshauptstadt",1.97,7.48
6431001,Abtsteinach,3.09,20.95
6431002,"Bensheim, Stadt",2.34,6.18
6431003,Biblis,3.44,18.84
6431004,Birkenau,3.5,12.63
6431005,"Bürstadt, Stadt",2.89,11.34
6431006,Einhausen,1.83,6.99
6431007,Fürth,3.58,24.0
6431008,Gorxheimertal,2.45,15.15
6431009,Grasellenbach,4.56,29.11
6431010,Groß-Rohrheim,2.26,16.96
6431011,"Heppenheim (Bergstraße), Kreisstadt",4.74,9.49
6431012,"Hirschhorn (Neckar), Stadt",2.49,14.21
6431013,"Lampertheim, Stadt",3.21,16.18
6431014,Lautertal (Odenwald),2.93,15.41
6431015,"Lindenfels, Stadt",4.3,23.53
6431016,"Lorsch, Karolingerstadt",2.24,4.19
6431017,Mörlenbach,3.68,15.03
6431018,"Neckarsteinach, Stadt",5.66,15.04
6431019,Rimbach,2.73,18.7
6431020,"Viernheim, Stadt",2.66,8.71
6431021,Wald-Michelbach,4.35,27.43
6431022,"Zwingenberg, Stadt",2.46,8.44
6431200,"Michelbuch, gemfr. Gebiet",-9999.0,-9999.0
6432001,Alsbach-Hähnlein,2.0,6.76
6432002,"Babenhausen, Stadt",3.04,16.82
6432003,Bickenbach,2.09,5.62
6432004,"Dieburg, Stadt",2.33,13.08
6432005,Eppertshausen,2.07,15.07
6432006,Erzhausen,2.12,12.0
6432007,Fischbachtal,4.34,23.57
6432008,"Griesheim, Stadt",1.94,12.13
6432009,"Groß-Bieberau, Stadt",2.01,20.49
6432010,"Groß-Umstadt, Stadt",3.56,8.91
6432011,Groß-Zimmern,2.78,12.61
6432012,Messel,2.81,12.19
6432013,Modautal,4.22,16.58
6432014,Mühltal,2.54,12.8
6432015,Münster (Hessen),2.75,15.77
6432016,"Ober-Ramstadt, Stadt",2.86,16.79
6432017,Otzberg,2.61,11.69
6432018,"Pfungstadt, Stadt",1.98,12.67
6432019,"Reinheim, Stadt",3.07,15.22
6432020,Roßdorf,2.1,9.9
6432021,Schaafheim,2.4,17.83
6432022,Seeheim-Jugenheim,2.74,5.05
6432023,"Weiterstadt, Stadt",2.25,11.52
6433001,Biebesheim am Rhein,2.55,20.7
6433002,Bischofsheim,1.62,9.27
6433003,Büttelborn,2.46,10.17
6433004,"Gernsheim, Schöfferstadt",3.82,15.75
6433005,"Ginsheim-Gustavsburg, Stadt",1.55,10.94
6433006,"Groß-Gerau, Stadt",3.38,6.65
6433007,"Kelsterbach, Stadt",2.23,13.38
6433008,"Mörfelden-Walldorf, Stadt",1.78,14.42
6433009,Nauheim,1.93,8.6
6433010,"Raunheim, Stadt",2.7,9.96
6433011,"Riedstadt, Büchnerstadt",2.08,15.66
6433012,"Rüsselsheim am Main, Stadt",1.78,6.03
6433013,Stockstadt am Rhein,2.73,17.41
6433014,Trebur,2.58,12.9
6434001,"Bad Homburg v. d. Höhe, Stadt",2.28,7.54
6434002,"Friedrichsdorf, Stadt",2.1,12.22
6434003,Glashütten,1.97,19.65
6434004,Grävenwiesbach,5.21,8.98
6434005,"Königstein im Taunus, Stadt",2.32,11.92
6434006,"Kronberg im Taunus, Stadt",2.1,9.02
6434007,"Neu-Anspach, Stadt",2.98,10.07
6434008,"Oberursel (Taunus), Stadt",2.82,10.7
6434009,Schmitten im Taunus,4.16,18.57
6434010,"Steinbach (Taunus), Stadt",1.83,11.19
6434011,"Usingen, Stadt",2.96,6.17
6434012,Wehrheim,3.88,10.74
6434013,Weilrod,6.81,15.37
6435001,"Bad Orb, Stadt",2.2,16.49
6435002,"Bad Soden-Salmünster, Stadt",4.24,19.98
6435003,Biebergemünd,3.24,16.38
6435004,Birstein,4.73,23.29
6435005,Brachttal,4.21,21.59
6435006,"Bruchköbel, Stadt",2.23,10.51
6435007,"Erlensee, Stadt",1.93,9.0
6435008,Flörsbachtal,6.0,22.47
6435009,Freigericht,1.78,14.06
6435010,"Gelnhausen, Barbarossast., Krst.",2.47,5.86
6435011,Großkrotzenburg,1.82,11.17
6435012,Gründau,2.56,9.79
6435013,Hammersbach,1.55,17.02
6435014,"Hanau, Brüder-Grimm-Stadt",2.04,5.92
6435015,Hasselroth,2.16,12.77
6435016,Jossgrund,5.36,27.55
6435017,"Langenselbold, Stadt",2.61,12.69
6435018,Linsengericht,2.36,8.03
6435019,"Maintal, Stadt",2.25,10.27
6435020,Neuberg,2.75,13.26
6435021,"Nidderau, Stadt",2.12,14.95
6435022,Niederdorfelden,2.56,14.69
6435023,Rodenbach,2.34,13.85
6435024,Ronneburg,3.06,13.05
6435025,"Schlüchtern, Stadt",5.52,25.31
6435026,Schöneck,2.51,15.95
6435027,Sinntal,4.8,18.87
6435028,"Steinau an der Straße, Brüder-Grimm-Stadt",4.14,24.61
6435029,"Wächtersbach, Stadt",4.32,14.92
6435200,"Gutsbezirk Spessart, gemfr. Gebiet",-9999.0,21.5
6436001,"Bad Soden am Taunus, Stadt",2.39,6.23
6436002,"Eppstein, Stadt",2.38,15.5
6436003,"Eschborn, Stadt",2.26,8.42
6436004,"Flörsheim am Main, Stadt",1.98,11.52
6436005,"Hattersheim am Main, Stadt",1.73,12.31
6436006,"Hochheim am Main, Stadt",1.74,11.96
6436007,"Hofheim am Taunus, Kreisstadt",1.68,9.0
6436008,"Kelkheim (Taunus), Stadt",2.36,13.62
6436009,Kriftel,1.9,6.9
6436010,Liederbach am Taunus,2.2,7.8
6436011,"Schwalbach am Taunus, Stadt",2.17,5.09
6436012,Sulzbach (Taunus),1.99,6.36
6437001,"Bad König, Stadt",4.95,16.24
6437003,Brensbach,3.75,21.86
6437004,"Breuberg, Stadt",2.23,19.39
6437005,Brombachtal,4.06,17.11
6437006,"Erbach, Kreisstadt",4.88,7.46
6437007,Fränkisch-Crumbach,3.09,25.48
6437009,Höchst i. Odw.,4.15,15.95
6437010,Lützelbach,4.69,17.67
6437011,"Michelstadt, Stadt",6.3,12.31
6437012,Mossautal,10.13,15.79
6437013,Reichelsheim (Odenwald),5.0,23.64
6437016,"Oberzent, Stadt",7.17,18.84
6438001,"Dietzenbach, Kreisstadt",2.45,15.12
6438002,"Dreieich, Stadt",1.92,7.51
6438003,Egelsbach,3.33,8.76
6438004,Hainburg,1.78,8.95
6438005,"Heusenstamm, Stadt",1.83,12.17
6438006,"Langen (Hessen), Stadt",2.12,5.71
6438007,Mainhausen,1.98,8.88
6438008,"Mühlheim am Main, Stadt",1.8,10.76
6438009,"Neu-Isenburg, Stadt",1.98,9.72
6438010,"Obertshausen, Stadt",1.86,11.52
6438011,"Rodgau, Stadt",2.51,11.5
6438012,"Rödermark, Stadt",2.16,15.24
6438013,"Seligenstadt, Einhardstadt",2.0,4.61
6439001,Aarbergen,2.64,23.53
6439002,"Bad Schwalbach, Kreisstadt",3.82,21.15
6439003,"Eltville am Rhein, Stadt",2.97,13.46
6439004,"Geisenheim, Hochschulstadt",2.52,9.53
6439005,Heidenrod,5.24,15.96
6439006,Hohenstein,3.72,23.53
6439007,Hünstetten,4.86,14.95
6439008,"Idstein, Hochschulstadt",3.54,8.68
6439009,Kiedrich,1.85,15.05
6439010,"Lorch, Stadt",5.31,16.83
6439011,Niedernhausen,2.33,11.11
6439012,"Oestrich-Winkel, Stadt",1.96,13.06
6439013,"Rüdesheim am Rhein, Stadt",4.68,6.52
6439014,Schlangenbad,4.74,18.47
6439015,"Taunusstein, Stadt",2.91,15.06
6439016,Waldems,6.24,15.35
6439017,Walluf,2.28,9.49
6440001,Altenstadt,2.98,17.79
6440002,"Bad Nauheim, Stadt",2.22,5.06
6440003,"Bad Vilbel, Stadt",2.17,9.52
6440004,"Büdingen, Stadt",3.33,6.96
6440005,"Butzbach, Friedrich-Ludwig-Weidig-Stadt",4.02,13.94
6440006,Echzell,2.59,17.71
6440007,"Florstadt, Stadt",2.38,16.34
6440008,"Friedberg (Hessen), Kreisstadt",2.6,5.41
6440009,"Gedern, Stadt",3.2,19.85
6440010,Glauburg,1.88,13.72
6440011,Hirzenhain,1.35,18.01
6440012,"Karben, Stadt",2.18,13.86
6440013,Kefenrod,4.22,13.72
6440014,Limeshain,4.04,16.39
6440015,"Münzenberg, Stadt",3.44,12.27
6440016,"Nidda, Stadt",2.91,18.38
6440017,"Niddatal, Stadt",1.89,13.37
6440018,Ober-Mörlen,3.84,10.72
6440019,"Ortenberg, Stadt",3.42,15.06
6440020,Ranstadt,3.6,19.88
6440021,"Reichelsheim (Wetterau), Stadt",4.24,12.68
6440022,Rockenberg,3.19,12.47
6440023,"Rosbach v. d. Höhe, Stadt",2.08,10.38
6440024,Wölfersheim,3.32,13.81
6440025,Wöllstadt,2.0,9.24
6531001,"Allendorf (Lumda), Stadt",3.46,21.81
6531002,Biebertal,1.51,14.21
6531003,Buseck,1.92,14.43
6531004,Fernwald,1.92,9.6
6531005,"Gießen, Universitätsstadt",2.03,7.03
6531006,"Grünberg, Stadt",3.78,17.55
6531007,Heuchelheim a. d. Lahn,1.72,7.4
6531008,"Hungen, Stadt",3.46,14.0
6531009,Langgöns,3.38,13.46
6531010,"Laubach, Stadt",4.04,12.91
6531011,"Lich, Stadt",3.06,7.14
6531012,"Linden, Stadt",2.45,9.24
6531013,"Lollar, Stadt",2.66,15.48
6531014,"Pohlheim, Stadt",1.83,9.98
6531015,Rabenau,2.58,22.03
6531016,Reiskirchen,2.33,13.37
6531017,"Staufenberg, Stadt",2.58,15.8
6531018,Wettenberg,2.0,10.74
6532001,"Aßlar, Stadt",2.51,17.28
6532002,Bischoffen,2.31,20.0
6532003,"Braunfels, Stadt",3.18,7.54
6532004,Breitscheid,3.28,16.86
6532005,Dietzhölztal,2.45,18.76
6532006,"Dillenburg, Oranienstadt",2.45,6.67
6532007,Driedorf,3.92,20.89
6532008,Ehringshausen,2.56,18.55
6532009,Eschenburg,3.16,14.2
6532010,Greifenstein,2.7,20.27
6532011,"Haiger, Stadt",4.36,11.72
6532012,"Herborn, Stadt",2.56,11.89
6532013,Hohenahr,3.18,20.77
6532014,Hüttenberg,1.83,8.25
6532015,Lahnau,1.77,12.02
6532016,"Leun, Stadt",2.77,11.8
6532017,Mittenaar,1.77,13.79
6532018,Schöffengrund,3.53,12.25
6532019,Siegbach,3.4,16.26
6532020,Sinn,2.52,14.49
6532021,"Solms, Stadt",2.86,10.18
6532022,Waldsolms,2.39,14.22
6532023,"Wetzlar, Stadt",1.8,9.29
6533001,Beselich,4.04,12.69
6533002,Brechen,3.23,14.74
6533003,"Bad Camberg, Stadt",3.55,17.11
6533004,Dornburg,3.78,20.04
6533005,Elbtal,2.72,17.04
6533006,Elz,1.6,11.19
6533007,"Hadamar, Stadt",3.62,13.7
6533008,Hünfelden,4.28,15.68
6533009,"Limburg a. d. Lahn, Kreisstadt",2.01,7.84
6533010,Löhnberg,2.25,10.93
6533011,"Mengerskirchen, Marktflecken",1.44,15.32
6533012,"Merenberg, Marktflecken",3.28,9.52
6533013,"Runkel, Stadt",3.94,14.54
6533014,Selters (Taunus),1.79,20.05
6533015,"Villmar, Marktflecken",3.14,18.96
6533016,Waldbrunn (Westerwald),3.3,17.09
6533017,"Weilburg, Stadt",4.8,7.04
6533018,"Weilmünster, Marktflecken",4.07,9.5
6533019,Weinbach,5.4,13.5
6534001,"Amöneburg, Stadt",3.99,15.36
6534002,Angelburg,3.98,18.73
6534003,Bad Endbach,2.71,23.15
6534004,"Biedenkopf, Stadt",3.65,27.54
6534005,Breidenbach,4.24,24.28
6534006,Cölbe,2.17,9.06
6534007,Dautphetal,2.72,24.87
6534008,Ebsdorfergrund,2.47,15.92
6534009,Fronhausen,2.7,14.38
6534010,"Gladenbach, Stadt",3.99,21.77
6534011,"Kirchhain, Stadt",3.92,14.62
6534012,Lahntal,2.9,11.93
6534013,Lohra,2.76,18.67
6534014,"Marburg, Universitätsstadt",2.56,8.4
6534015,Münchhausen,3.5,19.68
6534016,"Neustadt (Hessen), Stadt",3.24,19.71
6534017,"Rauschenberg, Stadt",4.0,16.77
6534018,"Stadtallendorf, Stadt",2.54,22.12
6534019,Steffenberg,4.19,24.24
6534020,Weimar (Lahn),2.9,12.32
6534021,"Wetter (Hessen), Stadt",4.88,15.54
6534022,Wohratal,2.87,20.9
6535001,"Alsfeld, Stadt",4.01,8.59
6535002,Antrifttal,4.14,12.31
6535003,Feldatal,2.93,19.92
6535004,Freiensteinau,6.5,30.16
6535005,Gemünden (Felda),4.24,24.54
6535006,"Grebenau, Stadt",2.88,18.35
6535007,Grebenhain,4.8,21.56
6535008,"Herbstein, Stadt",3.29,15.64
6535009,"Homberg (Ohm), Stadt",4.15,23.37
6535010,"Kirtorf, Stadt",4.62,16.94
6535011,"Lauterbach (Hessen), Kreisstadt",4.31,6.79
6535012,Lautertal (Vogelsberg),6.94,12.78
6535013,Mücke,3.69,20.26
6535014,"Romrod, Stadt",1.37,13.34
6535015,"Schlitz, Stadt",5.12,18.73
6535016,"Schotten, Stadt",5.27,8.12
6535017,Schwalmtal,4.35,13.9
6535018,"Ulrichstein, Stadt",3.6,14.54
6535019,Wartenberg,3.16,10.09
6611000,"Kassel, documenta-Stadt",1.83,5.97
6631001,Bad Salzschlirf,2.27,16.33
6631002,"Burghaun, Marktgemeinde",5.47,12.0
6631003,Dipperz,4.1,12.24
6631004,Ebersburg,4.29,18.4
6631005,Ehrenberg (Rhön),4.21,28.46
6631006,Eichenzell,3.66,12.35
6631007,"Eiterfeld, Marktgemeinde",4.23,17.62
6631008,Flieden,4.22,21.13
6631009,"Fulda, Stadt",2.66,7.02
6631010,"Gersfeld (Rhön), Stadt",4.63,24.38
6631011,Großenlüder,4.28,15.24
6631012,"Hilders, Marktgemeinde",6.43,25.16
6631013,Hofbieber,5.15,16.56
6631014,Hosenfeld,3.18,22.13
6631015,"Hünfeld, Konrad-Zuse-Stadt",4.19,6.53
6631016,Kalbach,4.42,20.57
6631017,Künzell,2.89,8.52
6631018,Neuhof,4.46,17.1
6631019,Nüsttal,2.89,11.64
6631020,Petersberg,3.74,8.35
6631021,Poppenhausen (Wasserkuppe),5.28,19.13
6631022,"Rasdorf, Point-Alpha-Gemeinde",2.28,16.68
6631023,"Tann (Rhön), Stadt",3.94,26.33
6632001,Alheim,5.7,11.62
6632002,"Bad Hersfeld, Kreisstadt",3.86,7.27
6632003,"Bebra, Stadt",4.96,15.85
6632004,Breitenbach a. Herzberg,7.7,22.68
6632005,Cornberg,9.86,19.72
6632006,Friedewald,3.71,16.85
6632007,Hauneck,3.02,9.92
6632008,Haunetal,4.5,16.41
6632009,"Heringen (Werra), Stadt",4.43,26.72
6632010,Hohenroda,2.7,22.82
6632011,Kirchheim,4.64,18.83
6632012,Ludwigsau,6.09,12.69
6632013,Nentershausen,4.04,24.93
6632014,Neuenstein,7.42,15.4
6632015,"Niederaula, Marktgemeinde",4.24,16.9
6632016,"Philippsthal (Werra), Marktgemeinde",2.01,23.62
6632017,Ronshausen,3.49,21.61
6632018,"Rotenburg a. d. Fulda, Stadt",4.36,5.81
6632019,Schenklengsfeld,3.67,16.61
6632020,Wildeck,5.24,20.9
6633001,Ahnatal,1.87,13.44
6633002,"Bad Karlshafen, Stadt",5.38,24.94
6633003,"Baunatal, Stadt",2.25,13.89
6633004,Breuna,5.23,11.28
6633005,Calden,4.86,14.92
6633006,Bad Emstal,1.95,13.05
6633007,Espenau,2.67,13.41
6633008,Fuldabrück,2.65,14.59
6633009,Fuldatal,2.39,9.08
6633010,"Grebenstein, Stadt",2.57,10.91
6633011,Habichtswald,3.28,13.02
6633012,Helsa,2.93,12.06
6633013,"Hofgeismar, Stadt",5.04,7.59
6633014,"Immenhausen, Stadt",2.3,15.63
6633015,Kaufungen,2.01,15.48
6633016,"Liebenau, Stadt",4.16,8.66
6633017,Lohfelden,1.91,12.93
6633018,"Naumburg, Stadt",4.58,12.46
6633019,Nieste,1.4,17.04
6633020,Niestetal,1.87,10.18
6633022,Reinhardshagen,2.24,15.88
6633023,Schauenburg,3.0,13.9
6633024,Söhrewald,1.85,15.96
6633025,"Trendelburg, Stadt",6.06,16.25
6633026,"Vellmar, Stadt",1.9,9.11
6633028,"Wolfhagen, Hans-Staden-Stadt",4.27,7.34
6633029,"Zierenberg, Stadt",2.72,14.02
6633030,Wesertal,5.23,27.19
6633200,"Gutsbezirk Reinhardswald, gemfr. Gebiet",-9999.0,18.04
6634001,"Borken (Hessen), Stadt",5.39,13.77
6634002,Edermünde,2.21,14.18
6634003,"Felsberg, Stadt",3.41,12.82
6634004,"Frielendorf, Marktflecken",4.15,11.45
6634005,"Fritzlar, Dom- und Kaiserstadt",4.8,5.6
6634006,Gilserberg,5.18,20.9
6634007,"Gudensberg, Stadt",3.87,11.21
6634008,Guxhagen,3.58,13.36
6634009,"Homberg (Efze), Reformationsstadt, Kreisstadt",4.01,18.21
6634010,Jesberg,4.16,19.72
6634011,Knüllwald,7.68,20.09
6634012,Körle,2.57,8.26
6634013,Malsfeld,7.89,11.08
6634014,"Melsungen, Stadt",3.88,5.44
6634015,Morschen,4.38,16.04
6634016,Neuental,4.34,14.94
6634017,"Neukirchen, Stadt",3.82,13.22
6634018,"Niedenstein, Stadt",3.23,15.79
6634019,Oberaula,3.34,23.93
6634020,Ottrau,3.82,19.51
6634021,Schrecksbach,1.89,11.61
6634022,"Schwalmstadt, Konfirmationsstadt",2.94,7.9
6634023,"Schwarzenborn, Stadt",2.24,17.64
6634024,"Spangenberg, Liebenbachstadt",5.5,16.72
6634025,Wabern,4.48,11.28
6634026,Willingshausen,4.72,10.39
6634027,Bad Zwesten,3.98,15.63
6635001,Allendorf (Eder),2.67,13.69
6635002,"Bad Arolsen, Stadt",3.89,6.64
6635003,"Bad Wildungen, Stadt",2.74,7.33
6635004,"Battenberg (Eder), Stadt",2.5,16.22
6635005,Bromskirchen,3.38,-9999.0
6635006,Burgwald,5.43,10.8
6635007,Diemelsee,5.57,16.56
6635008,"Diemelstadt, Stadt",4.63,11.75
6635009,"Edertal, Nationalparkgemeinde",3.6,13.21
6635010,"Frankenau, Nationalparkstadt",4.11,15.27
6635011,"Frankenberg (Eder), Philipp-Soldan-Stadt",3.6,7.15
6635012,"Gemünden (Wohra), Stadt",3.32,20.49
6635013,Haina (Kloster),4.1,15.56
6635014,"Hatzfeld (Eder), Stadt",4.18,20.81
6635015,"Korbach, Hansestadt, Kreisstadt",4.4,7.24
6635016,"Lichtenfels, Stadt",7.17,13.89
6635017,"Rosenthal, Stadt",2.52,16.67
6635018,Twistetal,6.38,10.21
6635019,"Vöhl, Nationalparkgemeinde",4.81,13.82
6635020,"Volkmarsen, Stadt",4.81,11.79
6635021,"Waldeck, Nationalparkstadt",4.19,16.48
6635022,Willingen (Upland),6.54,18.75
6636001,"Bad Sooden-Allendorf, Stadt",5.14,17.21
6636002,Berkatal,3.74,16.84
6636003,"Eschwege, Kreisstadt",3.67,6.0
6636004,"Großalmerode, Stadt",3.12,13.89
6636005,Herleshausen,4.59,14.46
6636006,"Hessisch Lichtenau, Stadt",4.22,8.29
6636007,Meinhard,5.76,8.86
6636008,Meißner,3.75,14.37
6636009,Neu-Eichenberg,4.88,12.66
6636010,Ringgau,4.48,18.43
6636011,"Sontra, Stadt",5.94,19.34
6636012,"Waldkappel, Stadt",5.72,17.84
6636013,"Wanfried, Stadt",3.72,14.86
6636014,Wehretal,3.34,9.81
6636015,Weißenborn,7.5,14.93
6636016,"Witzenhausen, Stadt",5.66,7.98
6636200,"Gutsbezirk Kaufunger Wald, gemfr. Gebiet",-9999.0,14.81
7111000,"Koblenz, Stadt",1.84,6.1
7131001,"Adenau, Stadt",2.17,3.2
7131002,Ahrbrück,1.87,15.24
7131003,Altenahr,3.0,16.32
7131004,Antweiler,7.27,15.66
7131005,Aremberg,1.22,20.65
7131006,"Bad Breisig, Stadt",2.03,10.7
7131007,"Bad Neuenahr-Ahrweiler, Stadt",3.12,5.94
7131008,Barweiler,12.0,13.0
7131009,Bauler,9.55,16.26
7131011,Berg,12.64,24.4
7131014,Brohl-Lützing,4.51,13.02
7131015,Dankerath,11.58,14.66
7131016,Dedenbach,6.94,16.03
7131017,Dernau,2.02,7.33
7131018,Dorsel,9.14,19.21
7131021,Eichenbach,4.54,22.16
7131022,Fuchshofen,7.14,18.38
7131025,Gönnersdorf,9.18,17.92
7131026,Harscheid,6.43,16.54
7131027,Heckenbach,16.24,21.88
7131028,Herschbroich,5.83,6.98
7131029,Hönningen,4.45,11.98
7131030,Hoffeld,9.3,11.9
7131032,Honerath,4.17,4.94
7131033,Hümmel,7.86,22.99
7131034,Insul,1.62,9.68
7131036,Kalenborn,7.78,16.22
7131037,Kaltenborn,10.69,13.38
7131039,Kesseling,7.56,20.11
7131040,Kirchsahr,12.48,26.19
7131041,Königsfeld,9.54,12.66
7131042,Kottenborn,7.25,8.22
7131044,Leimbach,4.96,5.37
7131047,Lind,10.42,19.82
7131049,Mayschoß,4.39,11.36
7131050,Meuspath,10.4,11.48
7131051,Müllenbach,6.44,14.85
7131052,Müsch,10.02,13.51
7131054,Niederdürenbach,2.68,22.09
7131055,Niederzissen,1.98,18.5
7131058,Nürburg,11.51,13.74
7131059,Oberdürenbach,5.05,20.24
7131060,Oberzissen,1.52,20.42
7131062,Ohlenhard,4.62,22.93
7131065,Pomster,11.89,12.42
7131066,Quiddelbach,6.94,8.06
7131068,Rech,4.03,9.52
7131069,Reifferscheid,10.26,10.0
7131070,"Remagen, Stadt",2.97,6.61
7131072,Rodder,9.68,9.28
7131073,Schalkenbach,15.28,15.46
7131074,Schuld,2.62,13.37
7131075,Senscheid,14.15,17.11
7131076,Sierscheid,5.94,14.12
7131077,"Sinzig, Stadt",3.01,8.08
7131079,Trierscheid,11.22,12.98
7131081,Waldorf,5.45,15.09
7131082,Wershofen,1.68,21.53
7131083,Wiesemscheid,11.77,13.71
7131084,Wimbach,5.17,6.77
7131085,Winnerath,6.13,14.2
7131086,Wirft,8.94,8.71
7131090,Grafschaft,4.73,11.11
7131201,Brenk,8.0,26.24
7131202,Burgbrohl,1.72,17.03
7131204,Galenberg,5.02,23.54
7131205,Glees,4.83,16.35
7131206,Hohenleimbach,6.35,16.56
7131208,Spessart,5.28,22.09
7131209,Wassenach,5.62,15.01
7131210,Wehr,5.08,19.13
7131211,Weibern,1.32,19.51
7131501,Dümpelfeld,2.6,8.52
7131502,Kempenich,2.53,21.15
7132001,Almersbach,2.94,4.98
7132002,Alsdorf,5.45,9.39
7132004,Bachenberg,5.57,7.5
7132005,Berzhausen,7.53,10.84
7132006,"Betzdorf, Stadt",2.29,8.07
7132007,Birkenbeul,7.29,12.06
7132008,Birken-Honigsessen,3.12,20.33
7132009,Birnbach,4.12,8.02
7132010,Bitzen,7.41,17.15
7132011,Mittelhof,6.9,20.91
7132012,Brachbach,4.24,9.5
7132013,Breitscheidt,4.6,15.49
7132014,Bruchertseifen,6.25,13.7
7132015,Bürdenbach,3.6,17.47
7132016,Burglahr,3.15,16.9
7132017,Busenhausen,5.86,8.07
7132018,"Daaden, Stadt",2.12,18.54
7132019,Derschen,6.32,17.75
7132020,Dickendorf,5.23,15.69
7132022,Eichelhardt,6.43,9.64
7132023,Eichen,2.92,13.65
7132024,Elben,3.44,12.35
7132025,Elkenroth,1.36,15.16
7132026,Emmerzhausen,6.59,22.1
7132027,Ersfeld,7.17,16.18
7132028,Etzbach,4.2,18.33
7132029,Eulenberg,5.67,15.89
7132030,Fensdorf,6.16,19.78
7132031,Fiersbach,10.14,13.29
7132032,Flammersfeld,1.18,12.39
7132033,Fluterschen,4.01,5.94
7132034,Forst,7.53,15.2
7132035,Forstmehren,5.0,14.38
7132036,Friedewald,4.77,15.18
7132037,Friesenhagen,5.67,13.89
7132038,Fürthen,3.46,18.58
7132039,Gebhardshain,1.42,14.71
7132040,Gieleroth,5.0,7.65
7132041,Giershausen,4.99,12.17
7132042,Grünebach,7.17,11.38
7132043,Güllesheim,2.43,17.18
7132044,Hamm (Sieg),1.36,17.87
7132045,Harbach,9.09,12.36
7132046,Hasselbach,5.19,15.23
7132047,Helmenzen,4.1,5.41
7132048,Helmeroth,9.97,15.02
7132049,Hemmelzen,6.66,9.73
7132050,"Herdorf, Stadt",3.93,14.59
7132051,Heupelzen,6.4,8.44
7132052,Hilgenroth,6.85,12.1
7132053,Hirz-Maulsbach,9.45,10.02
7132054,Hövels,4.92,17.72
7132055,Horhausen (Westerwald),1.3,15.67
7132056,Idelberg,8.8,12.13
7132057,Ingelbach,5.02,10.45
7132058,Isert,7.8,11.06
7132059,Kausen,3.69,14.03
7132060,Kescheid,6.03,10.8
7132061,Kettenhausen,4.03,5.93
7132062,Kircheib,9.29,9.64
7132063,"Kirchen (Sieg), Stadt",3.58,5.85
7132064,Kraam,4.63,14.25
7132065,Krunkel,5.62,15.87
7132066,Malberg,3.46,13.97
7132067,Mammelzen,4.15,6.55
7132068,Mauden,6.25,19.41
7132069,Mehren,8.44,15.17
7132070,Michelbach (Westerwald),3.62,6.62
7132071,Molzhain,5.69,12.82
7132072,Mudersbach,2.95,11.92
7132073,Nauroth,3.49,13.92
7132075,Niederdreisbach,6.42,15.94
7132076,Niederfischbach,3.06,9.97
7132077,Niederirsen,8.25,15.3
7132078,Niedersteinebach,2.8,17.69
7132079,Nisterberg,6.7,14.95
7132080,Katzwinkel (Sieg),4.26,14.94
7132081,Obererbach (Westerwald),7.5,9.77
7132082,Oberirsen,4.87,11.2
7132083,Oberlahr,2.38,18.51
7132085,Obersteinebach,5.24,19.09
7132086,Oberwambach,6.66,9.72
7132087,Ölsen,8.47,11.82
7132088,Orfgen,5.88,13.24
7132089,Peterslahr,4.08,14.82
7132090,Pleckhausen,3.34,17.92
7132091,Pracht,4.8,14.95
7132092,Racksen,8.93,12.32
7132093,Reiferscheid,3.33,12.23
7132094,Rettersen,6.64,13.41
7132095,Rosenheim (Landkreis Altenkirchen),1.33,14.14
7132096,Roth,4.16,16.78
7132097,Rott,3.26,12.07
7132098,Scheuerfeld,1.71,11.55
7132099,Schöneberg,5.17,6.65
7132100,Schürdt,4.42,10.42
7132101,Schutzbach,7.41,13.15
7132102,Seelbach bei Hamm (Sieg),3.8,17.69
7132103,Seelbach (Westerwald),6.09,13.81
7132104,Seifen,6.38,15.98
7132105,Selbach (Sieg),7.0,21.69
7132106,Sörth,5.58,7.66
7132107,Steinebach/ Sieg,4.3,16.01
7132108,Steineroth,5.81,10.61
7132109,Stürzelbach,6.71,9.06
7132110,Volkerzen,8.76,11.19
7132111,Wallmenroth,3.75,11.07
7132112,Walterschen,6.99,12.37
7132113,Weitefeld,4.4,15.77
7132114,Werkhausen,3.94,13.61
7132115,Weyerbusch,1.58,10.7
7132116,Willroth,3.35,13.12
7132117,"Wissen, Stadt",3.62,20.16
7132118,Wölmersen,6.2,8.76
7132119,Ziegenhain,7.8,14.36
7132201,Berod bei Hachenburg,7.07,11.07
7132501,"Altenkirchen (Westerwald), Stadt",2.08,3.97
7132502,Neitersen,6.1,7.83
7133001,Abtweiler,7.07,10.93
7133002,Allenfeld,1.74,19.95
7133003,Altenbamberg,4.62,12.36
7133004,Argenschwang,4.97,20.44
7133005,Auen,7.38,25.77
7133006,"Bad Kreuznach, Stadt",2.16,6.37
7133008,Bärenbach,5.48,30.93
7133009,Bärweiler,8.5,15.05
7133010,Becherbach bei Kirn,8.64,21.97
7133011,Becherbach,10.1,12.22
7133012,Biebelsheim,4.53,11.45
7133013,Bockenau,4.23,16.27
7133014,Boos,4.46,17.16
7133015,Braunweiler,7.23,15.33
7133016,Brauweiler,9.65,33.4
7133017,Breitenheim,5.07,7.48
7133018,Bretzenheim,1.67,8.16
7133019,Burgsponheim,5.35,13.28
7133020,Callbach,4.78,5.9
7133021,Dalberg,3.44,16.37
7133022,Daubach,5.36,21.82
7133023,Daxweiler,5.96,19.57
7133024,Desloch,7.58,10.22
7133025,Dörrebach,4.52,16.92
7133026,Dorsheim,5.92,11.36
7133027,Duchroth,5.0,17.37
7133028,Eckenroth,8.12,19.86
7133030,Feilbingert,7.56,15.91
7133031,Frei-Laubersheim,3.66,10.55
7133032,Fürfeld,1.48,14.18
7133033,Gebroth,3.7,21.71
7133035,Guldental,2.21,10.38
7133036,Gutenberg,3.21,9.8
7133037,Hackenheim,1.71,7.74
7133038,Hahnenbach,5.5,31.12
7133039,Hallgarten,5.57,18.39
7133040,Hargesheim,1.52,8.67
7133041,Heimweiler,6.9,24.88
7133042,Heinzenberg,5.02,30.01
7133043,Hennweiler,1.64,31.1
7133044,Hergenfeld,5.12,17.37
7133045,Hochstätten,6.52,15.26
7133046,Hochstetten-Dhaun,3.39,30.26
7133047,Horbach,6.02,30.78
7133048,Hüffelsheim,1.25,10.28
7133049,Hundsbach,10.3,15.99
7133050,Ippenschied,5.48,23.22
7133051,Jeckenbach,7.91,10.46
7133052,"Kirn, Stadt",2.68,31.7
7133053,Kirschroth,7.72,24.83
7133054,Langenlonsheim,1.36,11.25
7133055,Langenthal,6.52,26.03
7133056,Laubenheim,3.07,10.02
7133057,Lauschied,10.78,14.37
7133058,Lettweiler,7.22,14.07
7133059,Limbach,13.21,19.92
7133060,Löllbach,7.84,13.02
7133061,Mandel,4.62,11.22
7133062,Martinstein,3.91,23.67
7133063,Meckenbach,6.36,33.52
7133064,Meddersheim,1.81,19.24
7133065,"Meisenheim, Stadt",1.94,3.96
7133066,Merxheim,4.92,23.93
7133067,Monzingen,1.98,21.11
7133068,Münchwald,5.58,19.19
7133069,Neu-Bamberg,5.57,12.47
7133070,Niederhausen,5.14,15.08
7133071,Norheim,3.95,10.97
7133072,Nußbaum,4.38,19.77
7133073,Oberhausen bei Kirn,1.6,34.67
7133074,Oberhausen an der Nahe,7.79,18.05
7133075,Oberstreit,3.94,14.37
7133076,Odernheim am Glan,1.58,12.76
7133077,Otzweiler,4.5,21.9
7133078,Pfaffen-Schwabenheim,3.66,11.0
7133080,Pleitersheim,6.86,14.05
7133081,Raumbach,4.3,7.03
7133082,Rehbach,5.01,20.99
7133083,Rehborn,5.84,7.28
7133084,Reiffelbach,7.34,8.61
7133085,Roth,4.31,15.57
7133086,Roxheim,2.04,8.25
7133087,Rümmelsheim,5.39,12.67
7133088,Sankt Katharinen,5.46,12.32
7133089,Schloßböckelheim,4.72,15.3
7133090,Schmittweiler,8.21,9.48
7133091,Schöneberg,7.11,20.62
7133092,Schweinschied,10.11,16.92
7133093,Schweppenhausen,4.67,16.33
7133094,Seesbach,8.48,28.29
7133095,Seibersbach,6.66,18.81
7133096,Simmertal,2.05,26.34
7133098,Sommerloch,4.34,13.84
7133099,Spabrücken,2.26,20.47
7133100,Spall,5.42,20.95
7133101,Sponheim,7.5,13.73
7133102,Staudernheim,1.9,15.37
7133103,"Stromberg, Stadt",3.6,20.34
7133104,Tiefenthal,4.83,16.71
7133105,Traisen,3.67,10.38
7133106,Volxheim,3.3,9.97
7133107,Waldböckelheim,2.26,12.67
7133108,Waldlaubersheim,4.75,13.74
7133109,Wallhausen,1.57,13.84
7133110,Warmsroth,3.6,15.66
7133111,Weiler bei Monzingen,5.49,24.43
7133112,Weinsheim,2.13,9.82
7133113,Weitersborn,8.6,27.66
7133114,Windesheim,1.52,12.99
7133115,Winterbach,4.37,20.12
7133116,Winterburg,1.36,20.61
7133117,Rüdesheim,1.51,7.0
7133201,Bruschied,6.77,25.6
7133202,Kellenbach,8.34,23.63
7133203,Königsau,6.8,21.45
7133204,Schneppenbach,8.44,23.34
7133205,Schwarzerden,9.84,24.16
7133501,"Bad Sobernheim, Stadt",2.8,19.33
7134001,Abentheuer,7.75,7.83
7134002,Achtelsbach,7.22,8.26
7134003,Allenbach,8.96,15.9
7134004,Asbach,8.97,32.27
7134005,"Baumholder, Stadt",1.8,16.45
7134006,Bergen,7.76,37.71
7134007,Berglangenbach,11.0,17.53
7134008,Berschweiler bei Baumholder,6.72,16.66
7134009,Berschweiler bei Kirn,10.28,39.28
7134010,"Birkenfeld, Stadt",1.71,3.35
7134011,Börfink,14.05,14.92
7134012,Bollenbach,6.6,28.39
7134013,Breitenthal,5.2,31.34
7134014,Bruchweiler,3.86,24.92
7134015,Brücken,5.62,6.03
7134016,Buhlenberg,5.94,6.5
7134017,Bundenbach,5.22,27.21
7134018,Dambach,5.94,6.96
7134019,Dickesbach,5.69,32.77
7134020,Dienstweiler,3.34,5.57
7134021,Eckersweiler,9.11,14.57
7134022,Elchweiler,5.11,7.2
7134023,Ellenberg,2.58,3.97
7134024,Ellweiler,4.47,9.13
7134025,Fischbach,3.15,32.09
7134026,Fohren-Linden,7.24,17.14
7134027,Frauenberg,8.4,20.82
7134028,Gerach,6.67,31.19
7134029,Gimbweiler,6.48,12.79
7134030,Gösenroth,3.67,19.42
7134031,Gollenberg,3.56,5.66
7134032,Griebelschied,9.26,35.86
7134033,Hahnweiler,6.46,15.4
7134034,Hattgenstein,8.45,9.81
7134035,Hausen,4.42,19.92
7134036,Heimbach,7.1,13.68
7134037,Hellertshausen,9.39,29.81
7134038,Herborn,4.95,26.51
7134039,Herrstein,1.61,32.89
7134040,Hettenrodt,3.53,21.02
7134041,Hintertiefenbach,5.38,29.71
7134042,Hoppstädten-Weiersbach,2.66,8.28
7134043,Horbruch,4.55,22.7
7134044,Hottenbach,9.88,31.27
7134045,"Idar-Oberstein, Stadt",2.76,24.82
7134046,Kempfeld,1.44,24.69
7134047,Kirschweiler,2.08,24.52
7134048,Kronweiler,11.34,14.64
7134049,Krummenau,7.0,22.84
7134050,Leisel,9.04,14.93
7134051,Leitzweiler,7.59,14.11
7134052,Mackenrodt,6.31,17.43
7134053,Meckenbach,9.44,9.58
7134054,Mettweiler,9.42,14.11
7134055,Mittelreidenbach,5.24,27.74
7134056,Mörschied,7.15,30.53
7134057,Niederbrombach,7.63,11.07
7134058,Niederhambach,7.38,9.53
7134059,Niederhosenbach,3.98,35.16
7134060,Niederwörresbach,1.48,30.38
7134061,Nohen,8.53,10.68
7134062,Oberbrombach,5.71,13.43
7134063,Oberhambach,6.62,8.67
7134064,Oberhosenbach,5.84,30.14
7134065,Oberkirn,5.0,18.36
7134066,Oberreidenbach,5.51,26.27
7134067,Oberwörresbach,4.08,30.52
7134068,Reichenbach,11.91,16.73
7134069,Rhaunen,1.25,23.52
7134070,Rimsberg,4.56,10.22
7134071,Rinzenberg,6.71,8.16
7134072,Rötsweiler-Nockenthal,4.82,14.69
7134073,Rohrbach,6.06,17.12
7134074,Rückweiler,4.8,14.51
7134075,Ruschberg,8.95,18.16
7134076,Schauren,4.9,26.95
7134077,Schmidthachenbach,9.01,26.38
7134078,Schmißberg,5.01,7.32
7134079,Schwerbach,6.02,16.62
7134080,Schwollen,10.27,11.93
7134081,Sensweiler,7.0,20.66
7134082,Sien,1.96,23.23
7134083,Sienhachenbach,3.27,24.32
7134084,Siesbach,6.27,18.03
7134085,Sonnenberg-Winnenberg,10.45,17.75
7134086,Sonnschied,9.74,32.12
7134087,Stipshausen,6.29,27.86
7134088,Sulzbach,5.12,26.81
7134089,Veitsrodt,4.73,26.06
7134090,Vollmersbach,3.87,24.88
7134091,Weiden,6.97,32.8
7134092,Weitersbach,3.83,25.44
7134093,Wickenrodt,8.5,32.94
7134094,Wilzenberg-Hußweiler,10.28,13.53
7134095,Wirschweiler,9.21,17.68
7134502,Langweiler,9.34,23.02
7135001,Alf,4.86,9.41
7135002,Alflen,5.76,17.42
7135003,Altlay,10.82,14.87
7135004,Altstrimmig,9.3,25.22
7135005,Auderath,5.98,15.65
7135007,Beilstein,3.7,17.79
7135008,Beuren,10.36,17.54
7135009,Binningen,6.62,20.85
7135010,Blankenrath,1.14,16.42
7135011,Brachtendorf,9.1,15.6
7135012,Bremm,4.3,13.99
7135013,Briedel,10.81,16.56
7135014,Brieden,8.09,16.83
7135015,Briedern,6.83,19.88
7135016,Brohl,5.6,19.57
7135017,Bruttig-Fankel,1.77,15.49
7135018,Büchel,1.24,18.67
7135019,Bullay,1.51,9.17
7135020,"Cochem, Stadt",3.14,8.04
7135021,Dohr,2.64,15.96
7135022,Dünfus,8.04,20.23
7135023,Düngenheim,4.78,16.39
7135024,Ediger-Eller,2.16,17.98
7135025,Ellenz-Poltersdorf,6.52,16.24
7135026,Eppenberg,6.92,18.51
7135027,Ernst,3.94,11.03
7135028,Eulgem,2.83,18.07
7135029,Faid,2.64,14.67
7135030,Filz,6.74,18.69
7135031,Forst (Eifel),6.84,20.96
7135032,Forst (Hunsrück),8.59,24.46
7135033,Gamlen,6.0,14.28
7135034,Gevenich,5.14,18.08
7135035,Gillenbeuren,5.54,22.45
7135036,Greimersburg,7.81,13.65
7135037,Grenderich,11.08,18.08
7135038,Hambuch,4.44,17.32
7135039,Haserich,2.89,18.17
7135040,Hauroth,7.03,18.44
7135041,Hesweiler,2.38,14.75
7135042,Illerich,6.62,15.22
7135043,Kaifenheim,7.8,13.43
7135044,Kail,8.27,16.21
7135045,"Kaisersesch, Stadt",1.3,17.82
7135046,Kalenborn,8.68,19.65
7135048,Kliding,8.1,20.9
7135049,Klotten,5.16,10.12
7135051,Landkern,5.58,14.84
7135052,Laubach,8.0,18.26
7135053,Lieg,9.6,24.16
7135054,Liesenich,8.43,24.28
7135056,Lütz,8.86,22.85
7135057,Lutzerath,1.44,20.2
7135058,Masburg,3.9,18.91
7135060,Mesenich,8.25,20.75
7135061,Mittelstrimmig,7.99,23.76
7135062,Möntenich,7.58,21.12
7135064,Moritzheim,7.19,14.78
7135065,Moselkern,6.89,21.7
7135066,Müden (Mosel),4.01,18.67
7135067,Müllenbach,7.59,19.89
7135068,Neef,4.6,12.5
7135069,Nehren,4.79,18.28
7135070,Panzweiler,2.8,15.83
7135071,Peterswald-Löffelscheid,8.55,18.23
7135072,Pommern,3.9,12.72
7135073,Pünderich,10.46,10.86
7135074,Reidenhausen,3.28,19.18
7135075,Roes,9.42,17.45
7135076,Sankt Aldegund,5.74,10.47
7135077,Schauren,4.98,13.65
7135078,Schmitt,6.47,22.14
7135079,Senheim,7.14,18.99
7135080,Sosberg,5.93,21.77
7135081,Tellig,6.03,13.1
7135082,Treis-Karden,1.59,16.78
7135083,"Ulmen, Stadt",2.81,14.37
7135084,Urmersbach,4.85,19.07
7135085,Urschmitt,6.41,22.62
7135086,Valwig,5.94,10.92
7135087,Wagenhausen,3.93,20.49
7135088,Walhausen,3.54,14.13
7135089,Weiler,6.14,20.52
7135090,Wirfus,9.18,16.02
7135091,Wollmerath,6.27,18.5
7135092,"Zell (Mosel), Stadt",4.04,7.26
7135093,Zettingen,5.4,16.08
7135501,Bad Bertrich,8.94,19.39
7135502,Leienkaul,8.3,20.3
7137001,Acht,14.62,19.14
7137003,"Andernach, Stadt",3.14,7.07
7137004,Anschau,6.64,17.16
7137006,Arft,11.79,17.58
7137007,Baar,13.6,16.22
7137008,Bell,4.34,13.27
7137011,Bermel,10.07,16.73
7137014,Boos,6.71,18.63
7137019,Ditscheid,11.9,19.03
7137023,Einig,5.73,11.25
7137025,Ettringen,1.89,7.25
7137027,Gappenach,5.14,18.89
7137029,Gering,8.51,11.19
7137030,Gierschnach,3.76,19.08
7137034,Hausten,4.34,19.38
7137035,Herresbach,12.12,12.79
7137036,Hirten,7.06,11.22
7137041,Kalt,5.46,22.69
7137043,Kehrig,10.58,12.29
7137048,Kerben,5.54,17.52
7137049,Kirchwald,10.84,12.38
7137053,Kollig,8.18,13.4
7137055,Kottenheim,2.53,10.62
7137056,Kretz,3.58,12.6
7137057,Kruft,1.7,12.86
7137060,Langenfeld,10.82,18.32
7137061,Langscheid,9.8,21.28
7137063,Lind,4.54,16.84
7137065,Lonnig,7.17,15.59
7137066,Luxem,8.77,12.26
7137068,"Mayen, Stadt",3.8,6.14
7137069,"Mendig, Stadt",1.94,13.29
7137070,Mertloch,5.56,14.5
7137074,Monreal,3.83,10.83
7137077,Münk,7.88,20.45
7137079,Nachtsheim,1.31,16.79
7137080,Naunheim,5.57,17.14
7137081,Nickenich,2.3,9.51
7137086,Ochtendung,2.34,14.83
7137087,Pillig,6.63,19.68
7137088,Plaidt,1.88,10.5
7137089,"Polch, Stadt",2.24,15.23
7137092,Reudelsterz,11.63,12.35
7137093,Rieden,2.02,17.79
7137095,Rüber,8.34,19.42
7137096,Saffig,1.65,11.85
7137097,Sankt Johann,4.44,8.2
7137099,Siebenbach,11.28,13.62
7137101,Thür,3.66,10.45
7137102,Trimbs,6.2,12.2
7137105,Virneburg,9.15,14.84
7137106,Volkesfeld,4.46,16.52
7137110,Weiler,8.44,14.63
7137112,Welling,8.37,13.0
7137113,Welschenbach,14.96,18.12
7137114,Wierschem,4.32,24.94
7137201,Alken,3.64,19.22
7137202,Bassenheim,2.3,8.55
7137203,"Bendorf, Stadt",2.34,11.78
7137204,Brey,2.96,10.26
7137205,Brodenbach,6.08,21.68
7137206,Burgen,8.54,23.5
7137207,Dieblich,3.43,14.77
7137208,Hatzenport,1.96,23.76
7137209,Kaltenengers,1.51,10.22
7137211,Kettig,2.13,8.14
7137212,Kobern-Gondorf,3.98,16.05
7137214,Löf,5.7,21.42
7137215,Macken,16.02,29.36
7137216,"Mülheim-Kärlich, Stadt",3.18,8.48
7137217,Niederfell,3.73,17.66
7137218,Niederwerth,2.79,12.56
7137219,Nörtershausen,5.0,12.5
7137220,Oberfell,1.3,19.49
7137221,"Rhens, Stadt",3.69,13.78
7137222,Sankt Sebastian,0.91,9.7
7137223,Spay,3.03,8.04
7137224,Urbar,2.51,10.49
7137225,Urmitz,1.78,10.05
7137226,"Vallendar, Stadt",2.01,13.09
7137227,Waldesch,1.3,12.21
7137228,"Weißenthurm, Stadt",2.22,5.42
7137229,Weitersburg,1.92,12.81
7137230,Winningen,1.68,9.31
7137231,Wolken,7.36,8.39
7137501,"Münstermaifeld, Stadt",3.74,23.29
7137504,Lehmen,6.21,19.23
7138002,Anhausen,2.23,13.1
7138003,Asbach,3.45,4.7
7138004,"Bad Hönningen, Stadt",3.96,10.34
7138005,Bonefeld,4.54,11.74
7138006,Breitscheid,7.0,16.96
7138007,Hausen (Wied),5.09,9.48
7138008,Bruchhausen,6.84,11.68
7138009,Dattenberg,3.22,5.02
7138010,Datzeroth,7.58,15.96
7138011,Dernbach,4.64,9.16
7138012,"Dierdorf, Stadt",2.88,3.47
7138013,Döttesfeld,6.34,17.26
7138014,Dürrholz,5.13,15.41
7138015,Ehlscheid,1.47,13.35
7138019,Erpel,3.18,10.95
7138023,Großmaischeid,1.72,11.05
7138024,Hammerstein,3.76,15.1
7138025,Hanroth,3.65,9.11
7138026,Hardert,4.88,14.17
7138027,Harschbach,3.13,11.02
7138030,Hümmerich,5.83,16.39
7138031,Isenburg,5.51,13.64
7138034,Kleinmaischeid,2.22,8.98
7138036,Kurtscheid,5.94,14.91
7138037,Leubsdorf,4.81,7.39
7138038,Leutesdorf,16.38,12.1
7138040,Linkenbach,4.84,14.62
7138041,"Linz am Rhein, Stadt",1.85,6.2
7138042,Meinborn,1.14,14.04
7138043,Melsbach,4.73,8.95
7138044,Neustadt (Wied),5.13,12.45
7138045,"Neuwied, Stadt",2.22,7.21
7138047,Niederbreitbach,6.15,15.15
7138048,Niederhofen,2.75,10.84
7138050,Niederwambach,6.22,12.9
7138052,Oberdreis,4.8,12.67
7138053,Oberhonnefeld-Gierend,4.15,13.23
7138054,Oberraden,4.49,16.0
7138055,Ockenfels,3.55,9.8
7138057,Puderbach,2.13,11.58
7138058,Ratzert,8.07,10.5
7138059,Raubach,1.38,7.26
7138061,Rengsdorf,1.58,10.17
7138062,Rheinbreitbach,2.45,8.1
7138063,Rheinbrohl,2.27,14.24
7138064,Rodenbach bei Puderbach,4.24,11.2
7138065,Roßbach,1.65,9.78
7138066,Rüscheid,4.62,10.34
7138068,Sankt Katharinen (Landkreis Neuwied),2.68,8.08
7138069,Stebach,4.11,8.83
7138070,Steimel,1.94,14.13
7138071,Straßenhaus,2.36,14.69
7138072,Thalhausen,4.61,13.76
7138073,"Unkel, Stadt",2.39,9.17
7138074,Urbach,1.84,10.85
7138075,Vettelschoß,2.73,10.76
7138076,Waldbreitbach,3.32,13.73
7138077,Windhagen,3.31,13.86
7138078,Woldert,5.12,13.18
7138080,Buchholz (Westerwald),3.45,8.92
7138201,Marienhausen,4.72,4.82
7138501,Kasbach-Ohlenberg,4.99,10.77
7140001,Alterkülz,6.19,10.58
7140002,Altweidelbach,6.73,8.19
7140003,Argenthal,6.94,8.54
7140005,Badenhard,11.41,15.77
7140006,Bärenbach,4.34,14.8
7140007,Belg,9.11,19.48
7140008,Belgweiler,11.3,10.98
7140009,Bell (Hunsrück),6.96,18.72
7140010,Beltheim,9.8,24.34
7140011,Benzweiler,7.18,10.79
7140012,Bergenhausen,7.25,9.5
7140014,Bickenbach,7.19,21.71
7140015,Biebern,9.07,9.48
7140016,Birkheim,8.33,17.76
7140018,Braunshorn,8.65,15.7
7140020,Bubach,12.62,15.86
7140021,Buch,1.68,21.98
7140023,Budenbach,7.82,10.23
7140024,Büchenbeuren,1.76,16.32
7140025,Damscheid,6.6,7.77
7140027,Dichtelbach,4.18,15.85
7140028,Dickenschied,5.65,14.86
7140029,Dill,7.7,15.86
7140030,Dillendorf,4.39,12.03
7140031,Dörth,4.36,15.69
7140035,Ellern (Hunsrück),5.29,10.91
7140036,"Emmelshausen, Stadt",1.42,17.44
7140037,Erbach,4.46,15.94
7140039,Fronhofen,7.69,8.44
7140040,Gehlweiler,3.01,17.58
7140041,Gemünden,1.62,16.3
7140042,Gödenroth,6.22,17.82
7140043,Gondershausen,6.21,23.26
7140044,Hahn,7.55,18.86
7140045,Halsenbach,4.37,13.78
7140046,Hasselbach,3.94,12.86
7140047,Hausbay,9.99,20.96
7140048,Hecken,4.75,13.78
7140049,Heinzenbach,6.87,10.15
7140050,Henau,6.41,20.74
7140053,Hirschfeld (Hunsrück),5.61,19.67
7140055,Hollnich,4.32,15.45
7140056,Holzbach,5.91,5.67
7140058,Horn,8.57,11.48
7140060,Hungenroth,5.87,16.85
7140062,Kappel,8.1,16.27
7140063,Karbach,5.62,15.93
7140064,"Kastellaun, Stadt",1.7,16.91
7140065,Keidelheim,4.2,4.88
7140067,"Kirchberg (Hunsrück), Stadt",2.23,11.02
7140068,Kisselbach,9.23,13.64
7140070,Klosterkumbd,6.81,9.34
7140071,Kludenbach,7.96,14.77
7140073,Korweiler,8.35,24.27
7140075,Kratzenburg,7.34,13.58
7140076,Külz (Hunsrück),6.18,6.75
7140077,Kümbdchen,3.35,3.8
7140079,Laubach,6.43,11.4
7140080,Laudert,10.6,15.56
7140081,Laufersweiler,4.96,19.96
7140082,Lautzenhausen,3.5,16.76
7140084,Leiningen,4.24,18.17
7140085,Liebshausen,6.05,16.65
7140086,Lindenschied,6.69,15.62
7140087,Lingerhahn,11.95,18.87
7140089,Maisborn,13.94,17.9
7140090,Maitzborn,5.16,13.41
7140092,Mengerschied,4.87,12.43
7140093,Mermuth,8.59,25.17
7140094,Metzenhausen,8.12,16.43
7140095,Michelbach,9.55,10.14
7140096,Mörschbach,4.88,13.13
7140098,Mühlpfad,6.51,20.69
7140099,Mutterschied,6.25,6.77
7140100,Nannhausen,6.03,6.06
7140101,Neuerkirch,7.9,8.41
7140102,Ney,7.44,17.98
7140104,Niederburg,6.5,6.19
7140105,Nieder Kostenz,6.06,12.2
7140106,Niederkumbd,4.15,6.43
7140107,Niedersohren,5.02,13.52
7140108,Niedert,5.08,19.11
7140109,Niederweiler,3.95,18.78
7140110,Norath,6.7,19.84
7140111,Ober Kostenz,8.1,14.58
7140112,"Oberwesel, Stadt",2.99,4.42
7140113,Ohlweiler,5.83,6.05
7140115,Oppertshausen,9.25,10.01
7140116,Perscheid,9.92,11.43
7140117,Pfalzfeld,8.72,21.0
7140118,Pleizenhausen,5.69,8.03
7140119,Ravengiersburg,9.56,12.19
7140120,Raversbeuren,10.73,22.08
7140121,Rayerschied,6.6,8.84
7140122,Reckershausen,5.86,13.23
7140123,Reich,10.83,11.61
7140125,"Rheinböllen, Stadt",2.06,12.37
7140126,Riegenroth,11.87,14.35
7140127,Riesweiler,7.12,7.59
7140128,Rödelhausen,8.48,18.15
7140129,Rödern,5.99,9.73
7140130,Rohrbach,6.8,17.22
7140131,Roth,3.56,18.82
7140133,"Sankt Goar, Stadt",3.1,10.63
7140134,Sargenroth,8.36,8.79
7140135,Schlierschied,4.13,18.92
7140138,Schnorbach,6.81,10.92
7140139,Schönborn,7.22,6.39
7140140,Schwall,2.57,18.34
7140141,Schwarzen,9.37,15.97
7140144,"Simmern/ Hunsrück, Stadt",2.67,4.17
7140145,Sohren,1.99,15.39
7140146,Sohrschied,7.33,14.95
7140147,Spesenroth,4.22,15.38
7140148,Steinbach,9.45,12.46
7140149,Thörlingen,5.67,19.71
7140150,Tiefenbach,8.88,8.47
7140151,Todenroth,9.35,16.77
7140153,Uhler,4.16,20.42
7140154,Unzenberg,7.58,8.15
7140155,Urbar,8.48,7.95
7140156,Utzenhain,10.3,15.46
7140158,Wahlbach,7.18,10.33
7140159,Wahlenau,5.63,19.15
7140161,Wiebelsheim,10.8,13.29
7140163,Womrath,5.98,15.14
7140164,Woppenroth,7.52,20.09
7140165,Würrich,7.32,18.0
7140166,Wüschheim,10.08,13.42
7140201,Beulich,10.84,27.0
7140202,Dommershausen,13.45,28.41
7140204,Mastershausen,1.94,22.95
7140205,Morshausen,13.32,28.72
7140501,"Boppard, Stadt",3.46,8.75
7140502,Lahr,11.33,26.96
7140503,Mörsdorf,5.27,25.35
7140504,Zilshausen,11.56,27.78
7141001,Allendorf,3.21,19.33
7141002,Altendiez,1.46,8.78
7141003,Attenhausen,8.95,14.98
7141004,Auel,6.36,12.54
7141005,Aull,4.11,4.99
7141006,"Bad Ems, Stadt",2.96,17.12
7141008,Becheln,5.64,20.22
7141009,Berg,5.93,13.91
7141010,Berghausen,3.88,19.78
7141011,Berndroth,7.24,13.61
7141012,Bettendorf,5.03,4.92
7141013,Biebrich,7.9,23.5
7141014,Birlenbach,6.47,10.7
7141015,Bogel,1.31,7.3
7141016,Bornich,5.15,18.07
7141018,Bremberg,10.33,19.65
7141019,Buch,3.33,4.17
7141020,Burgschwalbach,5.68,20.55
7141021,Charlottenberg,2.37,17.92
7141022,Cramberg,11.92,17.83
7141023,Dachsenhausen,1.58,16.74
7141024,Dahlheim,4.41,21.9
7141025,Dausenau,5.64,21.92
7141026,Dessighofen,6.31,14.44
7141027,Dienethal,2.54,18.52
7141029,"Diez, Stadt",2.47,5.21
7141030,Dörnberg,5.54,20.32
7141031,Dörscheid,5.84,18.61
7141032,Dörsdorf,4.41,19.81
7141033,Dornholzhausen,6.43,17.47
7141034,Ebertshausen,3.01,19.79
7141035,Ehr,6.72,12.65
7141036,Eisighofen,6.08,21.54
7141037,Endlichhofen,2.78,7.11
7141038,Eppenrod,3.06,12.23
7141039,Ergeshausen,6.38,21.76
7141040,Eschbach,3.2,16.16
7141041,Fachbach,4.9,14.28
7141042,Filsen,3.95,9.86
7141043,Flacht,2.66,9.71
7141044,Frücht,8.9,14.9
7141045,Geilnau,4.64,18.86
7141046,Geisig,7.44,14.35
7141047,Gemmerich,1.2,13.47
7141049,Gückingen,4.93,7.09
7141050,Gutenacker,8.83,21.34
7141051,Hahnstätten,2.18,16.62
7141052,Hambach,7.13,7.74
7141053,Heistenbach,2.28,5.95
7141054,Herold,7.55,22.93
7141055,Himmighofen,2.82,11.16
7141057,Hirschberg,4.56,11.5
7141058,Hömberg,5.75,14.52
7141059,Holzappel,1.28,15.67
7141060,Holzhausen an der Haide,6.05,7.34
7141061,Holzheim,3.36,8.63
7141062,Horhausen,2.56,15.15
7141063,Hunzel,4.63,9.72
7141064,Isselbach,5.71,10.65
7141065,Kaltenholzhausen,3.91,18.94
7141066,Kamp-Bornhofen,1.5,12.4
7141067,Kasdorf,2.54,9.18
7141068,"Katzenelnbogen, Stadt",1.94,17.56
7141069,"Kaub, Stadt",7.37,13.4
7141070,Kehlbach,5.19,14.48
7141071,Kemmenau,5.62,13.68
7141072,Kestert,5.26,17.53
7141073,Klingelbach,3.84,19.42
7141074,Kördorf,9.2,21.77
7141075,"Lahnstein, Stadt",3.21,11.14
7141076,Langenscheid,7.24,15.61
7141077,Laurenburg,3.19,18.53
7141078,Lautert,5.62,7.82
7141079,Lierschied,6.5,15.08
7141080,Lipporn,5.0,11.79
7141081,Lohrheim,5.39,15.7
7141082,Lollschied,5.94,11.21
7141083,Lykershausen,3.08,19.29
7141084,Marienfels,7.48,10.29
7141085,Miehlen,5.14,7.09
7141086,Miellen,7.2,12.17
7141087,Misselberg,7.12,23.02
7141088,Mittelfischbach,3.13,14.12
7141089,Mudershausen,6.56,21.31
7141091,"Nassau, Stadt",1.64,17.98
7141092,"Nastätten, Stadt",1.96,2.87
7141093,Netzbach,4.94,16.76
7141094,Niederbachheim,5.44,13.68
7141095,Niederneisen,1.98,11.24
7141096,Niedertiefenbach,8.74,11.15
7141097,Niederwallmenach,5.38,10.53
7141098,Nievern,4.74,15.42
7141099,Nochern,2.82,20.77
7141100,Oberbachheim,4.32,16.21
7141101,Oberfischbach,4.6,13.17
7141102,Oberneisen,4.88,14.02
7141103,Obernhof,6.56,22.5
7141104,Obertiefenbach,6.69,8.02
7141105,Oberwallmenach,6.63,8.64
7141106,Oberwies,4.38,19.58
7141107,Oelsberg,3.88,4.66
7141108,Osterspai,2.81,15.27
7141109,Patersberg,5.42,14.84
7141110,Hainau,3.96,10.47
7141111,Pohl,5.22,7.72
7141112,Prath,1.14,22.48
7141113,Reckenroth,5.53,20.09
7141114,Reichenberg,7.4,15.58
7141115,Reitzenhain,8.05,12.97
7141116,Rettershain,7.91,10.78
7141117,Rettert,6.91,10.6
7141118,Roth,11.33,13.04
7141120,Ruppertshofen,1.27,7.71
7141121,"Sankt Goarshausen, Loreleystadt, Stadt",2.85,16.22
7141122,Sauerthal,9.91,23.85
7141124,Scheidt,4.13,19.5
7141125,Schiesheim,3.92,19.5
7141126,Schönborn,7.26,19.0
7141127,Schweighausen,4.8,19.33
7141128,Seelbach,10.06,19.55
7141129,Singhofen,1.86,12.21
7141130,Steinsberg,10.3,18.54
7141131,Strüth,1.77,10.35
7141132,Sulzbach,5.48,21.33
7141133,Wasenbach,10.56,16.75
7141134,Weidenbach,4.21,8.84
7141135,Weinähr,6.47,21.98
7141136,Weisel,1.44,16.99
7141137,Welterod,2.72,11.87
7141138,Weyer,0.79,19.32
7141139,Winden,8.77,17.56
7141140,Winterwerb,2.16,14.67
7141141,Zimmerschied,4.67,13.34
7141201,Arzbach,1.48,11.55
7141501,"Braubach, Stadt",2.85,13.62
7141502,Diethardt,4.67,6.48
7141503,Balduinstein,9.33,14.34
7143001,Alsbach,4.19,14.78
7143003,Bannberscheid,4.82,6.47
7143005,Boden,4.98,6.81
7143006,Breitenau,5.84,11.53
7143007,Caan,3.06,17.22
7143008,Daubach,2.73,7.39
7143009,Deesen,6.67,9.75
7143010,Dernbach (Westerwald),1.21,2.89
7143011,Dreikirchen,4.1,10.93
7143012,Ebernhahn,3.06,4.55
7143013,Eitelborn,3.83,13.78
7143015,Ellenhausen,4.9,7.34
7143018,Freilingen,1.13,12.35
7143019,Freirachdorf,6.1,8.61
7143020,Gackenbach,6.24,13.01
7143021,Girod,1.38,8.04
7143022,Goddert,5.32,7.77
7143023,Görgeshausen,3.41,11.0
7143024,Großholbach,2.67,6.84
7143025,Hartenfels,5.58,12.63
7143026,Heilberscheid,6.35,10.13
7143027,Heiligenroth,3.82,6.55
7143028,Helferskirchen,6.22,8.84
7143029,Herschbach,2.71,7.94
7143030,Hilgert,4.21,12.57
7143031,Hillscheid,1.92,15.41
7143032,"Höhr-Grenzhausen, Stadt",2.16,14.51
7143033,Holler,2.84,3.78
7143034,Horbach,6.0,10.09
7143036,Hübingen,5.03,13.22
7143037,Hundsangen,1.22,13.58
7143038,Hundsdorf,2.7,10.44
7143039,Kadenbach,3.3,12.09
7143040,Kammerforst,4.96,14.15
7143041,Krümmel,3.54,6.08
7143042,Leuterod,3.91,7.35
7143044,Marienrachdorf,5.94,6.01
7143045,Maroth,6.75,6.76
7143046,Maxsain,3.59,8.51
7143047,Mogendorf,4.42,8.29
7143048,"Montabaur, Stadt",2.96,4.45
7143049,Moschheim,4.52,7.22
7143050,Nauort,1.25,16.75
7143051,Nentershausen,1.66,10.46
7143052,Neuhäusel,1.48,11.09
7143053,Niederelbert,2.62,5.78
7143054,Niedererbach,5.52,13.22
7143055,Nomborn,3.57,10.3
7143056,Nordhofen,4.47,4.54
7143057,Oberelbert,4.08,8.84
7143058,Obererbach,3.44,11.26
7143059,Oberhaid,5.6,8.22
7143060,Ötzingen,6.6,10.18
7143061,Quirnbach,6.34,6.61
7143062,"Ransbach-Baumbach, Stadt",1.62,9.22
7143064,Rückeroth,4.86,7.75
7143065,Ruppach-Goldhausen,1.31,7.4
7143066,Schenkelberg,4.78,11.41
7143067,"Selters (Westerwald), Stadt",1.6,3.96
7143068,Sessenbach,4.2,16.13
7143069,Sessenhausen,5.68,7.66
7143070,Siershahn,1.3,7.29
7143071,Simmern,4.92,13.65
7143072,Stahlhofen,3.1,7.11
7143073,Staudt,3.87,5.05
7143074,Steinefrenz,2.76,9.84
7143075,Steinen,3.64,13.36
7143077,Untershausen,0.99,5.24
7143078,Vielbach,4.98,5.08
7143079,Welschneudorf,1.07,9.57
7143080,Weroth,3.16,10.76
7143081,"Wirges, Stadt",1.58,4.65
7143082,Wirscheid,4.58,14.99
7143084,Wittgert,5.62,11.0
7143085,Wölferlingen,3.17,14.18
7143200,Ailertchen,4.21,15.94
7143202,Alpenrod,2.18,7.09
7143203,Arnshöfen,4.25,13.35
7143204,Astert,6.67,9.96
7143205,Atzelgift,5.64,10.96
7143206,"Bad Marienberg (Westerwald), Stadt",2.01,13.38
7143207,Bellingen,2.66,12.44
7143208,Berod bei Wallmerod,3.04,12.2
7143209,Berzhahn,5.72,21.56
7143210,Bilkheim,2.89,15.47
7143211,Bölsberg,7.25,11.34
7143212,Borod,7.08,10.71
7143213,Brandscheid,6.84,17.64
7143214,Bretthausen,3.17,21.52
7143215,Dreifelden,4.28,11.78
7143216,Dreisbach,4.61,13.18
7143218,Elsoff (Westerwald),6.05,21.42
7143219,Enspel,2.26,8.67
7143220,Ettinghausen,5.36,11.06
7143221,Ewighausen,5.0,11.52
7143222,Fehl-Ritzhausen,4.35,16.92
7143223,Gehlert,3.89,5.42
7143224,Gemünden,6.63,21.62
7143225,Giesenhausen,3.52,10.85
7143226,Girkenroth,6.84,17.75
7143227,Großseifen,4.25,15.75
7143228,Guckheim,5.91,16.43
7143229,"Hachenburg, Stadt",1.91,3.8
7143230,Härtlingen,8.2,16.9
7143231,Hahn bei Marienberg,3.9,14.44
7143232,Hahn am See,5.6,12.55
7143233,Halbs,4.84,17.59
7143234,Hardt,4.66,11.88
7143235,Hattert,5.58,8.53
7143236,Heimborn,5.5,14.16
7143237,Hellenhahn-Schellenberg,4.24,21.21
7143238,Hergenroth,3.19,19.2
7143239,Herschbach (Oberwesterwald),3.28,12.92
7143240,Heuzert,4.03,11.95
7143241,Höchstenbach,3.39,10.19
7143242,Höhn,1.85,17.37
7143243,Hof,1.98,16.65
7143244,Homberg,5.93,24.54
7143245,Hüblingen,7.29,20.73
7143246,Irmtraut,6.54,21.06
7143247,Kaden,6.52,16.35
7143248,Kirburg,4.59,9.2
7143249,Kölbingen,6.0,19.15
7143250,Kroppach,1.02,10.82
7143251,Kuhnhöfen,5.32,13.19
7143252,Kundert,6.61,17.99
7143253,Langenbach bei Kirburg,3.7,13.1
7143254,Langenhahn,1.69,13.64
7143255,Lautzenbrücken,4.35,13.1
7143256,Liebenscheid,5.46,20.44
7143257,Limbach,9.25,12.37
7143258,Linden,5.58,10.4
7143259,Lochum,4.21,9.1
7143260,Luckenbach,3.84,11.77
7143261,Marzhausen,5.23,9.81
7143262,Merkelbach,5.35,7.56
7143263,Meudt,1.56,10.62
7143264,Mörlen,4.06,12.02
7143265,Mörsbach,6.02,17.29
7143266,Molsberg,2.26,14.53
7143267,Mudenbach,4.81,11.9
7143268,Mündersbach,0.92,9.05
7143269,Müschenbach,4.3,7.45
7143270,Neunkhausen,1.54,12.83
7143271,Neunkirchen,6.53,16.52
7143272,Neustadt/ Westerwald,3.33,21.78
7143273,Niederahr,5.44,8.89
7143274,Niederroßbach,3.46,19.85
7143275,Niedersayn,7.0,12.47
7143276,Nister,5.67,8.73
7143277,Nisterau,4.22,15.52
7143278,Nister-Möhrendorf,5.42,20.2
7143279,Nistertal,2.27,8.96
7143280,Norken,4.78,9.71
7143281,Oberahr,4.26,10.57
7143282,Oberrod,6.88,23.28
7143283,Oberroßbach,4.93,19.61
7143284,Pottum,6.17,22.8
7143285,Rehe,5.82,23.87
7143286,"Rennerod, Stadt",1.52,24.06
7143287,Roßbach,6.64,9.55
7143288,Rotenhain,4.5,10.98
7143289,Rothenbach,3.87,14.77
7143290,Salz,4.2,15.73
7143291,Salzburg,2.38,18.2
7143292,Seck,5.42,24.65
7143293,Stahlhofen am Wiesensee,5.38,21.91
7143294,Steinebach an der Wied,6.47,9.25
7143295,Stein-Neukirch,1.04,19.95
7143296,Stein-Wingert,7.38,16.2
7143297,Stockhausen-Illfurth,3.24,15.27
7143298,Stockum-Püschen,4.35,11.04
7143299,Streithausen,6.26,9.08
7143300,Unnau,4.82,8.73
7143301,Wahlrod,6.27,11.38
7143302,Waigandshain,5.35,22.65
7143303,Waldmühlen,3.24,22.15
7143304,Wallmerod,1.42,13.71
7143305,Weidenhahn,3.55,12.28
7143306,Welkenbach,5.22,12.07
7143307,Weltersburg,5.8,17.69
7143308,"Westerburg, Stadt",2.34,18.38
7143309,Westernohe,5.06,24.35
7143310,Wied,4.78,9.08
7143311,Willingen,3.8,21.38
7143312,Willmenrod,3.5,19.15
7143313,Winkelbach,4.64,11.49
7143314,Winnen,4.83,21.41
7143315,Zehnhausen bei Rennerod,2.36,20.94
7143316,Zehnhausen bei Wallmerod,4.1,12.7
7143501,Elbingen,6.85,14.77
7143502,Mähren,4.98,14.46
7211000,"Trier, Stadt",2.52,7.52
7231001,Altrich,6.54,10.08
7231003,Arenrath,4.31,20.63
7231004,Bausendorf,1.38,14.06
7231005,Bengel,10.44,17.53
7231006,Berglicht,6.73,19.23
7231007,Bergweiler,8.2,13.4
7231008,"Bernkastel-Kues, Stadt",3.2,6.01
7231009,Bettenfeld,5.84,22.34
7231010,Binsfeld,1.1,17.78
7231012,Brauneberg,4.38,14.03
7231013,Bruch,6.41,18.55
7231014,Burg (Mosel),10.63,14.64
7231016,Burgen,5.03,15.51
7231017,Burtscheid,6.26,14.42
7231018,Deuselbach,6.94,15.98
7231019,Dhronecken,4.63,10.16
7231020,Diefenbach,9.46,12.65
7231021,Dierfeld,9.15,16.53
7231022,Dierscheid,6.38,19.64
7231023,Dodenburg,7.07,19.67
7231024,Dreis,1.5,14.63
7231025,Eckfeld,5.87,13.2
7231026,Eisenschmitt,11.39,21.92
7231029,Enkirch,8.67,17.8
7231030,Erden,4.78,14.06
7231031,Esch,5.78,15.11
7231032,Etgert,5.12,18.02
7231033,Flußbach,6.95,6.45
7231035,Gielert,3.97,16.26
7231036,Gipperath,16.87,15.81
7231037,Gladbach,9.62,22.15
7231040,Gornhausen,6.91,18.98
7231041,Graach an der Mosel,4.35,7.01
7231042,Gräfendhron,13.82,26.13
7231044,Greimerath,9.01,8.11
7231046,Großlittgen,9.69,15.99
7231049,Hasborn,9.75,10.14
7231050,Heckenmünster,6.23,18.86
7231051,Heidweiler,8.04,19.27
7231053,Hetzerath,1.63,17.07
7231054,Hilscheid,4.61,11.16
7231056,Hochscheid,2.74,21.92
7231057,Hontheim,8.34,20.44
7231058,Horath,14.16,26.21
7231062,Hupperath,6.54,10.63
7231064,Immert,4.12,16.48
7231065,Karl,9.22,18.9
7231066,Kesten,4.28,12.18
7231067,Kinderbeuern,4.1,16.58
7231068,Kinheim,4.36,16.81
7231069,Klausen,5.89,15.91
7231070,Kleinich,3.42,20.47
7231071,Kommen,3.36,14.18
7231072,Kröv,1.33,19.44
7231074,Laufeld,9.6,17.21
7231075,Lieser,2.04,8.93
7231076,Lösnich,6.38,15.39
7231077,Longkamp,1.32,13.11
7231078,Lückenburg,5.08,14.55
7231079,Malborn,7.33,8.04
7231080,"Manderscheid, Stadt",1.47,16.2
7231081,Maring-Noviand,4.63,11.39
7231082,Meerfeld,5.86,21.24
7231083,Merschbach,15.43,27.7
7231085,Minderlittgen,7.51,11.3
7231086,Minheim,7.05,16.27
7231087,Monzelfeld,7.94,12.69
7231090,Mülheim an der Mosel,1.39,10.05
7231091,Musweiler,11.44,15.14
7231092,Neumagen-Dhron,2.96,23.34
7231093,Neunkirchen,6.96,20.05
7231095,Niederöfflingen,12.3,14.16
7231096,Niederscheidweiler,11.15,15.86
7231100,Oberöfflingen,11.41,16.51
7231101,Oberscheidweiler,8.72,13.7
7231103,Osann-Monzel,1.72,13.55
7231104,Pantenburg,4.77,15.44
7231105,Piesport,5.13,20.18
7231107,Platten,5.78,11.06
7231108,Plein,9.3,10.54
7231110,Reil,12.48,14.6
7231111,Rivenich,5.68,18.61
7231112,Rorodt,7.86,17.93
7231113,Salmtal,2.33,15.18
7231114,Schladt,14.04,19.97
7231115,Schönberg,8.35,21.28
7231116,Schwarzenborn,11.2,20.15
7231117,Sehlem,3.85,15.62
7231120,Starkenburg,9.12,21.71
7231122,Talling,5.57,18.98
7231123,Thalfang,1.88,14.33
7231124,"Traben-Trarbach, Stadt",3.73,21.81
7231125,Ürzig,1.68,13.9
7231126,Veldenz,2.02,14.17
7231127,Wallscheid,7.26,15.15
7231132,Willwerscheid,10.77,11.22
7231133,Wintrich,8.22,17.26
7231134,"Wittlich, Stadt",3.62,7.01
7231136,Zeltingen-Rachtig,1.56,10.98
7231202,Breit,10.45,19.55
7231203,Büdlich,7.95,15.84
7231204,Heidenburg,7.98,20.08
7231206,Lötzbeuren,7.98,20.32
7231501,Irmenach,5.8,21.39
7231502,Morbach,5.58,21.14
7231503,Landscheid,8.15,17.52
7231504,Niersbach,7.46,22.84
7232001,Affler,15.86,41.27
7232002,Alsdorf,5.75,12.19
7232003,Altscheid,14.12,17.44
7232004,Ammeldingen an der Our,13.33,35.97
7232005,Ammeldingen bei Neuerburg,8.12,31.74
7232006,Auw an der Kyll,3.52,17.69
7232007,Badem,1.35,9.92
7232008,Bauler,14.03,35.28
7232009,Baustert,8.24,16.58
7232010,Beilingen,5.69,14.65
7232011,Berkoth,10.48,24.95
7232012,Berscheid,10.67,35.15
7232013,Bettingen,1.94,16.3
7232014,Bickendorf,9.72,10.49
7232015,Biersdorf am See,12.21,13.45
7232016,Biesdorf,10.38,30.45
7232017,Birtlingen,7.08,9.56
7232018,"Bitburg, Stadt",3.8,4.57
7232019,Bollendorf,2.29,29.31
7232020,Brecht,8.1,12.19
7232022,Burg,6.32,17.08
7232024,Dahlem,7.82,15.9
7232025,Dauwelshausen,9.25,38.58
7232026,Dockendorf,11.02,12.29
7232027,Dudeldorf,6.24,10.79
7232028,Echternacherbrück,1.99,20.98
7232029,Echtershausen,18.04,18.96
7232030,Ehlenz,12.95,14.19
7232031,Emmelbaum,8.48,31.49
7232032,Enzen,6.36,22.06
7232033,Ernzen,6.85,21.81
7232034,Eßlingen,8.91,9.79
7232035,Etteldorf,5.4,14.36
7232036,Feilsdorf,10.47,18.45
7232037,Ferschweiler,10.39,24.2
7232038,Fischbach-Oberraden,10.45,27.89
7232039,Fließem,8.62,9.41
7232040,Geichlingen,11.48,27.6
7232041,Gemünd,13.8,42.54
7232042,Gentingen,15.6,35.69
7232043,Gindorf,4.49,13.18
7232044,Gondorf,8.41,11.23
7232045,Halsdorf,4.09,19.6
7232046,Hamm,15.9,16.95
7232047,Heilbach,8.36,28.91
7232048,Heilenbach,17.07,18.03
7232049,Herbstmühle,7.41,35.53
7232050,Herforst,3.44,17.32
7232053,Holsthum,8.09,17.35
7232054,Hommerdingen,8.84,26.34
7232055,Hosten,4.51,20.46
7232056,Hütten,5.12,31.87
7232057,Hütterscheid,12.14,20.57
7232058,Hüttingen an der Kyll,7.74,7.52
7232059,Hüttingen bei Lahr,12.64,24.37
7232060,Idenheim,8.54,11.41
7232061,Idesheim,4.87,16.34
7232062,Ingendorf,9.66,11.49
7232063,Irrel,1.7,16.94
7232064,Karlshausen,5.07,34.45
7232065,Kaschenbach,6.58,14.72
7232066,Keppeshausen,15.1,39.31
7232067,Körperich,14.53,28.56
7232068,Koxhausen,6.77,32.68
7232069,Kruchten,8.09,27.85
7232070,"Kyllburg, Stadt",2.24,15.96
7232071,Kyllburgweiler,5.39,18.22
7232072,Lahr,12.12,26.88
7232073,Leimbach,2.8,31.88
7232074,Ließem,9.57,10.44
7232075,Malberg,3.24,18.08
7232076,Malbergweich,6.38,12.73
7232077,Meckel,9.68,12.34
7232078,Menningen,3.23,18.51
7232079,Messerich,7.76,8.33
7232080,Mettendorf,9.3,20.71
7232081,Metterich,6.01,7.34
7232082,Minden,4.38,21.17
7232083,Mülbach,6.24,13.95
7232084,Muxerath,5.48,30.93
7232085,Nasingen,9.12,29.19
7232086,Nattenheim,8.99,9.67
7232087,Neidenbach,11.58,16.8
7232088,"Neuerburg, Stadt",1.51,28.02
7232089,Niedergeckler,6.95,22.82
7232090,Niederraden,5.9,22.54
7232091,Niederstedem,6.7,7.66
7232092,Niederweiler,13.23,13.83
7232093,Niederweis,5.2,15.07
7232094,Niehl,6.51,17.3
7232095,Nusbaum,8.23,25.2
7232096,Obergeckler,7.9,24.31
7232097,Oberstedem,7.98,8.74
7232098,Oberweiler,13.1,13.86
7232099,Oberweis,5.26,12.08
7232100,Olsdorf,3.15,16.35
7232101,Orsfeld,4.45,13.38
7232102,Utscheid,9.13,20.42
7232103,Peffingen,6.96,20.02
7232104,Philippsheim,7.3,12.52
7232105,Pickließem,6.23,13.57
7232106,Plascheid,5.55,32.11
7232107,Preist,5.68,20.07
7232108,Prümzurlay,5.97,19.96
7232109,Rittersdorf,6.08,6.8
7232110,Rodershausen,10.98,38.11
7232111,Röhl,8.46,12.82
7232112,Roth an der Our,17.15,31.94
7232113,Sankt Thomas,7.14,23.43
7232114,Schankweiler,10.72,20.76
7232115,Scharfbillig,9.65,10.32
7232116,Scheitenkorb,8.36,37.39
7232117,Scheuern,5.46,30.05
7232118,Schleid,14.69,17.1
7232119,Seffern,12.02,14.95
7232120,Sefferweich,9.29,12.47
7232121,Sevenig bei Neuerburg,8.34,37.39
7232122,Sinspelt,6.13,20.99
7232123,"Speicher, Stadt",2.2,18.92
7232124,Stockem,3.65,19.35
7232125,Sülm,10.34,14.59
7232126,Trimport,10.06,14.49
7232127,Übereisenbach,17.87,44.09
7232128,Uppershausen,7.72,27.81
7232129,Usch,3.36,22.77
7232130,Waldhof-Falkenstein,14.51,37.72
7232131,Wallendorf,10.66,35.7
7232132,Weidingen,13.25,19.62
7232133,Wettlingen,3.02,17.2
7232134,Wiersdorf,10.28,11.36
7232135,Wilsecker,4.83,11.7
7232137,Wolsfeld,8.09,11.45
7232138,Zweifelscheid,5.7,33.24
7232201,Arzfeld,4.6,25.3
7232202,Auw bei Prüm,10.15,19.42
7232203,Balesfeld,9.59,16.73
7232206,Bleialf,1.66,19.97
7232207,Brandscheid,4.44,17.11
7232208,Buchet,5.34,21.69
7232209,Büdesheim,10.14,12.79
7232210,Burbach,9.06,19.26
7232211,Dackscheid,5.34,23.82
7232212,Dahnen,14.76,36.96
7232213,Daleiden,10.55,34.62
7232214,Dasburg,14.75,37.63
7232216,Dingdorf,3.34,13.5
7232217,Eilscheid,5.96,21.72
7232218,Eisenach,5.46,17.06
7232220,Eschfeld,12.33,28.09
7232221,Euscheid,6.77,19.7
7232222,Feuerscheid,9.56,16.29
7232223,Fleringen,8.07,12.0
7232224,Giesdorf,5.03,9.97
7232225,Gilzem,6.42,16.57
7232226,Weinsheim,7.5,10.82
7232227,Gondenbrett,7.53,6.68
7232228,Gransdorf,8.86,18.32
7232229,Großkampenberg,13.34,26.29
7232230,Großlangenfeld,5.17,22.55
7232231,Habscheid,8.78,21.62
7232233,Hargarten,8.4,19.77
7232234,Harspelt,16.69,31.4
7232236,Heckhuscheid,11.24,24.87
7232238,Heisdorf,6.02,20.77
7232240,Herzfeld,12.32,27.54
7232245,Irrhausen,5.94,28.57
7232246,Jucken,6.18,30.52
7232247,Kesfeld,11.17,25.34
7232248,Kickeshausen,5.64,28.58
7232249,Kinzenburg,5.36,18.23
7232250,Kleinlangenfeld,10.07,11.01
7232253,Krautscheid,7.5,24.95
7232254,Lambertsberg,6.13,18.97
7232255,Lascheid,7.36,19.94
7232256,Lasel,6.74,19.19
7232258,Lauperath,4.8,24.8
7232259,Leidenborn,10.74,25.71
7232260,Lichtenborn,4.08,21.55
7232261,Lierfeld,5.16,17.65
7232262,Lünebach,3.58,16.66
7232263,Lützkampen,16.23,32.54
7232264,Manderscheid,5.23,22.2
7232265,Masthorn,8.19,21.2
7232266,Matzerath,6.9,16.38
7232267,Mauel,8.14,25.37
7232270,Merlscheid,4.53,17.3
7232271,Mützenich,5.63,23.82
7232272,Neuendorf,8.66,9.26
7232273,Neuheilenbach,7.95,20.09
7232276,Niederlauch,4.73,11.57
7232277,Niederpierscheid,5.36,25.37
7232279,Nimshuscheid,10.46,18.3
7232280,Nimsreuland,3.73,17.35
7232282,Oberkail,8.02,18.0
7232283,Oberlascheid,6.56,23.8
7232284,Oberlauch,5.62,10.81
7232285,Oberpierscheid,10.29,22.64
7232287,Olmscheid,6.1,29.2
7232288,Olzheim,7.61,8.03
7232289,Orenhofen,1.08,19.84
7232290,Orlenbach,6.06,13.73
7232291,Pintesfeld,2.0,21.75
7232292,Pittenbach,3.42,11.91
7232293,Plütscheid,9.29,17.41
7232294,Preischeid,12.0,38.03
7232295,Pronsfeld,1.9,13.81
7232296,"Prüm, Stadt",3.09,6.51
7232297,Reiff,9.16,28.88
7232298,Reipeldingen,10.36,33.29
7232300,Rommersheim,4.98,8.83
7232301,Roscheid,15.12,30.4
7232302,Roth bei Prüm,10.71,12.94
7232304,Schönecken,1.5,14.59
7232305,Schwirzheim,10.7,14.72
7232306,Seinsfeld,5.66,17.45
7232307,Seiwerath,5.34,19.94
7232308,Sellerich,8.49,15.07
7232309,Sengerich,10.97,25.96
7232310,Sevenig (Our),17.48,33.09
7232311,Spangdahlem,7.09,16.02
7232313,Steinborn,7.33,18.58
7232315,Strickscheid,5.75,18.46
7232318,Wallersheim,8.38,16.25
7232320,Watzerath,4.78,10.45
7232321,Wawern,9.99,22.39
7232322,Waxweiler,1.94,21.79
7232327,Winringen,5.07,12.24
7232328,Winterscheid,6.52,24.68
7232329,Winterspelt,12.23,25.84
7232331,Zendscheid,5.16,25.16
7232332,Hersdorf,5.21,18.94
7232333,Üttfeld,8.7,23.8
7232501,Wißmannsdorf,10.09,11.84
7232502,Brimingen,7.05,17.32
7233002,Basberg,4.41,14.21
7233003,Beinhausen,5.41,12.48
7233004,Berlingen,5.01,11.55
7233005,Berndorf,5.54,17.8
7233006,Betteldorf,8.77,15.41
7233007,Birgel,3.84,15.86
7233008,Bleckhausen,4.96,11.76
7233010,Boxberg,5.4,13.73
7233011,Brockscheid,5.33,9.38
7233014,Darscheid,1.12,6.64
7233016,Demerath,6.53,15.36
7233017,Deudesfeld,1.84,22.42
7233018,Dockweiler,9.41,12.9
7233019,Dohm-Lammersdorf,6.7,8.79
7233020,Dreis-Brück,9.0,12.81
7233021,Ellscheid,5.04,12.78
7233022,Esch,7.44,24.67
7233023,Feusdorf,6.28,22.36
7233025,Gefell,5.54,10.18
7233026,"Gerolstein, Stadt",4.66,7.75
7233027,Gillenfeld,1.8,13.53
7233028,Gönnersdorf,3.54,18.09
7233029,"Hillesheim, Stadt",2.3,12.42
7233030,Hinterweiler,7.9,13.8
7233031,Hörscheid,2.19,7.25
7233032,Hörschhausen,5.88,11.62
7233033,Hohenfels-Essingen,6.57,13.4
7233034,Immerath,5.26,15.87
7233035,Jünkerath,2.32,20.66
7233036,Kalenborn-Scheuern,9.62,12.8
7233037,Katzwinkel,6.48,12.13
7233038,Kerpen (Eifel),6.68,16.29
7233039,Kirchweiler,6.02,11.72
7233040,Kradenbach,9.57,10.68
7233041,Lissendorf,2.0,16.57
7233042,Mehren,2.02,8.48
7233043,Meisburg,6.77,24.47
7233046,Mückeln,8.07,15.6
7233048,Neichen,7.36,11.56
7233049,Nerdlen,6.64,8.65
7233050,Neroth,8.51,10.25
7233052,Niederstadtfeld,9.85,11.36
7233053,Oberbettingen,4.54,12.08
7233054,Oberehe-Stroheich,9.92,16.95
7233055,Oberstadtfeld,7.9,9.51
7233056,Pelm,1.64,7.76
7233058,Rockeskyll,4.41,11.03
7233060,Salm,11.63,18.47
7233061,Sarmersbach,4.7,9.45
7233062,Saxler,2.9,13.35
7233063,Schalkenmehren,5.29,8.01
7233064,Schönbach,4.72,12.37
7233065,Schutz,7.26,16.13
7233067,Steineberg,6.12,11.41
7233068,Steiningen,4.88,10.23
7233070,Strohn,4.07,17.31
7233071,Strotzbüsch,5.91,16.71
7233074,Udler,4.0,11.28
7233075,Üdersdorf,7.91,8.51
7233076,Üxheim,3.66,18.86
7233077,Utzerath,5.21,11.22
7233079,Wallenborn,13.52,14.79
7233080,Walsdorf,5.4,14.3
7233081,Weidenbach,10.12,20.18
7233083,Wiesbaum,7.84,20.68
7233084,Winkel (Eifel),5.71,15.4
7233201,Arbach,16.42,20.84
7233202,Bereborn,6.36,20.08
7233203,Berenbach,4.35,13.69
7233204,Birresborn,1.61,12.99
7233205,Bodenbach,10.26,19.14
7233206,Bongard,9.26,15.54
7233207,Borler,11.89,20.52
7233208,Brücktal,8.04,16.39
7233209,Densborn,1.72,22.13
7233210,Drees,11.76,12.85
7233211,Duppach,11.0,16.14
7233212,Gelenberg,6.41,16.37
7233213,Gunderath,8.82,16.89
7233214,Hallschlag,1.65,17.76
7233215,Höchstberg,7.82,20.13
7233216,Horperath,5.76,13.7
7233217,Kaperich,10.91,21.32
7233218,Kelberg,2.34,16.8
7233219,Kerschenbach,3.73,19.97
7233220,Kirsbach,10.35,17.13
7233221,Kötterichen,8.38,20.35
7233222,Kolverath,8.44,18.88
7233223,Kopp,5.3,14.8
7233224,Lirstal,12.19,21.18
7233225,Mannebach,7.64,21.6
7233226,Mosbruch,5.71,14.38
7233227,Mürlenbach,4.85,18.04
7233228,Nitz,15.05,16.26
7233229,Nohn,6.66,16.19
7233230,Oberelz,12.75,19.22
7233232,Ormont,4.2,14.19
7233233,Reimerath,5.27,16.39
7233234,Retterath,10.44,23.38
7233235,Reuth,7.78,12.43
7233236,Sassen,8.3,17.07
7233237,Scheid,3.33,19.18
7233239,Schüller,3.27,22.75
7233240,Stadtkyll,2.16,17.49
7233241,Steffeln,6.1,16.99
7233242,Uersfeld,10.64,19.22
7233243,Ueß,6.43,12.91
7233244,Welcherath,7.07,14.81
7233501,"Daun, Stadt",4.08,5.05
7235001,Aach,5.44,10.18
7235002,Ayl,4.31,8.05
7235003,Baldringen,3.04,17.48
7235004,Bekond,4.7,15.43
7235005,Bescheid,6.66,14.23
7235008,Beuren (Hochwald),1.31,14.67
7235010,Bonerath,6.96,22.14
7235014,Damflos,7.24,7.0
7235015,Detzem,6.49,20.64
7235019,Ensch,8.62,19.36
7235021,Farschweiler,6.58,14.79
7235022,Fell,9.0,14.8
7235025,Fisch,7.85,8.91
7235026,Föhren,2.45,12.83
7235027,Franzenheim,4.04,14.97
7235028,Freudenburg,2.01,10.33
7235030,Geisfeld,7.07,9.97
7235033,Greimerath,7.68,13.19
7235035,Grimburg,9.67,11.16
7235036,Gusenburg,7.26,8.67
7235037,Gusterath,1.87,16.78
7235038,Gutweiler,4.66,16.9
7235040,Heddert,2.66,20.87
7235043,Hentern,5.27,20.07
7235044,Herl,5.85,16.4
7235045,"Hermeskeil, Stadt",2.09,3.52
7235046,Hinzenburg,4.12,23.5
7235047,Hinzert-Pölert,4.83,9.36
7235048,Hockweiler,4.23,15.6
7235050,Holzerath,5.9,19.83
7235051,Igel,4.7,14.95
7235052,Irsch,1.36,8.28
7235055,Kanzem,7.25,11.99
7235056,Kasel,5.47,13.21
7235057,Kastel-Staadt,6.02,11.39
7235058,Kell am See,2.29,15.19
7235060,Kenn,2.16,10.37
7235062,Kirf,8.06,10.0
7235063,Klüsserath,7.84,19.96
7235067,Köwerich,4.64,21.74
7235068,"Konz, Stadt",3.98,14.54
7235069,Kordel,2.22,11.05
7235070,Korlingen,5.21,15.19
7235072,Lampaden,9.84,19.89
7235073,Langsur,7.83,18.46
7235074,Leiwen,1.92,22.13
7235077,Longen,3.87,11.25
7235078,Longuich,4.0,10.57
7235080,Lorscheid,7.96,14.06
7235081,Mandern,4.84,19.98
7235082,Mannebach,4.97,9.96
7235083,Mehring,8.65,15.3
7235085,Mertesdorf,5.51,12.42
7235090,Morscheid,2.93,18.8
7235091,Naurath (Eifel),6.39,15.95
7235092,Naurath (Wald),8.9,13.28
7235093,Neuhütten,9.25,9.81
7235094,Newel,4.02,13.51
7235095,Nittel,2.06,16.37
7235096,Oberbillig,5.98,18.16
7235098,Ockfen,3.32,7.87
7235100,Ollmuth,4.64,20.81
7235101,Onsdorf,5.24,13.41
7235103,Osburg,2.0,16.64
7235104,Palzem,7.41,16.97
7235105,Paschel,6.31,18.31
7235106,Pellingen,7.89,14.25
7235107,Pluwig,2.28,19.33
7235108,Pölich,10.55,18.06
7235111,Ralingen,7.58,18.29
7235112,Rascheid,6.73,11.48
7235114,Reinsfeld,2.47,9.97
7235115,Riol,7.41,14.02
7235116,Riveris,5.45,21.13
7235118,"Saarburg, Stadt",2.06,4.97
7235119,Schillingen,1.1,18.08
7235120,Schleich,10.26,20.37
7235122,Schoden,5.75,9.22
7235123,Schömerich,7.57,22.18
7235124,Schöndorf,4.19,21.12
7235125,"Schweich, Stadt",2.39,8.57
7235126,Serrig,6.06,8.62
7235129,Sommerau,5.98,17.49
7235131,Taben-Rodt,7.98,13.99
7235132,Tawern,1.72,13.57
7235133,Temmels,6.98,20.29
7235134,Thörnich,6.84,18.86
7235135,Thomm,6.26,15.07
7235136,Trassem,5.1,4.35
7235137,Trierweiler,4.16,11.79
7235140,Vierherrenborn,6.08,16.09
7235141,Waldrach,2.0,16.2
7235142,Waldweiler,3.68,17.17
7235143,Wasserliesch,3.14,14.94
7235144,Wawern,5.05,11.0
7235146,Wellen,5.31,21.35
7235148,Wiltingen,5.95,12.85
7235149,Wincheringen,9.06,13.55
7235151,Zemmer,3.91,15.21
7235152,Zerf,1.81,15.47
7235153,Züsch,6.99,7.56
7235154,Merzkirchen,8.88,8.18
7235207,Trittenheim,5.29,22.56
7235501,Welschbillig,4.11,15.6
7311000,"Frankenthal (Pfalz), Stadt",2.45,7.07
7312000,"Kaiserslautern, Stadt",2.67,8.09
7313000,"Landau in der Pfalz, Stadt",2.28,5.14
7314000,"Ludwigshafen am Rhein, Stadt",1.9,5.68
7315000,"Mainz, Stadt",2.05,8.01
7316000,"Neustadt an der Weinstraße, Stadt",2.56,6.63
7317000,"Pirmasens, Stadt",3.26,6.54
7318000,"Speyer, Stadt",2.62,5.47
7319000,"Worms, Stadt",2.15,9.46
7320000,"Zweibrücken, Stadt",2.94,6.12
7331001,Albig,4.72,5.39
7331002,Alsheim,1.85,18.74
7331003,"Alzey, Stadt",2.23,3.65
7331004,Armsheim,4.46,15.15
7331005,Bechenheim,6.82,11.63
7331006,Bechtheim,1.5,14.09
7331007,Bechtolsheim,3.7,11.84
7331008,Bermersheim vor der Höhe,5.18,6.19
7331009,Bermersheim,2.88,13.64
7331010,Biebelnheim,2.64,8.9
7331011,Hochborn,4.69,7.28
7331012,Bornheim,2.43,9.59
7331014,Dintesheim,3.48,7.68
7331015,Dittelsheim-Heßloch,5.99,15.38
7331017,Eckelsheim,4.89,12.3
7331018,Eich,2.89,20.06
7331019,Ensheim,5.91,7.72
7331020,Eppelsheim,1.59,9.92
7331021,Erbes-Büdesheim,2.79,6.99
7331022,Esselborn,5.99,6.61
7331023,Flörsheim-Dalsheim,1.78,12.94
7331024,Flomborn,2.18,9.28
7331025,Flonheim,1.55,10.57
7331026,Framersheim,1.35,8.63
7331027,Freimersheim,6.36,6.12
7331028,Frettenheim,4.81,18.97
7331029,Gabsheim,5.9,13.41
7331030,Gau-Bickelheim,1.35,15.07
7331031,Gau-Heppenheim,4.08,5.64
7331032,Gau-Odernheim,1.72,10.77
7331033,Gau-Weinheim,2.06,18.48
7331034,Gimbsheim,1.95,21.74
7331035,Gumbsheim,3.5,15.41
7331036,Gundersheim,1.76,12.22
7331037,Gundheim,1.12,11.62
7331038,Hamm am Rhein,1.81,22.44
7331039,Hangen-Weisheim,2.97,9.4
7331041,Hohen-Sülzen,4.77,14.11
7331042,Kettenheim,4.55,5.39
7331043,Lonsheim,4.22,8.09
7331044,Mauchenheim,6.26,8.6
7331045,Mettenheim,1.27,14.93
7331046,Mölsheim,4.47,15.16
7331047,Mörstadt,2.47,9.51
7331048,Monsheim,2.51,12.84
7331049,Monzernheim,5.99,10.04
7331050,Nack,5.09,10.2
7331051,Nieder-Wiesen,6.42,13.24
7331052,Ober-Flörsheim,4.56,10.89
7331053,Offenheim,4.31,9.57
7331054,Offstein,5.11,12.95
7331055,"Osthofen, Stadt",2.6,11.28
7331056,Partenheim,1.35,20.53
7331058,Saulheim,1.91,15.41
7331059,Schornsheim,5.04,11.96
7331060,Siefersheim,3.35,13.7
7331061,Spiesheim,5.9,9.93
7331062,Stein-Bockenheim,6.5,13.43
7331063,Sulzheim,2.79,15.36
7331064,Udenheim,4.3,15.28
7331065,Vendersheim,5.63,20.08
7331066,Wachenheim,5.44,14.87
7331067,Wahlheim,5.53,6.52
7331068,Wallertheim,2.17,17.59
7331070,Wendelsheim,1.69,8.55
7331071,Westhofen,1.71,13.49
7331072,Wöllstein,2.24,13.59
7331073,"Wörrstadt, Stadt",2.48,14.03
7331075,Wonsheim,4.13,11.52
7332001,Altleiningen,2.94,15.25
7332002,"Bad Dürkheim, Stadt",3.88,6.69
7332003,Battenberg (Pfalz),6.67,10.04
7332004,Bissersheim,1.94,10.05
7332005,Bobenheim am Berg,4.6,10.0
7332006,Bockenheim an der Weinstraße,1.87,9.36
7332007,Carlsberg,3.52,19.24
7332008,Dackenheim,3.16,9.67
7332009,"Deidesheim, Stadt",1.72,11.23
7332010,Dirmstein,1.75,9.69
7332012,Ebertsheim,1.36,9.67
7332013,Ellerstadt,1.75,10.15
7332014,Elmstein,5.33,28.41
7332015,Erpolzheim,5.39,9.94
7332016,Esthal,9.48,21.02
7332017,Forst an der Weinstraße,2.46,9.08
7332018,Frankeneck,3.61,15.55
7332019,"Freinsheim, Stadt",2.24,8.14
7332020,Friedelsheim,3.45,8.41
7332021,Gerolsheim,4.06,8.41
7332022,Gönnheim,1.52,9.82
7332023,Großkarlbach,3.84,11.08
7332024,"Grünstadt, Stadt",2.3,4.22
7332025,Haßloch,2.18,12.4
7332026,Herxheim am Berg,2.59,8.31
7332027,Hettenleidelheim,1.49,13.59
7332028,Kallstadt,1.66,5.47
7332029,Kindenheim,3.44,11.96
7332030,Kirchheim an der Weinstraße,1.35,8.09
7332031,Kleinkarlbach,3.12,7.59
7332032,"Lambrecht (Pfalz), Stadt",2.34,14.06
7332033,Laumersheim,3.33,10.88
7332034,Lindenberg,4.31,11.79
7332035,Meckenheim,1.63,11.56
7332036,Mertesheim,3.61,6.93
7332037,Neidenfels,4.55,16.17
7332038,Neuleiningen,5.45,10.18
7332039,Niederkirchen bei Deidesheim,1.44,10.59
7332040,Obersülzen,4.25,7.88
7332041,Obrigheim (Pfalz),2.14,7.88
7332042,Quirnheim,4.94,11.04
7332043,Ruppertsberg,3.28,10.82
7332044,Tiefenthal,5.22,10.16
7332046,"Wachenheim an der Weinstraße, Stadt",1.88,7.3
7332047,Wattenheim,2.24,14.4
7332048,Weidenthal,3.15,23.34
7332049,Weisenheim am Berg,2.88,10.09
7332050,Weisenheim am Sand,1.55,11.45
7333001,Albisheim (Pfrimm),1.44,10.66
7333003,Alsenz,2.22,16.35
7333004,Bayerfeld-Steckweiler,7.34,10.24
7333005,Bennhausen,3.59,12.71
7333006,Biedesheim,5.59,13.96
7333007,Bischheim,3.63,6.29
7333008,Bisterschied,9.47,9.24
7333009,Börrstadt,6.24,16.87
7333010,Bolanden,4.19,6.81
7333011,Breunigweiler,3.68,17.36
7333012,Bubenheim,5.96,15.66
7333013,Dannenfels,1.32,10.41
7333014,Dielkirchen,5.9,6.24
7333016,Dörrmoschel,6.62,6.27
7333017,Dreisen,6.32,11.07
7333018,Einselthum,4.03,13.03
7333019,"Eisenberg (Pfalz), Stadt",2.58,14.93
7333020,Falkenstein,9.95,11.62
7333021,Finkenbach-Gersweiler,4.36,14.03
7333022,Gauersheim,2.84,9.26
7333023,Gaugrehweiler,1.15,12.64
7333024,Gehrweiler,8.93,9.66
7333025,Gerbach,4.5,9.67
7333026,Göllheim,2.43,13.26
7333027,Gonbach,5.94,20.53
7333028,Gundersweiler,7.38,8.58
7333030,Höringen,10.28,14.03
7333031,Ilbesheim,6.68,8.48
7333032,Immesheim,2.44,12.7
7333033,Imsbach,4.04,14.14
7333034,Imsweiler,5.3,6.65
7333035,Jakobsweiler,4.02,13.37
7333036,Kalkofen,3.49,19.1
7333037,Katzenbach,5.08,5.29
7333038,Kerzenheim,2.1,14.56
7333039,"Kirchheimbolanden, Stadt",2.45,5.68
7333040,Kriegsfeld,1.72,15.35
7333041,Lautersheim,3.74,11.95
7333042,Lohnsfeld,4.6,16.76
7333043,Mannweiler-Cölln,5.54,11.14
7333045,Marnheim,4.92,8.19
7333046,Mörsfeld,5.64,15.25
7333047,Morschheim,5.8,7.7
7333048,Münchweiler an der Alsenz,5.99,17.33
7333049,Münsterappel,5.42,16.37
7333050,Niederhausen an der Appel,6.84,18.58
7333051,Niedermoschel,2.55,16.0
7333053,Oberhausen an der Appel,3.11,13.94
7333054,"Obermoschel, Stadt",1.21,13.49
7333055,Oberndorf,4.37,13.48
7333056,Oberwiesen,5.79,11.76
7333057,Orbis,5.42,8.8
7333058,Ottersheim,4.1,14.69
7333060,Ramsen,3.0,20.95
7333061,Ransweiler,8.42,9.57
7333062,Rittersheim,4.48,7.37
7333064,Rüssingen,6.42,16.51
7333065,Ruppertsecken,7.2,9.32
7333066,Sankt Alban,2.19,10.08
7333067,Schiersfeld,1.76,14.93
7333068,Schönborn,8.06,7.73
7333069,Schweisweiler,5.92,10.03
7333071,Sippersfeld,1.2,20.56
7333072,Sitters,3.26,16.07
7333073,Stahlberg,10.3,10.19
7333074,Standenbühl,7.0,12.74
7333075,Steinbach am Donnersberg,5.58,14.96
7333076,Stetten,4.01,10.21
7333077,Teschenmoschel,8.59,8.35
7333078,Unkenbach,3.12,10.9
7333079,Waldgrehweiler,6.54,11.83
7333080,Wartenberg-Rohrbach,7.68,16.82
7333081,Weitersweiler,5.33,11.56
7333083,Winterborn,6.32,19.7
7333084,Würzweiler,5.56,6.39
7333201,Rathskirchen,9.99,9.81
7333202,Reichsthal,10.01,12.64
7333203,Seelen,8.36,14.69
7333501,Zellertal,4.6,13.38
7333502,"Rockenhausen, Stadt",3.3,4.6
7333503,Winnweiler,3.5,14.97
7334001,Bellheim,2.6,8.85
7334002,Berg (Pfalz),1.78,16.55
7334004,Erlenbach bei Kandel,6.47,7.06
7334005,Freckenfeld,2.8,10.19
7334006,Freisbach,3.18,12.85
7334007,"Germersheim, Stadt",2.1,4.08
7334008,"Hagenbach, Stadt",1.64,12.65
7334009,Hatzenbühl,1.42,8.37
7334011,Hördt,2.51,8.49
7334012,Jockgrim,2.16,10.31
7334013,"Kandel, Stadt",2.74,3.93
7334014,Knittelsheim,4.3,14.45
7334015,Kuhardt,1.81,9.3
7334016,Leimersheim,4.07,13.1
7334017,Lingenfeld,2.11,5.25
7334018,Lustadt,2.54,12.36
7334020,Minfeld,1.29,7.68
7334021,Neuburg am Rhein,5.62,17.03
7334022,Neupotz,1.78,11.69
7334023,Ottersheim bei Landau,1.57,13.49
7334024,Rheinzabern,1.71,10.23
7334025,Rülzheim,1.8,9.31
7334027,Scheibenhardt,5.46,15.28
7334028,Schwegenheim,2.57,9.05
7334030,Steinweiler,1.68,8.88
7334031,Vollmersweiler,2.82,11.62
7334032,Weingarten (Pfalz),1.42,10.62
7334033,Westheim (Pfalz),4.39,8.62
7334034,Winden,1.59,9.34
7334036,Zeiskam,2.07,13.52
7334501,"Wörth am Rhein, Stadt",2.04,11.45
7335002,Bann,4.59,6.59
7335003,Bruchmühlbach-Miesau,2.18,14.7
7335004,Enkenbach-Alsenborn,2.17,17.65
7335005,Erzenhausen,6.26,21.25
7335006,Eulenbis,8.38,22.78
7335007,Fischbach,5.02,17.75
7335009,Frankelbach,3.44,23.57
7335010,Frankenstein,4.89,22.19
7335011,Gerhardsbrunn,6.04,12.63
7335012,Hauptstuhl,3.92,11.65
7335013,Heiligenmoschel,7.1,14.52
7335014,Hirschhorn/ Pfalz,4.67,17.86
7335015,Hochspeyer,1.98,17.54
7335016,Hütschenhausen,2.92,11.88
7335017,Katzweiler,2.17,14.82
7335018,Kindsbach,6.45,10.84
7335019,Kollweiler,5.26,20.92
7335020,Kottweiler-Schwanden,3.3,16.59
7335021,Krickenbach,6.36,16.31
7335022,"Landstuhl, Sickingenstadt, Stadt",2.6,5.14
7335023,Linden,5.34,13.39
7335024,Mackenbach,2.06,15.56
7335025,Mehlbach,4.74,18.16
7335026,Mehlingen,6.36,15.41
7335027,Mittelbrunn,6.37,5.78
7335028,Neuhemsbach,5.74,21.37
7335029,Niederkirchen,2.65,20.3
7335030,Niedermohr,4.78,15.48
7335031,Oberarnbach,6.46,7.55
7335033,Olsbrücken,1.21,21.2
7335034,Otterbach,1.95,11.12
7335035,"Otterberg, Stadt",4.35,16.07
7335037,Queidersbach,2.13,10.22
7335038,"Ramstein-Miesenbach, Stadt",2.41,11.88
7335040,Rodenbach,2.5,16.09
7335041,Schallodenbach,2.2,18.22
7335042,Schneckenhausen,5.03,15.9
7335043,Schwedelbach,5.62,18.0
7335044,Steinwenden,1.86,14.3
7335045,Stelzenberg,7.18,14.24
7335046,Sulzbachtal,4.04,20.36
7335047,Trippstadt,3.13,20.37
7335048,Waldleiningen,8.58,19.71
7335049,Weilerbach,2.54,17.34
7335201,Lambsborn,4.43,16.97
7335202,Langwieden,3.61,10.92
7335203,Martinshöhe,1.2,13.75
7335204,Schopp,1.42,16.87
7335205,Sembach,8.96,15.08
7335501,Reichenbach-Steegen,2.06,20.82
7336001,Adenbach,8.45,10.93
7336002,Albessen,7.06,9.79
7336003,Altenglan,2.2,12.96
7336004,Altenkirchen,1.67,14.12
7336005,Aschbach,7.21,24.47
7336006,Blaubach,4.81,4.66
7336008,Börsborn,4.97,18.5
7336009,Bosenbach,4.01,17.9
7336010,Breitenbach,1.91,15.35
7336011,Brücken (Pfalz),1.95,18.76
7336012,Buborn,4.78,19.83
7336013,Cronenberg,8.33,16.29
7336014,Deimberg,3.39,21.97
7336015,Dennweiler-Frohnbach,10.2,9.41
7336016,Dittweiler,3.36,15.48
7336017,Dunzweiler,6.36,20.35
7336018,Ehweiler,6.96,6.37
7336019,Einöllen,8.24,20.61
7336021,Elzweiler,8.58,19.71
7336022,Erdesbach,5.15,14.9
7336023,Eßweiler,4.82,24.18
7336024,Etschberg,7.25,10.36
7336025,Föckelberg,6.97,19.21
7336027,Frohnhofen,4.2,10.93
7336029,Ginsweiler,10.73,13.85
7336030,Glanbrücken,3.86,21.61
7336031,Glan-Münchweiler,1.28,11.84
7336032,Gries,4.06,19.67
7336033,Grumbach,1.34,17.02
7336034,Haschbach am Remigiusberg,3.51,8.54
7336035,Hausweiler,3.72,15.93
7336036,Hefersweiler,4.35,17.49
7336037,Henschtal,3.84,13.99
7336038,Heinzenhausen,3.46,17.05
7336039,Herchweiler,5.74,12.27
7336040,Herren-Sulzbach,4.28,19.13
7336041,Herschweiler-Pettersheim,1.47,11.81
7336042,Hinzweiler,5.31,23.06
7336043,Hohenöllen,6.69,19.95
7336044,Homberg,4.72,19.66
7336045,Hoppstädten,5.65,22.1
7336046,Horschbach,7.93,19.87
7336047,Hüffler,7.57,9.2
7336048,Jettenbach,1.6,21.73
7336049,Kappeln,5.01,16.91
7336050,Kirrweiler,5.51,22.63
7336051,Körborn,6.48,5.86
7336052,Konken,4.75,7.07
7336053,Kreimbach-Kaulbach,3.83,24.3
7336054,Krottelbach,3.02,14.01
7336055,"Kusel, Stadt",2.73,4.88
7336056,Langenbach,4.21,11.08
7336057,Langweiler,4.57,19.74
7336058,"Lauterecken, Stadt",1.91,14.53
7336060,Lohnweiler,3.38,16.67
7336061,Medard,4.22,10.48
7336062,Merzweiler,4.64,19.76
7336064,Nanzdietschweiler,1.38,14.29
7336065,Nerzweiler,3.4,21.92
7336066,Neunkirchen am Potzberg,4.7,16.51
7336067,Niederalben,9.9,16.82
7336068,Niederstaufenbach,4.66,18.02
7336069,Nußbach,9.9,12.94
7336070,Oberalben,10.51,9.82
7336071,Oberstaufenbach,2.86,18.84
7336072,Oberweiler im Tal,7.0,23.69
7336073,Oberweiler-Tiefenbach,3.6,22.2
7336074,Odenbach,5.21,7.75
7336075,Offenbach-Hundheim,1.5,19.85
7336076,Ohmbach,4.14,15.37
7336077,Pfeffelbach,2.19,6.98
7336079,Rammelsbach,1.38,9.51
7336081,Rathsweiler,8.23,15.08
7336082,Rehweiler,3.38,13.66
7336084,Reichweiler,4.98,10.26
7336085,Reipoltskirchen,8.3,15.54
7336086,Relsberg,6.61,21.43
7336087,Rothselberg,5.17,24.78
7336088,Ruthweiler,4.67,3.42
7336089,Rutsweiler am Glan,3.46,11.61
7336090,Rutsweiler an der Lauter,3.45,25.79
7336091,Schellweiler,6.35,7.19
7336092,Schönenberg-Kübelberg,2.1,17.78
7336094,Selchenbach,5.82,12.3
7336095,Sankt Julian,6.38,19.93
7336096,Steinbach am Glan,5.24,16.7
7336097,Thallichtenberg,3.98,5.96
7336098,Theisbergstegen,5.34,11.42
7336099,Ulmet,7.56,14.37
7336100,Unterjeckenbach,10.14,25.07
7336101,Wahnwegen,5.01,11.55
7336102,"Waldmohr, Stadt",1.7,14.62
7336103,Welchweiler,6.72,17.82
7336104,Wiesweiler,3.27,16.16
7336105,"Wolfstein, Stadt",2.42,23.99
7336106,Bedesbach,4.36,14.52
7336107,Matzenbach,5.24,13.39
7336501,Quirnbach/ Pfalz,4.96,14.09
7337001,Albersweiler,1.48,8.39
7337002,Altdorf,1.22,11.86
7337005,"Bad Bergzabern, Stadt",1.87,4.0
7337006,Barbelroth,4.89,8.15
7337007,Billigheim-Ingenheim,2.0,9.54
7337008,Birkenhördt,6.61,9.37
7337009,Birkweiler,4.18,5.98
7337011,Böbingen,3.0,14.91
7337012,Böchingen,2.85,6.88
7337013,Böllenborn,6.3,9.92
7337014,Bornheim,4.58,8.41
7337015,Burrweiler,4.21,10.57
7337017,Dernbach,6.26,10.8
7337018,Dierbach,4.48,9.97
7337019,Dörrenbach,5.53,8.54
7337020,"Edenkoben, Stadt",2.42,11.26
7337021,Edesheim,1.47,10.52
7337022,Eschbach,3.7,4.76
7337023,Essingen,1.41,9.29
7337024,Eußerthal,7.78,12.54
7337025,Flemlingen,4.11,8.48
7337026,Frankweiler,1.07,7.93
7337027,Freimersheim (Pfalz),3.98,13.78
7337028,Gleisweiler,2.76,9.35
7337029,Gleiszellen-Gleishorbach,1.42,6.09
7337031,Göcklingen,1.55,5.94
7337032,Gommersheim,4.22,13.83
7337033,Gossersweiler-Stein,1.64,9.46
7337035,Großfischlingen,3.78,12.22
7337036,Hainfeld,3.08,11.3
7337037,Hergersweiler,2.11,9.04
7337038,Herxheim bei Landau/ Pfalz,2.66,11.65
7337039,Herxheimweyher,3.9,11.9
7337040,Heuchelheim-Klingen,3.38,7.31
7337041,Hochstadt (Pfalz),1.84,10.52
7337042,Ilbesheim bei Landau in der Pfalz,1.44,7.29
7337043,Impflingen,3.67,6.03
7337044,Insheim,1.13,7.05
7337045,Kapellen-Drusweiler,4.65,5.3
7337046,Kapsweyer,1.94,10.44
7337047,Kirrweiler (Pfalz),1.64,7.91
7337048,Kleinfischlingen,3.88,12.72
7337049,Klingenmünster,2.41,3.17
7337050,Knöringen,3.16,8.38
7337051,Leinsweiler,5.33,7.22
7337052,Maikammer,1.58,8.13
7337054,Münchweiler am Klingbach,4.94,6.85
7337055,Niederhorbach,5.68,5.93
7337056,Niederotterbach,3.26,9.16
7337058,Oberhausen,5.2,6.3
7337059,Oberotterbach,0.96,8.26
7337060,Oberschlettenbach,11.63,17.91
7337061,Offenbach an der Queich,2.64,9.98
7337062,Pleisweiler-Oberhofen,3.5,3.48
7337064,Ramberg,9.56,14.16
7337065,Ranschbach,6.44,8.33
7337066,Rhodt unter Rietburg,1.52,13.67
7337067,Rinnthal,6.63,7.44
7337068,Rohrbach,1.34,9.1
7337069,Roschbach,3.83,8.69
7337070,Sankt Martin,1.36,10.51
7337071,Schweigen-Rechtenbach,1.45,10.66
7337072,Schweighofen,3.68,11.73
7337073,Siebeldingen,2.87,6.21
7337074,Silz,3.9,8.52
7337076,Steinfeld,1.63,10.06
7337077,Venningen,3.34,12.12
7337078,Völkersweiler,2.88,7.91
7337079,Vorderweidenthal,10.04,14.46
7337080,Waldhambach,6.57,4.72
7337081,Waldrohrbach,6.59,6.58
7337082,Walsheim,4.36,7.73
7337083,Wernersberg,5.28,5.79
7337084,Weyher in der Pfalz,3.92,15.64
7337501,"Annweiler am Trifels, Stadt",2.99,5.23
7338001,Altrip,3.07,14.99
7338002,Beindersheim,1.38,6.12
7338003,Birkenheide,2.2,9.68
7338004,Bobenheim-Roxheim,1.68,10.65
7338005,Böhl-Iggelheim,2.29,13.57
7338006,Dannstadt-Schauernheim,2.6,12.03
7338007,Dudenhofen,2.12,5.7
7338008,Fußgönheim,4.68,9.62
7338009,Großniedesheim,3.62,8.63
7338010,Hanhofen,1.62,8.37
7338011,Harthausen,1.7,9.51
7338012,Heßheim,1.4,4.99
7338013,Heuchelheim bei Frankenthal,3.43,7.33
7338014,Hochdorf-Assenheim,2.88,12.34
7338015,Kleinniedesheim,3.46,10.69
7338016,Lambsheim,2.61,9.85
7338017,Limburgerhof,2.33,10.76
7338018,Maxdorf,1.81,9.8
7338019,Mutterstadt,2.34,8.96
7338020,Neuhofen,1.46,10.4
7338021,Otterstadt,2.13,10.76
7338022,Rödersheim-Gronau,1.98,13.42
7338023,Römerberg,2.06,8.22
7338025,"Schifferstadt, Stadt",2.4,12.17
7338026,Waldsee,2.17,11.73
7339001,Appenheim,3.81,15.55
7339002,Aspisheim,5.53,13.85
7339003,"Bacharach, Stadt",3.9,10.48
7339004,Badenheim,4.84,14.12
7339005,"Bingen am Rhein, Stadt",2.21,7.94
7339006,Bodenheim,2.34,14.57
7339007,Breitscheid,10.51,17.53
7339008,Bubenheim,3.48,12.24
7339009,Budenheim,2.99,15.11
7339010,Dalheim,7.56,22.98
7339011,Dexheim,4.88,21.21
7339012,Dienheim,2.63,24.21
7339013,Dolgesheim,6.62,20.49
7339015,Eimsheim,6.73,22.32
7339016,Engelstadt,3.56,15.85
7339017,Essenheim,1.46,13.46
7339018,Friesenheim,5.11,18.6
7339019,"Gau-Algesheim, Stadt",2.03,11.97
7339020,Gau-Bischofsheim,1.74,12.64
7339021,Gensingen,1.7,12.73
7339022,Grolsheim,4.4,11.2
7339024,Guntersblum,1.8,22.07
7339025,Hahnheim,1.34,18.45
7339026,Harxheim,1.77,13.28
7339028,Hillesheim,3.63,17.39
7339029,Horrweiler,3.64,15.06
7339030,"Ingelheim am Rhein, Stadt",2.0,7.32
7339031,Jugenheim in Rheinhessen,2.7,19.56
7339032,Klein-Winternheim,1.74,8.25
7339033,Köngernheim,3.23,16.98
7339034,Lörzweiler,3.13,16.2
7339035,Ludwigshöhe,3.17,24.31
7339036,Manubach,7.27,13.73
7339037,Mommenheim,1.81,16.44
7339038,Münster-Sarmsheim,1.68,7.09
7339039,Nackenheim,2.31,15.51
7339040,Niederheimbach,6.14,12.68
7339041,Nieder-Hilbersheim,1.45,17.78
7339042,"Nieder-Olm, Stadt",1.94,12.45
7339043,"Nierstein, Stadt",1.87,19.0
7339044,Oberdiebach,5.28,11.7
7339045,Oberheimbach,8.37,14.94
7339046,Ober-Hilbersheim,1.98,19.36
7339047,Ober-Olm,2.27,10.68
7339048,Ockenheim,1.87,13.17
7339049,"Oppenheim, Stadt",1.89,22.39
7339050,Sankt Johann,3.96,17.71
7339051,Schwabenheim an der Selz,1.63,10.93
7339053,Selzen,2.79,18.46
7339054,Sörgenloch,4.74,15.68
7339056,Sprendlingen,1.92,14.72
7339057,Stadecken-Elsheim,2.45,13.92
7339058,Trechtingshausen,7.0,11.15
7339059,Uelversheim,6.84,22.66
7339060,Undenheim,1.46,15.36
7339062,Waldalgesheim,3.09,14.0
7339063,Weiler bei Bingen,2.08,9.35
7339064,Weinolsheim,7.02,20.68
7339065,Welgesheim,5.36,11.68
7339066,Wintersheim,3.93,19.45
7339067,Zornheim,1.73,16.51
7339068,Zotzenheim,3.4,12.62
7339201,Dorn-Dürkheim,1.71,17.24
7339202,Wolfsheim,4.81,19.79
7340001,Bobenthal,7.82,20.51
7340002,Busenberg,1.88,25.05
7340003,Clausen,1.88,8.62
7340004,"Dahn, Stadt",2.62,21.24
7340005,Darstein,8.27,13.97
7340006,Dimbach,7.25,12.46
7340007,Donsieders,3.77,7.46
7340008,Eppenbrunn,6.2,16.59
7340009,Erfweiler,5.62,24.59
7340010,Erlenbach bei Dahn,8.22,14.97
7340011,Fischbach bei Dahn,11.74,26.45
7340012,Geiselberg,8.49,21.43
7340014,Hauenstein,1.4,14.75
7340015,Heltersberg,8.32,19.45
7340016,Hermersberg,1.6,15.23
7340017,Herschberg,5.02,17.38
7340018,Hettenhausen,4.04,15.37
7340019,Hilst,6.32,16.63
7340020,Hinterweidenthal,4.04,15.75
7340021,Hirschthal,11.17,32.95
7340022,Höheinöd,5.32,15.86
7340023,Höheischweiler,4.58,11.19
7340024,Höhfröschen,3.92,11.88
7340025,Horbach,5.6,16.69
7340026,Kröppen,1.8,14.42
7340027,Leimen,1.55,16.7
7340028,Lemberg,3.54,9.65
7340029,Ludwigswinkel,20.13,26.28
7340030,Lug,5.02,10.13
7340031,Merzalben,1.32,9.71
7340032,Münchweiler an der Rodalb,2.0,10.02
7340033,Niederschlettenbach,4.18,18.62
7340034,Nothweiler,5.78,23.0
7340035,Nünschweiler,5.58,14.16
7340036,Obersimten,5.53,8.12
7340037,Petersberg,3.28,10.89
7340038,"Rodalben, Stadt",2.22,4.05
7340039,Rumbach,2.62,25.13
7340040,Ruppertsweiler,6.2,10.58
7340041,Saalstadt,4.43,16.26
7340042,Schauerberg,8.97,18.81
7340043,Schindhard,3.2,24.31
7340044,Schmalenberg,10.74,25.42
7340045,Schönau (Pfalz),9.74,30.0
7340047,Schwanheim,6.57,12.5
7340048,Schweix,7.88,18.08
7340049,Spirkelbach,7.41,11.68
7340050,Steinalben,3.94,16.58
7340051,Thaleischweiler-Fröschen,1.68,11.71
7340052,Trulben,2.51,12.53
7340053,Vinningen,2.0,11.29
7340054,Waldfischbach-Burgalben,2.86,12.38
7340055,Weselberg,4.49,12.34
7340057,Wilgartswiesen,6.01,16.14
7340201,Althornbach,2.66,10.24
7340202,Battweiler,7.27,13.86
7340203,Bechhofen,2.04,14.72
7340204,Biedershausen,6.87,18.32
7340205,Bottenbach,6.19,13.18
7340206,Contwig,2.29,9.62
7340207,Dellfeld,2.7,13.4
7340208,Dietrichingen,11.98,13.71
7340209,Großbundenbach,3.36,12.99
7340210,Großsteinhausen,9.18,15.06
7340211,"Hornbach, Stadt",1.47,13.92
7340212,Käshofen,5.46,9.98
7340213,Kleinbundenbach,1.2,14.7
7340214,Kleinsteinhausen,7.16,13.46
7340215,Knopp-Labach,5.76,14.72
7340216,Krähenberg,8.41,16.41
7340217,Maßweiler,1.37,16.31
7340218,Mauschbach,3.19,15.14
7340219,Obernheim-Kirchenarnbach,2.38,13.3
7340220,Reifenberg,4.59,18.87
7340221,Riedelberg,12.64,17.78
7340222,Rieschweiler-Mühlbach,2.07,16.26
7340223,Rosenkopf,4.39,13.18
7340224,Schmitshausen,5.38,17.38
7340225,Wallhalben,2.08,14.68
7340226,Walshausen,5.02,11.34
7340227,Wiesbach,9.11,14.55
7340228,Winterbach (Pfalz),7.28,13.76
7340501,Bruchweiler-Bärenbach,2.82,25.9
7340502,Bundenthal,1.48,22.89
8111000,"Stuttgart, Landeshauptstadt",1.96,8.96
8115001,Aidlingen,2.51,16.05
8115002,Altdorf,2.06,14.51
8115003,"Böblingen, Stadt",1.79,6.81
8115004,Bondorf,2.08,12.8
8115010,Deckenpfronn,1.34,12.15
8115013,Ehningen,2.01,12.03
8115015,Gärtringen,2.22,11.05
8115016,Gäufelden,1.93,9.32
8115021,"Herrenberg, Stadt",2.0,5.59
8115022,Hildrizhausen,1.61,11.78
8115024,"Holzgerlingen, Stadt",2.97,13.46
8115028,"Leonberg, Stadt",2.23,7.19
8115029,Magstadt,1.94,12.01
8115034,Mötzingen,5.55,10.25
8115037,Nufringen,2.25,8.1
8115041,"Renningen, Stadt",2.46,13.27
8115042,"Rutesheim, Stadt",2.24,7.98
8115044,Schönaich,2.12,9.3
8115045,"Sindelfingen, Stadt",1.9,7.12
8115046,Steinenbronn,2.01,12.99
8115048,"Waldenbuch, Stadt",2.44,9.83
8115050,"Weil der Stadt, Stadt",2.65,15.46
8115051,Weil im Schönbuch,3.06,15.83
8115052,Weissach,2.72,14.55
8115053,Jettingen,2.12,11.2
8115054,Grafenau,2.75,14.26
8116004,Altbach,1.97,11.02
8116005,Altdorf,4.78,17.57
8116006,Altenriet,1.32,17.71
8116007,Baltmannsweiler,2.28,13.59
8116008,Bempflingen,1.9,16.59
8116011,Beuren,2.13,16.64
8116012,Bissingen an der Teck,1.62,14.67
8116014,Deizisau,2.5,13.64
8116015,Denkendorf,1.92,14.61
8116016,Dettingen unter Teck,2.26,9.1
8116018,Erkenbrechtsweiler,1.36,17.27
8116019,"Esslingen am Neckar, Stadt",2.14,7.75
8116020,Frickenhausen,1.88,13.93
8116022,Großbettlingen,1.81,13.6
8116027,Hochdorf,2.81,13.9
8116029,Holzmaden,1.4,12.14
8116033,"Kirchheim unter Teck, Stadt",2.13,5.95
8116035,Köngen,2.2,14.07
8116036,Kohlberg,1.46,15.82
8116037,Lichtenwald,2.56,10.76
8116041,Neckartailfingen,1.92,14.72
8116042,Neckartenzlingen,2.21,17.38
8116043,Neidlingen,5.64,18.9
8116046,"Neuffen, Stadt",1.98,17.52
8116047,Neuhausen auf den Fildern,2.11,14.77
8116048,Notzingen,2.17,9.07
8116049,"Nürtingen, Stadt",2.36,8.87
8116050,Oberboihingen,1.98,9.23
8116053,Ohmden,3.88,12.19
8116054,"Owen, Stadt",1.95,12.79
8116056,"Plochingen, Stadt",2.7,15.36
8116058,Reichenbach an der Fils,2.62,17.17
8116063,Schlaitdorf,1.46,14.69
8116068,Unterensingen,2.13,11.37
8116070,"Weilheim an der Teck, Stadt",2.55,14.68
8116071,"Wendlingen am Neckar, Stadt",2.6,10.74
8116072,"Wernau (Neckar), Stadt",2.97,12.08
8116073,Wolfschlugen,1.42,12.89
8116076,Aichwald,2.8,14.21
8116077,"Filderstadt, Stadt",1.73,6.95
8116078,"Leinfelden-Echterdingen, Stadt",1.69,12.55
8116079,Lenningen,3.5,19.14
8116080,"Ostfildern, Stadt",1.89,7.27
8116081,"Aichtal, Stadt",1.92,11.62
8117001,Adelberg,2.06,12.64
8117002,Aichelberg,4.19,11.16
8117003,Albershausen,1.86,13.26
8117006,Bad Ditzenbach,2.01,19.03
8117007,Bad Überkingen,5.13,11.42
8117009,Birenbach,1.46,16.91
8117010,Böhmenkirch,4.09,14.63
8117011,Börtlingen,2.23,16.38
8117012,Bad Boll,2.39,12.95
8117014,Deggingen,2.96,15.75
8117015,"Donzdorf, Stadt",3.9,19.12
8117016,Drackenstein,6.82,23.63
8117017,Dürnau,1.69,12.53
8117018,"Ebersbach an der Fils, Stadt",3.34,14.53
8117019,"Eislingen/Fils, Stadt",2.66,11.74
8117020,Eschenbach,2.94,11.74
8117023,Gammelshausen,3.05,11.17
8117024,"Geislingen an der Steige, Stadt",3.99,6.73
8117025,Gingen an der Fils,2.11,11.92
8117026,"Göppingen, Stadt",2.09,9.37
8117028,Gruibingen,2.02,16.95
8117029,Hattenhofen,1.89,13.44
8117030,Heiningen,2.03,8.42
8117031,Hohenstadt,9.05,23.79
8117033,Kuchen,1.73,7.98
8117035,Mühlhausen im Täle,4.54,20.27
8117037,Ottenbach,7.9,20.06
8117038,Rechberghausen,2.28,13.43
8117042,Salach,2.5,14.39
8117043,Schlat,4.29,12.14
8117044,Schlierbach,2.02,11.55
8117049,"Süßen, Stadt",2.23,13.04
8117051,"Uhingen, Stadt",3.17,12.44
8117053,Wäschenbeuren,2.34,19.22
8117055,Wangen,1.98,12.16
8117058,"Wiesensteig, Stadt",2.74,22.38
8117060,Zell unter Aichelberg,1.63,13.18
8117061,"Lauterstein, Stadt",6.95,20.74
8118001,Affalterbach,2.53,9.77
8118003,"Asperg, Stadt",1.8,6.26
8118006,Benningen am Neckar,1.81,5.89
8118007,"Besigheim, Stadt",3.92,11.38
8118010,"Bönnigheim, Stadt",2.4,17.23
8118011,"Ditzingen, Stadt",2.46,11.7
8118012,Eberdingen,3.76,16.31
8118014,Erdmannhausen,1.9,6.44
8118015,Erligheim,2.02,13.83
8118016,Freudental,1.46,12.32
8118018,Gemmrigheim,2.59,15.1
8118019,"Gerlingen, Stadt",2.3,7.43
8118021,"Großbottwar, Stadt",3.25,13.23
8118027,Hemmingen,1.84,13.97
8118028,Hessigheim,1.5,13.97
8118040,Kirchheim am Neckar,1.88,16.62
8118046,"Kornwestheim, Stadt",2.15,9.53
8118047,Löchgau,2.47,10.59
8118048,"Ludwigsburg, Stadt",1.83,6.73
8118049,"Marbach am Neckar, Stadt",2.38,6.33
8118050,"Markgröningen, Stadt",2.07,6.09
8118051,Möglingen,2.06,7.42
8118053,Mundelsheim,1.51,14.5
8118054,Murr,2.15,6.16
8118059,"Oberriexingen, Stadt",1.94,13.83
8118060,Oberstenfeld,2.61,18.18
8118063,Pleidelsheim,2.02,8.63
8118067,Schwieberdingen,2.47,8.62
8118068,Sersheim,2.04,13.35
8118070,"Steinheim an der Murr, Stadt",3.49,9.7
8118071,Tamm,2.19,7.33
8118073,"Vaihingen an der Enz, Stadt",2.92,13.2
8118074,Walheim,1.78,12.21
8118076,"Sachsenheim, Stadt",2.42,13.71
8118077,Ingersheim,2.12,8.29
8118078,"Freiberg am Neckar, Stadt",2.13,8.69
8118079,"Bietigheim-Bissingen, Stadt",2.06,5.92
8118080,"Korntal-Münchingen, Stadt",2.65,12.86
8118081,"Remseck am Neckar, Stadt",2.8,11.39
8119001,Alfdorf,4.92,16.4
8119003,Allmersbach im Tal,2.44,15.7
8119004,Althütte,3.41,21.41
8119006,Auenwald,2.68,21.33
8119008,"Backnang, Stadt",3.36,14.84
8119018,Burgstetten,2.84,11.86
8119020,"Fellbach, Stadt",1.94,9.22
8119024,Großerlach,9.19,27.32
8119037,Kaisersbach,5.58,26.46
8119038,Kirchberg an der Murr,2.41,11.26
8119041,Korb,1.45,9.78
8119042,Leutenbach,1.45,6.73
8119044,"Murrhardt, Stadt",4.54,31.06
8119053,Oppenweiler,2.45,23.29
8119055,Plüderhausen,2.46,13.2
8119061,Rudersberg,3.45,17.73
8119067,"Schorndorf, Stadt",2.33,6.9
8119068,Schwaikheim,1.9,7.66
8119069,Spiegelberg,7.91,29.79
8119075,Sulzbach an der Murr,3.1,29.08
8119076,Urbach,2.76,10.25
8119079,"Waiblingen, Stadt",2.22,11.85
8119083,Weissach im Tal,2.86,16.57
8119084,"Welzheim, Stadt",3.2,21.49
8119085,"Winnenden, Stadt",3.03,5.71
8119086,Winterbach,1.68,9.29
8119087,Aspach,2.7,16.93
8119089,Berglen,4.43,11.23
8119090,Remshalden,2.17,11.42
8119091,"Weinstadt, Stadt",1.84,14.92
8119093,Kernen im Remstal,1.92,13.23
8121000,"Heilbronn, Universitätsstadt",2.04,8.84
8125001,Abstatt,2.14,17.74
8125005,"Bad Friedrichshall, Stadt",2.65,6.95
8125006,"Bad Rappenau, Stadt",2.77,8.18
8125007,"Bad Wimpfen, Stadt",3.33,10.29
8125008,"Beilstein, Stadt",3.3,21.53
8125013,"Brackenheim, Stadt",2.6,21.73
8125017,Cleebronn,1.99,19.34
8125021,Eberstadt,2.52,16.79
8125024,Ellhofen,1.76,14.5
8125026,"Eppingen, Stadt",2.76,21.02
8125027,Erlenbach,2.27,11.38
8125030,Flein,2.0,13.55
8125034,Gemmingen,3.56,20.21
8125038,"Güglingen, Stadt",1.92,24.39
8125039,"Gundelsheim, Stadt",5.28,15.25
8125046,Ilsfeld,3.23,18.1
8125047,Ittlingen,2.0,12.72
8125048,Jagsthausen,2.69,20.95
8125049,Kirchardt,2.98,14.51
8125056,"Lauffen am Neckar, Stadt",3.0,17.94
8125057,Lehrensteinsfeld,1.66,15.16
8125058,"Leingarten, Stadt",2.67,12.76
8125059,"Löwenstein, Stadt",4.26,23.48
8125061,Massenbachhausen,1.66,14.68
8125063,"Möckmühl, Stadt",3.42,24.46
8125065,"Neckarsulm, Stadt",1.86,6.65
8125066,Neckarwestheim,2.08,18.75
8125068,"Neudenau, Stadt",4.46,19.53
8125069,"Neuenstadt am Kocher, Stadt",3.83,13.98
8125074,Nordheim,2.35,15.88
8125078,Oedheim,3.18,10.02
8125079,Offenau,2.01,10.48
8125081,Pfaffenhofen,2.33,27.8
8125084,Roigheim,2.55,22.42
8125086,"Schwaigern, Stadt",3.08,18.15
8125087,Siegelsbach,1.67,8.64
8125094,Talheim,2.5,13.49
8125096,Untereisesheim,2.06,10.84
8125098,Untergruppenbach,2.4,18.57
8125102,"Weinsberg, Stadt",2.73,14.78
8125103,"Widdern, Stadt",3.75,25.87
8125107,Wüstenrot,5.14,24.27
8125108,Zaberfeld,2.99,23.28
8125110,Obersulm,2.45,18.39
8125111,Hardthausen am Kocher,3.93,15.8
8125113,Langenbrettach,1.34,12.01
8126011,Bretzfeld,4.64,11.23
8126020,Dörzbach,3.77,19.34
8126028,"Forchtenberg, Stadt",5.09,18.09
8126039,"Ingelfingen, Stadt",6.75,27.33
8126045,"Krautheim, Stadt",4.84,22.9
8126046,"Künzelsau, Stadt",5.66,25.29
8126047,Kupferzell,5.56,16.95
8126056,Mulfingen,5.3,25.82
8126058,"Neuenstein, Stadt",4.99,13.45
8126060,"Niedernhall, Stadt",2.46,21.09
8126066,"Öhringen, Stadt",3.36,7.11
8126069,Pfedelbach,4.5,11.86
8126072,Schöntal,3.67,27.2
8126085,"Waldenburg, Stadt",5.12,19.08
8126086,Weißbach,3.18,23.86
8126094,Zweiflingen,7.88,11.37
8127008,Blaufelden,6.09,24.67
8127009,Braunsbach,5.46,17.63
8127012,Bühlertann,2.38,22.92
8127013,Bühlerzell,5.0,26.14
8127014,"Crailsheim, Stadt",3.79,6.87
8127023,Fichtenberg,3.51,28.27
8127025,"Gaildorf, Stadt",3.94,21.13
8127032,"Gerabronn, Stadt",4.49,26.66
8127043,"Ilshofen, Stadt",4.58,17.78
8127046,"Kirchberg an der Jagst, Stadt",3.89,16.56
8127047,"Langenburg, Stadt",9.48,26.26
8127052,Mainhardt,6.24,20.12
8127056,Michelbach an der Bilz,2.77,13.47
8127059,Michelfeld,4.99,13.43
8127062,Oberrot,4.86,23.48
8127063,Obersontheim,4.74,22.13
8127071,Rot am See,3.72,17.25
8127073,Satteldorf,5.12,9.88
8127075,"Schrozberg, Stadt",7.94,21.07
8127076,"Schwäbisch Hall, Stadt",3.16,9.64
8127079,Sulzbach-Laufen,4.56,31.79
8127086,Untermünkheim,4.36,9.36
8127089,"Vellberg, Stadt",3.83,19.7
8127091,Wallhausen,5.91,14.51
8127099,Wolpertshausen,4.12,17.72
8127100,Rosengarten,3.77,12.26
8127101,Kreßberg,4.68,13.08
8127102,Fichtenau,5.27,14.37
8127103,Frankenhardt,5.21,15.42
8127104,Stimpfach,5.53,14.88
8128006,Assamstadt,1.41,13.67
8128007,"Bad Mergentheim, Stadt",3.38,8.25
8128014,"Boxberg, Stadt",5.18,15.98
8128020,"Creglingen, Stadt",7.08,21.37
8128039,"Freudenberg, Stadt",8.22,16.99
8128045,Großrinderfeld,1.73,26.27
8128047,"Grünsfeld, Stadt",4.44,22.26
8128058,Igersheim,4.66,12.9
8128061,Königheim,5.94,10.93
8128064,"Külsheim, Stadt",6.33,11.64
8128082,"Niederstetten, Stadt",6.3,22.95
8128115,"Tauberbischofsheim, Stadt",3.61,17.27
8128126,"Weikersheim, Stadt",5.32,20.86
8128128,Werbach,4.54,24.27
8128131,"Wertheim, Stadt",5.46,10.72
8128137,Wittighausen,2.78,28.39
8128138,Ahorn,4.03,17.66
8128139,"Lauda-Königshofen, Stadt",3.1,13.67
8135010,Dischingen,6.0,23.15
8135015,Gerstetten,6.75,17.77
8135016,"Giengen an der Brenz, Stadt",2.76,17.35
8135019,"Heidenheim an der Brenz, Stadt",2.82,9.53
8135020,"Herbrechtingen, Stadt",2.77,12.28
8135021,Hermaringen,2.23,18.09
8135025,Königsbronn,4.95,16.52
8135026,Nattheim,3.16,18.64
8135027,"Niederstotzingen, Stadt",1.87,14.63
8135031,Sontheim an der Brenz,2.5,17.44
8135032,Steinheim am Albuch,3.77,12.88
8136002,Abtsgmünd,5.97,22.34
8136003,Adelmannsfelden,3.58,18.39
8136007,Bartholomä,2.36,21.14
8136009,Böbingen an der Rems,3.04,17.43
8136010,"Bopfingen, Stadt",2.92,17.19
8136015,Durlangen,2.71,9.84
8136018,Ellenberg,6.61,13.49
8136019,"Ellwangen (Jagst), Stadt",3.8,7.22
8136020,Eschach,2.6,20.34
8136021,Essingen,3.79,14.75
8136024,Göggingen,2.52,14.99
8136027,Gschwend,4.95,21.91
8136028,"Heubach, Stadt",2.6,19.48
8136029,Heuchlingen,1.99,19.55
8136033,Hüttlingen,2.99,11.54
8136034,Iggingen,3.97,13.65
8136035,Jagstzell,4.64,13.84
8136037,Kirchheim am Ries,3.63,14.88
8136038,"Lauchheim, Stadt",3.03,19.74
8136040,Leinzell,1.25,12.65
8136042,"Lorch, Stadt",4.25,15.81
8136043,Mögglingen,1.99,16.99
8136044,Mutlangen,1.98,4.68
8136045,"Neresheim, Stadt",6.75,18.6
8136046,Neuler,3.88,11.62
8136049,Obergröningen,7.7,23.15
8136050,"Oberkochen, Stadt",2.08,14.44
8136060,Rosenberg,8.76,14.26
8136061,Ruppertshofen,7.84,18.1
8136062,Schechingen,5.09,20.15
8136065,"Schwäbisch Gmünd, Stadt",2.81,11.96
8136066,Spraitbach,2.05,12.16
8136068,Stödtlen,3.53,16.51
8136070,Täferrot,5.24,13.58
8136071,Tannhausen,6.8,19.03
8136075,Unterschneidheim,5.32,19.04
8136079,Waldstetten,2.37,17.77
8136082,Westhausen,4.0,14.92
8136084,Wört,2.45,11.67
8136087,Riesbürg,4.72,9.67
8136088,"Aalen, Stadt",3.02,10.33
8136089,Rainau,4.77,8.58
8211000,"Baden-Baden, Stadt",2.52,10.61
8212000,"Karlsruhe, Stadt",1.94,8.53
8215007,"Bretten, Stadt",2.72,7.59
8215009,"Bruchsal, Stadt",2.58,8.09
8215017,"Ettlingen, Stadt",2.58,9.88
8215021,Forst,2.26,5.99
8215025,Gondelsheim,2.16,9.54
8215029,Hambrücken,2.04,11.35
8215039,Kronau,2.55,12.01
8215040,Kürnbach,1.94,19.04
8215046,Malsch,3.12,16.14
8215047,Marxzell,3.49,12.54
8215059,Oberderdingen,2.77,14.3
8215064,"Östringen, Stadt",2.26,18.17
8215066,"Philippsburg, Stadt",1.78,11.73
8215082,Sulzfeld,2.42,21.34
8215084,Ubstadt-Weiher,1.61,9.18
8215089,Walzbachtal,2.38,14.3
8215090,Weingarten (Baden),3.1,17.71
8215094,Zaisenhausen,1.77,17.41
8215096,Karlsbad,2.21,7.47
8215097,"Kraichtal, Stadt",2.44,16.13
8215099,Graben-Neudorf,1.95,12.98
8215100,Bad Schönborn,2.25,13.5
8215101,Pfinztal,2.42,16.69
8215102,Eggenstein-Leopoldshafen,1.9,12.43
8215103,Karlsdorf-Neuthard,1.67,10.06
8215105,Linkenheim-Hochstetten,3.0,16.71
8215106,"Waghäusel, Stadt",1.72,16.09
8215107,Oberhausen-Rheinhausen,1.95,16.46
8215108,"Rheinstetten, Stadt",2.23,13.25
8215109,"Stutensee, Stadt",2.08,14.96
8215110,Waldbronn,1.8,9.88
8215111,Dettenheim,1.73,15.99
8216002,Au am Rhein,1.32,17.65
8216005,Bietigheim,2.26,12.94
8216006,Bischweier,2.09,12.34
8216007,"Bühl, Stadt",2.74,7.92
8216008,Bühlertal,3.84,12.55
8216009,Durmersheim,1.53,15.76
8216012,Elchesheim-Illingen,1.18,14.45
8216013,Forbach,7.38,29.66
8216015,"Gaggenau, Stadt",2.99,18.08
8216017,"Gernsbach, Stadt",3.42,21.98
8216022,Hügelsheim,2.1,15.21
8216023,Iffezheim,1.9,11.71
8216024,"Kuppenheim, Stadt",2.76,11.16
8216028,"Lichtenau, Stadt",2.12,18.21
8216029,Loffenau,1.8,28.24
8216033,Muggensturm,2.83,12.39
8216039,Ötigheim,2.38,9.28
8216041,Ottersweier,2.96,8.22
8216043,"Rastatt, Stadt",2.33,6.23
8216049,Sinzheim,2.58,11.79
8216052,Steinmauern,1.43,9.83
8216059,Weisenbach,2.59,28.4
8216063,Rheinmünster,2.46,18.85
8221000,"Heidelberg, Stadt",2.49,7.08
8222000,"Mannheim, Universitätsstadt",1.86,9.45
8225001,"Adelsheim, Stadt",3.52,22.83
8225002,Aglasterhausen,2.88,16.64
8225009,Billigheim,4.51,12.88
8225010,Binau,5.89,13.0
8225014,"Buchen (Odenwald), Stadt",2.94,7.4
8225024,Fahrenbach,2.58,13.16
8225032,Hardheim,3.03,5.79
8225033,Haßmersheim,1.8,12.29
8225039,Höpfingen,4.02,8.64
8225042,Hüffenhardt,3.28,13.22
8225052,Limbach,4.46,14.84
8225058,"Mosbach, Stadt",2.62,7.25
8225060,Mudau,5.57,11.75
8225064,Neckargerach,3.3,15.41
8225067,Neckarzimmern,1.48,10.37
8225068,Neunkirchen,2.0,18.28
8225074,Obrigheim,2.91,11.94
8225075,"Osterburken, Stadt",3.33,17.69
8225082,Rosenberg,5.92,20.41
8225091,Seckach,1.98,15.04
8225109,"Walldürn, Stadt",3.18,15.33
8225113,Zwingenberg,5.84,11.85
8225114,"Ravenstein, Stadt",2.94,27.49
8225115,Schefflenz,3.3,17.52
8225116,Schwarzach,2.54,19.41
8225117,Elztal,4.26,10.57
8225118,Waldbrunn,3.99,12.75
8226003,Altlußheim,1.88,12.15
8226006,Bammental,1.87,12.85
8226009,Brühl,1.46,8.97
8226010,Dielheim,2.16,11.38
8226012,Dossenheim,2.35,7.83
8226013,"Eberbach, Stadt",5.31,7.78
8226017,Epfenbach,2.25,17.16
8226018,"Eppelheim, Stadt",1.8,10.62
8226020,Eschelbronn,1.61,16.45
8226022,Gaiberg,2.45,11.25
8226027,Heddesbach,1.06,21.02
8226028,Heddesheim,2.46,8.15
8226029,Heiligkreuzsteinach,4.21,25.44
8226031,"Hemsbach, Stadt",2.08,8.69
8226032,"Hockenheim, Stadt",2.68,9.14
8226036,Ilvesheim,1.74,12.07
8226037,Ketsch,2.8,6.91
8226038,"Ladenburg, Stadt",2.33,11.71
8226040,Laudenbach,2.89,9.54
8226041,"Leimen, Stadt",2.06,8.65
8226046,Malsch,1.83,13.68
8226048,Mauer,2.3,14.71
8226049,Meckesheim,2.08,17.42
8226054,Mühlhausen,1.65,13.76
8226055,"Neckarbischofsheim, Stadt",2.91,13.52
8226056,"Neckargemünd, Stadt",2.12,11.06
8226058,Neidenstein,1.95,14.2
8226059,Neulußheim,2.08,10.82
8226060,Nußloch,1.52,5.92
8226062,Oftersheim,1.62,5.66
8226063,Plankstadt,2.09,7.65
8226065,"Rauenberg, Stadt",2.84,10.63
8226066,Reichartshausen,2.58,20.2
8226068,Reilingen,2.05,12.66
8226076,Sandhausen,1.87,9.89
8226080,"Schönau, Stadt",3.74,20.37
8226081,Schönbrunn,7.28,14.84
8226082,"Schriesheim, Stadt",2.04,12.46
8226084,"Schwetzingen, Stadt",2.49,7.08
8226085,"Sinsheim, Stadt",2.5,8.6
8226086,Spechbach,2.29,19.66
8226091,"Waibstadt, Stadt",2.33,10.33
8226095,"Walldorf, Stadt",2.6,10.17
8226096,"Weinheim, Stadt",2.52,8.86
8226097,Wiesenbach,1.75,13.29
8226098,"Wiesloch, Stadt",2.2,7.23
8226099,Wilhelmsfeld,2.52,19.03
8226101,Zuzenhausen,1.43,13.07
8226102,Angelbachtal,1.57,13.34
8226103,St. Leon-Rot,1.73,15.27
8226104,Lobbach,3.03,19.53
8226105,Edingen-Neckarhausen,1.76,14.3
8226106,Helmstadt-Bargen,3.44,16.48
8226107,Hirschberg an der Bergstraße,1.75,8.57
8231000,"Pforzheim, Stadt",2.2,7.92
8235006,"Altensteig, Stadt",4.88,19.08
8235007,Althengstett,1.82,8.16
8235008,"Bad Liebenzell, Stadt",4.77,9.36
8235018,Dobel,7.23,14.89
8235020,Ebhausen,4.99,14.54
8235022,Egenhausen,1.74,15.46
8235025,Enzklösterle,9.76,16.2
8235029,Gechingen,2.15,11.73
8235032,"Haiterbach, Stadt",4.72,13.41
8235033,"Bad Herrenalb, Stadt",4.65,20.28
8235035,Höfen an der Enz,4.96,11.46
8235046,"Nagold, Stadt",3.85,8.98
8235047,"Neubulach, Stadt",2.14,15.01
8235050,Neuweiler,4.37,18.12
8235055,Oberreichenbach,6.5,12.59
8235057,Ostelsheim,2.12,12.43
8235060,Rohrdorf,1.44,9.21
8235065,Schömberg,2.58,9.03
8235066,Simmersfeld,3.96,20.12
8235067,Simmozheim,1.67,10.15
8235073,Unterreichenbach,3.27,11.5
8235079,"Bad Wildbad, Stadt",4.84,8.96
8235080,"Wildberg, Stadt",3.79,16.08
8235084,"Bad Teinach-Zavelstein, Stadt",5.68,14.47
8235085,"Calw, Stadt",2.45,7.37
8236004,Birkenfeld,2.0,6.81
8236011,Eisingen,1.52,11.1
8236013,Engelsbrand,2.68,12.9
8236019,Friolzheim,1.59,15.92
8236025,"Heimsheim, Stadt",1.79,14.97
8236028,Illingen,2.08,9.82
8236030,Ispringen,2.66,9.65
8236031,Kieselbronn,1.89,11.59
8236033,"Knittlingen, Stadt",2.51,11.68
8236038,"Maulbronn, Stadt",2.39,12.17
8236039,Mönsheim,3.17,17.9
8236040,"Mühlacker, Stadt",3.23,7.04
8236043,"Neuenbürg, Stadt",3.69,6.0
8236044,Neuhausen,4.02,17.77
8236046,Niefern-Öschelbronn,1.91,12.36
8236050,Ötisheim,2.7,8.68
8236061,Sternenfels,4.47,15.78
8236062,Tiefenbronn,1.66,18.43
8236065,Wiernsheim,2.65,14.14
8236067,Wimsheim,1.88,15.73
8236068,Wurmberg,2.01,12.43
8236070,Keltern,1.96,10.37
8236071,Remchingen,2.12,15.29
8236072,Straubenhardt,2.87,8.49
8236073,Neulingen,1.88,10.92
8236074,Kämpfelbach,1.88,14.14
8236075,Ölbronn-Dürrn,3.57,12.25
8236076,Königsbach-Stein,1.9,14.76
8237002,"Alpirsbach, Stadt",5.57,19.7
8237004,Baiersbronn,4.33,18.04
8237019,"Dornstetten, Stadt",4.14,12.83
8237024,Empfingen,2.32,17.84
8237027,Eutingen im Gäu,4.26,17.75
8237028,"Freudenstadt, Stadt",3.56,9.37
8237030,Glatten,3.14,15.32
8237032,Grömbach,7.86,22.67
8237040,"Horb am Neckar, Stadt",2.94,21.14
8237045,Loßburg,4.52,16.26
8237054,Pfalzgrafenweiler,3.66,18.36
8237061,Schopfloch,5.02,18.68
8237072,Wörnersberg,8.52,24.43
8237073,Seewald,7.83,17.7
8237074,Waldachtal,2.49,20.15
8237075,Bad Rippoldsau-Schapbach,3.89,19.93
8311000,"Freiburg im Breisgau, Stadt",1.86,7.76
8315003,Au,3.97,8.86
8315004,Auggen,2.81,9.15
8315006,"Bad Krozingen, Stadt",1.83,4.6
8315007,Badenweiler,3.35,7.03
8315008,Ballrechten-Dottingen,2.2,12.48
8315013,Bötzingen,2.03,15.44
8315014,Bollschweil,6.19,16.21
8315015,"Breisach am Rhein, Stadt",2.97,15.35
8315016,Breitnau,5.37,32.37
8315020,Buchenbach,5.2,20.32
8315022,Buggingen,2.68,10.46
8315028,Ebringen,2.8,12.11
8315030,Eichstetten am Kaiserstuhl,1.79,18.54
8315031,Eisenbach (Hochschwarzwald),6.51,24.12
8315033,Eschbach,2.05,10.67
8315037,Feldberg (Schwarzwald),4.78,38.94
8315039,Friedenweiler,7.0,25.76
8315041,Glottertal,4.1,16.63
8315043,Gottenheim,2.7,13.82
8315047,Gundelfingen,2.5,10.44
8315048,Hartheim am Rhein,3.42,12.02
8315050,"Heitersheim, Stadt",2.42,9.42
8315051,Heuweiler,4.1,12.76
8315052,Hinterzarten,4.38,34.82
8315056,Horben,13.24,14.98
8315059,Ihringen,2.17,20.45
8315064,Kirchzarten,2.84,15.13
8315068,Lenzkirch,4.43,33.51
8315070,"Löffingen, Stadt",5.45,20.92
8315072,Merdingen,1.58,18.28
8315073,Merzhausen,1.33,6.18
8315074,"Müllheim, Stadt",2.73,5.83
8315076,"Neuenburg am Rhein, Stadt",3.83,11.75
8315084,Oberried,6.31,21.43
8315089,Pfaffenweiler,1.81,7.86
8315094,St. Märgen,6.04,28.63
8315095,St. Peter,6.2,28.41
8315098,Schallstadt,2.18,8.89
8315102,Schluchsee,5.05,28.66
8315107,Sölden,1.29,11.82
8315108,"Staufen im Breisgau, Stadt",3.26,9.92
8315109,Stegen,4.63,18.86
8315111,"Sulzburg, Stadt",2.8,12.36
8315113,"Titisee-Neustadt, Stadt",6.66,31.38
8315115,Umkirch,1.34,9.77
8315125,Wittnau,1.9,11.03
8315130,Münstertal/Schwarzwald,6.17,21.52
8315131,Ehrenkirchen,2.33,6.63
8315132,March,1.62,9.64
8315133,"Vogtsburg im Kaiserstuhl, Stadt",3.99,23.62
8316002,Bahlingen am Kaiserstuhl,1.67,15.95
8316003,Biederbach,8.3,26.53
8316009,Denzlingen,1.85,11.2
8316010,"Elzach, Stadt",6.21,25.01
8316011,"Emmendingen, Stadt",2.36,6.73
8316012,"Endingen am Kaiserstuhl, Stadt",4.11,22.0
8316013,Forchheim,6.05,20.5
8316014,Gutach im Breisgau,5.51,15.92
8316017,"Herbolzheim, Stadt",3.74,11.59
8316020,"Kenzingen, Stadt",3.8,15.44
8316024,Malterdingen,2.4,14.25
8316036,Reute,2.64,12.04
8316037,Riegel am Kaiserstuhl,2.69,16.16
8316038,Sasbach am Kaiserstuhl,3.38,26.04
8316039,Sexau,4.42,10.57
8316042,Simonswald,6.28,23.2
8316043,Teningen,2.19,11.56
8316045,Vörstetten,2.08,11.02
8316049,Weisweil,6.99,20.4
8316051,Wyhl am Kaiserstuhl,1.8,24.36
8316053,Rheinhausen,2.48,14.62
8316054,Freiamt,4.31,19.41
8316055,Winden im Elztal,7.48,17.63
8316056,"Waldkirch, Stadt",2.93,8.74
8317001,"Achern, Stadt",3.44,6.39
8317005,Appenweier,2.38,13.19
8317008,Bad Peterstal-Griesbach,4.27,30.84
8317009,Berghaupten,3.24,16.59
8317011,Biberach,4.5,18.19
8317021,Durbach,5.0,13.41
8317026,"Ettenheim, Stadt",2.82,5.93
8317029,Fischerbach,7.43,19.37
8317031,Friesenheim,2.38,11.7
8317034,"Gengenbach, Stadt",6.0,20.05
8317039,Gutach (Schwarzwaldbahn),3.14,14.85
8317040,"Haslach im Kinzigtal, Stadt",2.36,20.71
8317041,"Hausach, Stadt",5.31,15.64
8317046,Hofstetten,9.24,27.74
8317047,Hohberg,3.27,15.75
8317051,"Hornberg, Stadt",7.87,27.6
8317056,Kappelrodeck,3.72,12.0
8317057,"Kehl, Stadt",2.22,21.76
8317059,Kippenheim,2.88,9.84
8317065,"Lahr/Schwarzwald, Stadt",2.74,7.63
8317067,Lautenbach,7.89,23.17
8317068,Lauf,2.86,13.19
8317073,"Mahlberg, Stadt",2.41,8.68
8317075,Meißenheim,5.25,17.44
8317078,Mühlenbach,9.08,27.0
8317085,Nordrach,6.43,32.78
8317088,Oberharmersbach,16.73,36.56
8317089,"Oberkirch, Stadt",5.4,18.86
8317093,Oberwolfach,6.11,10.14
8317096,"Offenburg, Stadt",2.37,7.91
8317097,Ohlsbach,2.44,13.88
8317098,"Oppenau, Stadt",6.03,30.09
8317100,Ortenberg,1.7,8.02
8317102,Ottenhöfen im Schwarzwald,5.27,17.04
8317110,"Renchen, Stadt",2.62,11.3
8317113,Ringsheim,1.48,7.81
8317114,Rust,2.96,13.54
8317116,Sasbach,2.5,7.35
8317118,Sasbachwalden,3.54,11.13
8317121,Schuttertal,6.28,20.17
8317122,Schutterwald,2.02,12.19
8317126,Seebach,6.73,19.65
8317127,Seelbach,3.74,13.84
8317129,Steinach,6.1,25.3
8317141,Willstätt,1.91,17.98
8317145,"Wolfach, Stadt",7.0,12.18
8317146,"Zell am Harmersbach, Stadt",3.58,23.62
8317150,Schwanau,2.33,15.38
8317151,Neuried,2.81,19.29
8317152,Kappel-Grafenhausen,1.62,10.15
8317153,"Rheinau, Stadt",2.96,16.09
8317971,"Rheinau, gemeindefreies Gebiet",-9999.0,-9999.0
8325001,Aichhalden,2.84,19.38
8325009,Bösingen,5.02,14.5
8325011,Dietingen,7.15,16.19
8325012,"Dornhan, Stadt",4.35,15.35
8325014,Dunningen,2.18,13.21
8325015,Epfendorf,5.96,11.27
8325024,Hardt,2.64,23.99
8325036,Lauterbach,5.16,27.96
8325045,"Oberndorf am Neckar, Stadt",4.52,6.34
8325049,"Rottweil, Stadt",3.29,7.43
8325050,Schenkenzell,5.19,22.21
8325051,"Schiltach, Stadt",5.15,16.88
8325053,"Schramberg, Stadt",3.7,24.26
8325057,"Sulz am Neckar, Stadt",4.76,17.13
8325060,Villingendorf,1.79,9.36
8325061,Vöhringen,2.68,12.07
8325064,Wellendingen,4.25,14.74
8325069,Zimmern ob Rottweil,3.91,7.68
8325070,Fluorn-Winzeln,5.22,12.8
8325071,Eschbronn,3.13,19.15
8325072,Deißlingen,2.1,11.69
8326003,"Bad Dürrheim, Stadt",4.32,14.53
8326005,"Blumberg, Stadt",6.04,18.01
8326006,"Bräunlingen, Stadt",4.57,12.17
8326010,Dauchingen,2.12,10.61
8326012,"Donaueschingen, Stadt",3.56,7.68
8326017,"Furtwangen im Schwarzwald, Stadt",5.82,32.21
8326020,Gütenbach,8.68,34.08
8326027,"Hüfingen, Stadt",6.41,13.61
8326031,Königsfeld im Schwarzwald,4.17,18.9
8326037,Mönchweiler,1.72,10.38
8326041,Niedereschach,3.86,14.6
8326052,"St. Georgen im Schwarzwald, Stadt",6.14,21.07
8326054,Schönwald im Schwarzwald,4.89,35.47
8326055,Schonach im Schwarzwald,4.28,37.54
8326060,"Triberg im Schwarzwald, Stadt",7.07,28.84
8326061,Tuningen,2.11,14.88
8326065,Unterkirnach,5.51,18.59
8326068,"Vöhrenbach, Stadt",8.27,22.1
8326074,"Villingen-Schwenningen, Stadt",2.56,9.27
8326075,Brigachtal,2.71,11.54
8327002,Aldingen,2.49,8.14
8327004,Bärenthal,8.72,26.95
8327005,Balgheim,4.44,7.75
8327006,Böttingen,1.7,18.41
8327007,Bubsheim,5.0,21.25
8327008,Buchheim,10.96,22.36
8327009,Deilingen,1.58,19.57
8327010,Denkingen,2.05,9.03
8327011,Dürbheim,7.16,11.32
8327012,Durchhausen,5.88,14.6
8327013,Egesheim,7.77,23.16
8327016,"Fridingen an der Donau, Stadt",2.08,19.99
8327017,Frittlingen,1.58,11.29
8327018,"Geisingen, Stadt",8.43,21.56
8327019,Gosheim,1.73,13.44
8327020,Gunningen,5.81,11.48
8327023,Hausen ob Verena,6.69,9.34
8327025,Immendingen,4.52,17.33
8327027,Irndorf,12.43,30.34
8327029,Königsheim,9.09,25.25
8327030,Kolbingen,1.54,17.89
8327033,Mahlstetten,8.85,20.15
8327036,"Mühlheim an der Donau, Stadt",1.9,12.96
8327038,Neuhausen ob Eck,6.81,16.84
8327040,Reichenbach am Heuberg,5.35,20.54
8327041,Renquishausen,5.39,21.74
8327046,"Spaichingen, Stadt",2.28,4.3
8327048,Talheim,9.48,18.7
8327049,"Trossingen, Stadt",2.01,14.03
8327050,"Tuttlingen, Stadt",3.38,6.95
8327051,Wehingen,1.63,17.23
8327054,Wurmlingen,1.82,9.86
8327055,Seitingen-Oberflacht,1.86,15.01
8327056,Rietheim-Weilheim,6.94,11.89
8327057,Emmingen-Liptingen,8.06,13.56
8335001,"Aach, Stadt",2.4,16.69
8335002,Allensbach,4.36,13.15
8335015,Büsingen am Hochrhein,6.69,18.37
8335021,Eigeltingen,6.44,13.11
8335022,"Engen, Stadt",4.04,16.2
8335025,Gaienhofen,3.39,18.62
8335026,Gailingen am Hochrhein,1.52,17.24
8335028,Gottmadingen,3.36,9.31
8335035,Hilzingen,3.58,9.28
8335043,"Konstanz, Universitätsstadt",1.94,7.64
8335055,Moos,3.42,12.03
8335057,Mühlingen,4.76,12.38
8335061,Öhningen,4.69,21.66
8335063,"Radolfzell am Bodensee, Stadt",2.73,7.67
8335066,Reichenau,3.06,14.04
8335075,"Singen (Hohentwiel), Stadt",2.77,7.79
8335077,Steißlingen,2.47,14.11
8335079,"Stockach, Stadt",4.56,6.55
8335080,"Tengen, Stadt",5.26,19.84
8335081,Volkertshausen,2.33,14.88
8335096,Hohenfels,5.02,13.89
8335097,Mühlhausen-Ehingen,3.49,12.02
8335098,Bodman-Ludwigshafen,2.22,11.21
8335099,Orsingen-Nenzingen,5.83,10.36
8335100,Rielasingen-Worblingen,2.14,8.69
8336004,Aitern,8.16,29.97
8336006,Bad Bellingen,3.68,18.0
8336008,Binzen,1.93,7.71
8336010,Böllen,7.36,24.95
8336014,Efringen-Kirchen,4.84,15.32
8336019,Eimeldingen,1.94,9.85
8336024,Fischingen,3.77,12.0
8336025,Fröhnd,6.77,22.02
8336034,Hasel,5.48,9.58
8336036,Hausen im Wiesental,2.22,8.57
8336043,Inzlingen,2.18,10.8
8336045,"Kandern, Stadt",3.61,16.95
8336050,"Lörrach, Stadt",2.35,5.09
8336057,Maulburg,2.33,6.72
8336069,"Rheinfelden (Baden), Stadt",4.22,6.45
8336073,Rümmingen,3.5,6.78
8336075,Schallbach,6.62,10.14
8336078,Schliengen,2.21,13.87
8336079,"Schönau im Schwarzwald, Stadt",1.6,23.03
8336080,Schönenberg,5.4,26.6
8336081,"Schopfheim, Stadt",2.87,7.97
8336082,Schwörstadt,6.66,9.9
8336084,Steinen,4.59,13.47
8336087,"Todtnau, Stadt",6.67,31.11
8336089,Tunau,5.21,26.46
8336090,Utzenfeld,5.41,27.52
8336091,"Weil am Rhein, Stadt",2.3,9.74
8336094,Wembach,3.17,20.75
8336096,Wieden,14.37,35.6
8336100,Wittlingen,5.57,8.93
8336103,"Zell im Wiesental, Stadt",4.46,15.4
8336104,Malsburg-Marzell,5.08,19.9
8336105,Grenzach-Wyhlen,2.85,15.19
8336106,Häg-Ehrsberg,11.71,23.02
8336107,Kleines Wiesental,6.35,20.01
8337002,Albbruck,5.43,10.56
8337013,Bernau im Schwarzwald,2.99,30.9
8337022,"Bonndorf im Schwarzwald, Stadt",4.28,18.82
8337027,Dachsberg (Südschwarzwald),10.92,23.59
8337030,Dettighofen,7.42,27.77
8337032,Dogern,2.26,5.41
8337038,Görwihl,5.12,20.72
8337039,Grafenhausen,4.97,23.12
8337045,Häusern,5.32,19.21
8337049,Herrischried,4.83,25.98
8337051,Höchenschwand,3.3,15.21
8337053,Hohentengen am Hochrhein,3.78,26.3
8337059,Ibach,9.93,29.87
8337060,Jestetten,2.97,36.13
8337062,Klettgau,3.26,21.03
8337065,Lauchringen,3.1,15.35
8337066,"Laufenburg (Baden), Stadt",4.44,14.73
8337070,Lottstetten,5.61,36.93
8337076,Murg,4.51,20.06
8337090,Rickenbach,4.23,19.31
8337096,"Bad Säckingen, Stadt",2.67,20.27
8337097,"St. Blasien, Stadt",4.3,21.65
8337106,"Stühlingen, Stadt",7.48,8.38
8337108,Todtmoos,4.31,28.31
8337116,"Wehr, Stadt",2.48,11.55
8337118,Weilheim,4.78,13.6
8337123,Wutöschingen,3.66,14.5
8337124,Eggingen,7.22,10.38
8337125,Küssaberg,2.62,15.64
8337126,"Waldshut-Tiengen, Stadt",4.78,9.31
8337127,Wutach,8.85,15.99
8337128,Ühlingen-Birkendorf,4.65,19.59
8415014,Dettingen an der Erms,2.59,8.62
8415019,Eningen unter Achalm,2.66,9.24
8415027,Gomadingen,4.78,11.29
8415028,Grabenstetten,1.27,13.76
8415029,Grafenberg,1.36,16.43
8415034,"Hayingen, Stadt",5.48,17.55
8415039,Hülben,2.33,10.46
8415048,Mehrstetten,2.78,13.1
8415050,"Metzingen, Stadt",2.41,12.37
8415053,"Münsingen, Stadt",4.44,8.04
8415058,Pfronstetten,9.93,19.52
8415059,"Pfullingen, Stadt",2.71,9.36
8415060,Pliezhausen,2.1,17.81
8415061,"Reutlingen, Stadt",2.15,10.56
8415062,Riederich,2.07,14.9
8415073,"Trochtelfingen, Stadt",3.52,25.91
8415078,"Bad Urach, Stadt",2.93,7.36
8415080,Wannweil,1.96,14.07
8415085,Zwiefalten,4.03,12.35
8415087,Walddorfhäslach,1.6,17.01
8415088,Römerstein,1.79,15.48
8415089,Engstingen,2.61,20.03
8415090,Hohenstein,4.99,19.02
8415091,Sonnenbühl,4.61,25.81
8415092,Lichtenstein,4.11,17.36
8415093,St. Johann,3.29,13.92
8415971,"Gutsbezirk Münsingen, gemeindefreies Gebiet",-9999.0,8.66
8416006,Bodelshausen,1.99,16.4
8416009,Dettenhausen,1.58,15.31
8416011,Dußlingen,2.21,17.13
8416015,Gomaringen,2.19,17.21
8416018,Hirrlingen,1.38,20.33
8416022,Kirchentellinsfurt,2.27,14.36
8416023,Kusterdingen,4.27,13.21
8416025,"Mössingen, Stadt",1.95,19.8
8416026,Nehren,2.42,19.41
8416031,Ofterdingen,2.22,18.47
8416036,"Rottenburg am Neckar, Stadt",2.73,18.85
8416041,"Tübingen, Universitätsstadt",2.34,8.72
8416048,Ammerbuch,2.62,11.09
8416049,Neustetten,3.22,18.91
8416050,Starzach,3.58,25.61
8417002,"Balingen, Stadt",2.89,7.44
8417008,Bisingen,3.02,9.43
8417010,Bitz,2.82,7.25
8417013,"Burladingen, Stadt",4.6,20.62
8417014,Dautmergen,6.65,18.07
8417015,Dormettingen,6.44,14.6
8417016,Dotternhausen,4.95,11.78
8417022,"Geislingen, Stadt",2.0,10.8
8417023,Grosselfingen,1.87,9.67
8417025,"Haigerloch, Stadt",4.28,16.74
8417029,Hausen am Tann,6.61,20.68
8417031,"Hechingen, Stadt",3.38,13.45
8417036,Jungingen,2.63,18.27
8417044,"Meßstetten, Stadt",4.2,16.49
8417045,Nusplingen,7.25,23.74
8417047,Obernheim,2.22,25.01
8417051,Rangendingen,2.22,18.75
8417052,Ratshausen,6.02,20.04
8417054,"Rosenfeld, Stadt",4.62,16.38
8417057,"Schömberg, Stadt",1.82,16.86
8417063,Straßberg,1.92,11.3
8417071,Weilen unter den Rinnen,4.72,18.33
8417075,Winterlingen,3.11,14.82
8417078,Zimmern unter der Burg,6.92,17.52
8417079,"Albstadt, Stadt",2.96,8.36
8421000,"Ulm, Universitätsstadt",2.48,7.94
8425002,Allmendingen,4.91,22.67
8425004,Altheim,6.68,24.24
8425005,Altheim (Alb),1.74,17.69
8425008,Amstetten,5.11,12.88
8425011,Asselfingen,4.87,10.27
8425013,Ballendorf,9.31,12.43
8425014,Beimerstetten,2.13,11.87
8425017,Berghülen,2.9,24.9
8425019,Bernstadt,1.9,11.09
8425020,"Blaubeuren, Stadt",3.79,21.68
8425022,Börslingen,7.66,9.47
8425024,Breitingen,5.46,15.05
8425028,"Dietenheim, Stadt",1.95,9.04
8425031,Dornstadt,5.42,13.53
8425033,"Ehingen (Donau), Stadt",4.87,18.35
8425035,Emeringen,9.18,13.0
8425036,Emerkingen,3.18,17.74
8425039,"Erbach, Stadt",3.56,14.9
8425050,Griesingen,4.82,13.36
8425052,Grundsheim,4.43,14.12
8425055,Hausen am Bussen,5.14,16.55
8425062,Holzkirch,4.64,14.91
8425064,Hüttisheim,5.38,10.03
8425066,Illerrieden,2.65,14.5
8425071,"Laichingen, Stadt",2.65,25.12
8425072,"Langenau, Stadt",3.19,6.31
8425073,Lauterach,7.98,20.36
8425075,Lonsee,3.45,16.91
8425079,Merklingen,2.24,21.0
8425081,"Munderkingen, Stadt",2.37,20.17
8425083,Neenstetten,5.35,11.9
8425084,Nellingen,1.79,17.41
8425085,Nerenstetten,4.14,5.08
8425088,Oberdischingen,1.7,14.41
8425090,Obermarchtal,3.19,13.21
8425091,Oberstadion,2.44,12.82
8425092,Öllingen,6.12,8.22
8425093,Öpfingen,1.82,14.36
8425097,Rammingen,6.24,8.83
8425098,Rechtenstein,5.0,16.3
8425104,Rottenacker,1.92,19.92
8425108,"Schelklingen, Stadt",4.34,22.59
8425110,Schnürpflingen,4.57,13.55
8425112,Setzingen,5.94,7.26
8425123,Untermarchtal,3.86,16.3
8425124,Unterstadion,3.47,15.93
8425125,Unterwachingen,5.93,16.94
8425130,Weidenstetten,2.53,14.63
8425134,Westerheim,3.07,23.57
8425135,Westerstetten,1.88,15.56
8425137,Illerkirchberg,2.03,14.14
8425138,Staig,2.4,13.86
8425139,Heroldstatt,2.55,22.33
8425140,Balzheim,2.58,10.38
8425141,"Blaustein, Stadt",3.56,12.43
8426001,Achstetten,2.92,6.3
8426005,Alleshausen,6.07,13.48
8426006,Allmannsweiler,6.04,12.84
8426008,Altheim,4.43,8.3
8426011,Attenweiler,5.78,10.64
8426013,"Bad Buchau, Stadt",2.12,16.25
8426014,"Bad Schussenried, Stadt",3.98,14.36
8426019,Berkheim,2.72,14.38
8426020,Betzenweiler,3.87,11.47
8426021,"Biberach an der Riß, Stadt",2.95,7.7
8426028,Burgrieden,2.71,7.68
8426031,Dettingen an der Iller,1.84,14.96
8426035,Dürmentingen,2.28,8.38
8426036,Dürnau,6.1,11.47
8426038,Eberhardzell,4.96,12.73
8426043,Erlenmoos,4.48,20.38
8426044,Erolzheim,2.59,19.14
8426045,Ertingen,2.01,11.34
8426058,Hochdorf,3.4,13.32
8426062,Ingoldingen,5.3,13.22
8426064,Kanzach,5.08,13.01
8426065,Kirchberg an der Iller,2.2,15.3
8426066,Kirchdorf an der Iller,3.83,15.2
8426067,Langenenslingen,5.86,14.89
8426070,"Laupheim, Stadt",3.38,6.43
8426071,Maselheim,3.97,12.55
8426073,Mietingen,3.37,11.01
8426074,Mittelbiberach,2.68,7.21
8426078,Moosburg,7.42,14.76
8426087,"Ochsenhausen, Stadt",5.14,19.86
8426090,Oggelshausen,4.86,13.14
8426097,"Riedlingen, Stadt",3.28,5.66
8426100,Rot an der Rot,4.48,20.71
8426108,Schwendi,4.11,13.67
8426109,Seekirch,6.98,11.79
8426113,Steinhausen an der Rottum,7.45,20.63
8426117,Tannheim,2.86,13.88
8426118,Tiefenbach,7.03,12.9
8426120,Ummendorf,2.37,13.45
8426121,Unlingen,5.56,7.42
8426124,Uttenweiler,4.46,12.43
8426125,Wain,1.64,12.3
8426128,Warthausen,2.63,5.23
8426134,Schemmerhofen,3.86,10.65
8426135,Gutenzell-Hürbel,3.83,20.27
8435005,Bermatingen,3.0,19.11
8435010,Daisendorf,2.84,16.4
8435013,Eriskirch,2.82,11.52
8435015,Frickingen,3.37,16.07
8435016,"Friedrichshafen, Stadt",2.6,9.41
8435018,Hagnau am Bodensee,2.93,15.25
8435020,Heiligenberg,6.62,15.06
8435024,Immenstaad am Bodensee,2.71,11.05
8435029,Kressbronn am Bodensee,3.18,11.26
8435030,Langenargen,2.35,12.52
8435034,"Markdorf, Stadt",3.68,14.25
8435035,Meckenbeuren,3.38,8.68
8435036,"Meersburg, Stadt",2.75,17.05
8435042,Neukirch,3.93,11.38
8435045,Oberteuringen,3.46,15.26
8435047,Owingen,4.33,13.28
8435052,Salem,4.3,17.23
8435053,Sipplingen,1.82,7.89
8435054,Stetten,4.94,18.05
8435057,"Tettnang, Stadt",4.19,6.72
8435059,"Überlingen, Stadt",2.97,7.54
8435066,Uhldingen-Mühlhofen,1.96,12.38
8435067,Deggenhausertal,4.37,21.66
8436001,Achberg,4.97,11.68
8436003,Aichstetten,3.86,16.52
8436004,Aitrach,3.41,14.63
8436005,Altshausen,2.13,15.11
8436006,Amtzell,4.63,13.99
8436008,"Aulendorf, Stadt",4.84,14.73
8436009,"Bad Waldsee, Stadt",4.15,6.5
8436010,"Bad Wurzach, Stadt",7.46,16.3
8436011,Baienfurt,2.96,7.23
8436012,Baindt,2.35,9.54
8436013,Berg,4.05,10.6
8436014,Bergatreute,3.39,12.83
8436018,Bodnegg,3.95,12.99
8436019,Boms,6.41,10.05
8436024,Ebenweiler,6.4,17.57
8436027,Eichstegen,5.13,13.73
8436032,Fleischwangen,4.81,20.33
8436039,Grünkraut,3.0,11.93
8436040,Guggenhausen,9.19,20.62
8436047,Hoßkirch,6.88,14.68
8436049,"Isny im Allgäu, Stadt",6.1,21.95
8436052,Kißlegg,6.13,15.12
8436053,Königseggwald,5.74,15.25
8436055,"Leutkirch im Allgäu, Stadt",6.83,20.2
8436064,"Ravensburg, Stadt",4.04,10.54
8436067,Riedhausen,4.8,17.74
8436069,Schlier,4.79,11.05
8436077,Unterwaldhausen,6.8,21.03
8436078,Vogt,2.67,17.65
8436079,Waldburg,4.29,16.27
8436081,"Wangen im Allgäu, Stadt",4.61,9.66
8436082,"Weingarten, Stadt",2.08,4.27
8436083,Wilhelmsdorf,2.88,18.42
8436085,Wolfegg,4.2,17.01
8436087,Wolpertswende,3.52,14.98
8436093,Ebersbach-Musbach,7.21,13.65
8436094,Argenbühl,5.57,12.4
8436095,Horgenzell,5.04,18.85
8436096,Fronreute,3.37,15.38
8437005,Beuron,9.38,23.87
8437008,Bingen,3.28,8.74
8437031,"Gammertingen, Stadt",2.99,20.22
8437044,Herbertingen,3.04,11.46
8437047,"Hettingen, Stadt",5.55,20.34
8437053,Hohentengen,2.65,13.04
8437056,Illmensee,7.11,14.89
8437059,Inzigkofen,4.41,10.82
8437065,Krauchenwies,5.4,12.97
8437072,Leibertingen,13.55,24.62
8437076,"Mengen, Stadt",3.44,15.45
8437078,"Meßkirch, Stadt",4.49,18.04
8437082,Neufra,5.25,13.33
8437086,Ostrach,5.85,11.9
8437088,"Pfullendorf, Stadt",5.4,6.43
8437100,"Bad Saulgau, Stadt",5.04,6.39
8437101,"Scheer, Stadt",4.81,12.28
8437102,Schwenningen,2.43,25.13
8437104,"Sigmaringen, Stadt",2.46,7.38
8437105,Sigmaringendorf,2.41,8.62
8437107,Stetten am kalten Markt,2.29,18.89
8437114,"Veringenstadt, Stadt",3.23,14.3
8437118,Wald,5.08,11.98
8437123,Sauldorf,8.76,19.2
8437124,Herdwangen-Schönach,4.62,13.71
9161000,Ingolstadt,2.19,12.03
9162000,"München, Landeshauptstadt",1.55,7.39
9163000,Rosenheim,2.12,6.75
9171111,"Altötting, Stadt",2.71,5.55
9171112,"Burghausen, Stadt",3.54,6.91
9171113,Burgkirchen a.d.Alz,3.9,15.19
9171114,Emmerting,1.82,11.58
9171115,Erlbach,10.82,20.06
9171116,Feichten a.d.Alz,6.11,17.97
9171117,Garching a.d.Alz,3.95,17.23
9171118,Haiming,9.11,15.26
9171119,Halsbach,6.89,19.01
9171121,Kastl,4.33,11.68
9171122,Kirchweidach,3.61,19.11
9171123,"Marktl, Markt",7.19,17.47
9171124,Mehring,4.17,10.44
9171125,"Neuötting, Stadt",5.27,9.08
9171126,Perach,9.38,16.98
9171127,Pleiskirchen,8.19,18.99
9171129,Reischach,5.72,16.34
9171130,Stammham,4.74,17.2
9171131,Teising,2.13,8.34
9171132,"Töging a.Inn, Stadt",2.63,9.58
9171133,"Tüßling, Markt",3.98,12.6
9171134,Tyrlaching,6.88,17.84
9171135,Unterneukirchen,3.92,12.75
9171137,Winhöring,4.13,11.67
9172111,Ainring,4.64,10.08
9172112,Anger,5.84,15.99
9172114,"Bad Reichenhall, GKSt",3.6,5.87
9172115,Bayerisch Gmain,2.7,6.49
9172116,"Berchtesgaden, Markt",3.54,8.1
9172117,Bischofswiesen,3.28,9.21
9172118,"Freilassing, Stadt",2.26,3.77
9172122,"Laufen, Stadt",3.4,15.44
9172124,"Marktschellenberg, Markt",8.65,13.84
9172128,Piding,2.47,10.41
9172129,Ramsau b.Berchtesgaden,4.61,16.25
9172130,Saaldorf-Surheim,4.01,10.45
9172131,Schneizlreuth,8.14,13.89
9172132,Schönau a.Königssee,3.45,11.77
9172134,"Teisendorf, Markt",4.94,17.87
9172452,Eck,-9999.0,12.4
9172454,Schellenberger Forst,-9999.0,11.64
9173111,Bad Heilbrunn,4.34,9.32
9173112,"Bad Tölz, Stadt",2.39,5.38
9173113,Benediktbeuern,2.28,10.83
9173115,Bichl,1.7,7.7
9173118,Dietramszell,5.81,16.18
9173120,Egling,6.51,10.68
9173123,Eurasburg,6.02,12.46
9173124,Gaißach,2.92,7.31
9173126,"Geretsried, Stadt",1.73,8.53
9173127,Greiling,4.2,7.42
9173130,Icking,3.96,10.25
9173131,Jachenau,16.78,26.54
9173133,Kochel a.See,3.85,19.11
9173134,Königsdorf,3.34,12.48
9173135,Lenggries,3.99,13.32
9173137,Münsing,4.95,11.13
9173140,Reichersbeuern,5.58,9.15
9173141,Sachsenkam,7.89,11.68
9173142,Schlehdorf,3.24,12.56
9173145,Wackersberg,5.24,6.85
9173147,"Wolfratshausen, Stadt",2.34,3.44
9173451,Pupplinger Au,-9999.0,5.19
9173452,Wolfratshauser Forst,-9999.0,10.47
9174111,"Altomünster, Markt",4.3,14.1
9174113,Bergkirchen,4.31,9.72
9174115,"Dachau, GKSt",2.36,5.88
9174118,Erdweg,2.63,13.12
9174121,Haimhausen,3.28,17.0
9174122,Hebertshausen,3.46,9.82
9174126,Karlsfeld,3.24,10.67
9174131,"Markt Indersdorf, Markt",4.0,6.76
9174135,Odelzhausen,3.75,18.89
9174136,Petershausen,3.97,13.37
9174137,Pfaffenhofen a.d.Glonn,2.6,18.29
9174141,Röhrmoos,2.61,8.85
9174143,Schwabhausen,3.32,9.7
9174146,Sulzemoos,3.16,17.02
9174147,Hilgertshausen-Tandern,3.18,13.17
9174150,Vierkirchen,2.31,8.4
9174151,Weichs,3.2,7.38
9175111,Anzing,2.65,16.59
9175112,Aßling,3.49,16.51
9175113,Baiern,6.68,19.93
9175114,Bruck,4.95,14.62
9175115,"Ebersberg, Stadt",3.49,5.3
9175116,Egmating,4.68,23.6
9175118,Forstinning,2.99,14.85
9175119,Frauenneuharting,7.1,13.62
9175121,"Glonn, Markt",2.88,21.14
9175122,"Grafing b.München, Stadt",3.47,10.15
9175123,Hohenlinden,3.94,12.31
9175124,"Kirchseeon, Markt",2.29,9.52
9175127,"Markt Schwaben, Markt",2.09,17.22
9175128,Moosach,3.68,17.11
9175131,Oberpframmern,2.47,20.4
9175132,Vaterstetten,2.82,19.49
9175133,Pliening,3.29,19.0
9175135,Poing,2.06,20.72
9175136,Emmering,5.71,17.71
9175137,Steinhöring,4.23,10.8
9175139,Zorneding,2.09,15.94
9175451,Anzinger Forst,-9999.0,15.18
9175452,Ebersberger Forst,-9999.0,11.39
9175453,Eglhartinger Forst,-9999.0,8.82
9176111,Adelschlag,6.55,9.44
9176112,"Altmannstein, Markt",6.07,23.95
9176114,"Beilngries, Stadt",5.9,26.48
9176116,Böhmfeld,8.32,19.27
9176118,Buxheim,1.92,12.03
9176120,Denkendorf,3.84,17.96
9176121,"Dollnstein, Markt",3.54,17.39
9176122,Egweil,9.55,13.95
9176123,"Eichstätt, GKSt",3.54,6.08
9176124,Eitensheim,2.42,12.12
9176126,"Gaimersheim, Markt",1.76,10.53
9176129,Großmehring,4.95,10.09
9176131,Hepberg,1.95,8.69
9176132,Hitzhofen,5.25,15.06
9176137,"Kinding, Markt",7.57,23.15
9176138,"Kipfenberg, Markt",6.77,20.18
9176139,"Kösching, Markt",3.27,5.87
9176143,Lenting,2.64,8.43
9176147,Mindelstetten,4.04,20.71
9176148,"Mörnsheim, Markt",9.02,27.87
9176149,"Nassenfels, Markt",8.09,14.3
9176150,Oberdolling,6.56,14.83
9176153,"Pförring, Markt",4.55,24.83
9176155,Pollenfeld,3.16,10.69
9176160,Schernfeld,4.32,12.87
9176161,Stammham,2.05,13.71
9176164,"Titting, Markt",5.38,18.75
9176165,Walting,9.66,11.93
9176166,"Wellheim, Markt",4.87,20.01
9176167,Wettstetten,2.84,13.72
9176451,Haunstetter Forst,-9999.0,-9999.0
9177112,Berglern,2.19,17.31
9177113,Bockhorn,4.21,13.55
9177114,Buch a.Buchrain,3.08,17.84
9177115,"Dorfen, Stadt",5.95,22.14
9177116,Eitting,7.5,12.52
9177117,"Erding, GKSt",2.98,6.59
9177118,Finsing,5.0,17.73
9177119,Forstern,2.95,15.13
9177120,Fraunberg,7.07,17.13
9177121,Hohenpolding,7.43,21.54
9177122,Inning a.Holz,3.3,19.84
9177123,"Isen, Markt",3.78,13.98
9177124,Kirchberg,5.47,22.34
9177126,Langenpreising,4.31,19.54
9177127,Lengdorf,6.79,18.2
9177130,Moosinning,4.47,11.89
9177131,Neuching,3.96,12.25
9177133,Oberding,5.98,12.26
9177134,Ottenhofen,5.08,15.4
9177135,Pastetten,2.56,15.97
9177137,Sankt Wolfgang,4.52,12.42
9177138,Steinkirchen,5.6,23.8
9177139,Taufkirchen (Vils),5.47,25.93
9177142,Walpertskirchen,2.65,12.82
9177143,"Wartenberg, Markt",2.17,21.05
9177144,Wörth,3.36,11.29
9178113,Allershausen,3.23,17.78
9178115,Attenkirchen,3.48,15.68
9178116,"Au i.d.Hallertau, Markt",5.1,17.99
9178120,Eching,3.84,17.14
9178122,Rudelzhausen,7.79,12.8
9178123,Fahrenzhausen,3.99,17.79
9178124,"Freising, GKSt",3.21,7.25
9178125,Gammelsdorf,7.98,22.99
9178129,Haag a.d.Amper,3.09,16.76
9178130,Hallbergmoos,2.48,17.98
9178132,Hörgertshausen,7.4,21.52
9178133,Hohenkammer,5.5,14.47
9178136,Kirchdorf a.d.Amper,4.34,15.51
9178137,Kranzberg,5.41,16.6
9178138,Langenbach,4.49,12.99
9178140,Marzling,6.98,10.73
9178142,Mauern,3.06,24.25
9178143,"Moosburg a.d.Isar, Stadt",3.8,17.5
9178144,"Nandlstadt, Markt",3.6,21.49
9178145,Neufahrn b.Freising,2.99,18.19
9178150,Paunzhausen,6.71,12.02
9178155,Wang,6.46,20.54
9178156,Wolfersdorf,4.32,16.97
9178157,Zolling,3.99,13.01
9179111,Adelshofen,5.21,16.29
9179113,Alling,3.54,9.69
9179114,Althegnenberg,1.7,20.18
9179117,Egenhofen,3.23,15.69
9179118,Eichenau,1.83,11.5
9179119,Emmering,2.04,5.44
9179121,"Fürstenfeldbruck, GKSt",2.05,5.21
9179123,"Germering, GKSt",1.67,13.15
9179125,Grafrath,2.35,13.49
9179126,Gröbenzell,1.76,15.31
9179128,Hattenhofen,5.3,16.03
9179130,Jesenwang,1.64,12.97
9179131,Kottgeisering,1.8,15.8
9179132,Landsberied,3.96,11.21
9179134,Maisach,3.92,10.86
9179136,Mammendorf,2.13,11.5
9179137,Mittelstetten,3.85,18.47
9179138,Moorenweis,3.54,20.09
9179140,Oberschweinbach,4.2,14.21
9179142,"Olching, Stadt",3.14,11.66
9179145,"Puchheim, Stadt",2.21,13.19
9179147,Schöngeising,1.72,10.12
9179149,Türkenfeld,1.92,20.72
9180112,Bad Kohlgrub,2.26,18.74
9180113,Bad Bayersoien,2.6,23.11
9180114,Eschenlohe,2.83,11.55
9180115,Ettal,6.73,24.02
9180116,Farchant,1.93,11.05
9180117,"Garmisch-Partenkirchen, Markt",2.58,7.47
9180118,Grainau,2.99,14.17
9180119,Großweil,5.56,9.52
9180122,Krün,3.92,14.59
9180123,"Mittenwald, Markt",3.24,17.29
9180124,"Murnau a.Staffelsee, Markt",2.84,5.94
9180125,Oberammergau,2.08,26.56
9180126,Oberau,1.94,15.06
9180127,Ohlstadt,2.55,7.43
9180128,Riegsee,6.8,10.1
9180129,Saulgrub,3.66,22.34
9180131,Schwaigen,8.84,15.19
9180132,Seehausen a.Staffelsee,2.9,7.56
9180133,Spatzenhausen,5.32,10.11
9180134,Uffing a.Staffelsee,3.62,15.1
9180135,Unterammergau,2.34,25.19
9180136,Wallgau,2.12,18.59
9180451,Ettaler Forst,-9999.0,17.83
9181111,Apfeldorf,2.49,14.83
9181113,Denklingen,4.89,14.27
9181114,"Dießen am Ammersee, Markt",4.7,23.86
9181115,Eching am Ammersee,2.29,16.95
9181116,Egling a.d.Paar,7.96,23.97
9181118,Eresing,2.41,16.87
9181120,Finning,3.14,19.43
9181121,Fuchstal,3.78,15.44
9181122,Geltendorf,5.64,21.45
9181123,Greifenberg,2.62,17.43
9181124,Hofstetten,2.5,18.04
9181126,Hurlach,5.34,10.78
9181127,Igling,3.22,9.17
9181128,"Kaufering, Markt",2.56,10.27
9181129,Kinsau,2.62,9.79
9181130,"Landsberg am Lech, GKSt",2.9,7.57
9181131,Obermeitingen,2.9,10.53
9181132,Penzing,4.62,13.77
9181133,Vilgertshofen,3.54,19.11
9181134,Prittriching,2.02,24.33
9181135,Reichling,3.24,20.18
9181137,Rott,1.86,18.3
9181138,Scheuring,7.28,16.59
9181139,Schondorf am Ammersee,1.85,19.62
9181140,Schwifting,5.48,11.55
9181141,Pürgen,4.39,14.62
9181142,Thaining,2.05,21.76
9181143,Unterdießen,6.7,12.54
9181144,Utting am Ammersee,2.88,24.61
9181145,Weil,5.4,18.44
9181146,Windach,4.33,17.41
9181451,Ammersee,-9999.0,16.74
9182111,Bad Wiessee,2.17,20.7
9182112,Bayrischzell,3.96,25.49
9182114,Fischbachau,4.26,18.29
9182116,Gmund a.Tegernsee,3.95,12.67
9182119,Hausham,4.08,6.39
9182120,"Holzkirchen, Markt",3.78,20.4
9182123,Irschenberg,5.82,14.24
9182124,Kreuth,5.36,28.72
9182125,"Miesbach, Stadt",4.33,7.93
9182127,Otterfing,2.06,25.25
9182129,Rottach-Egern,3.52,26.39
9182131,"Schliersee, Markt",2.98,14.51
9182132,"Tegernsee, Stadt",2.29,20.17
9182133,Valley,5.91,20.71
9182134,Waakirchen,3.35,13.95
9182136,Warngau,5.31,13.72
9182137,Weyarn,4.07,15.45
9183112,Ampfing,3.39,15.93
9183113,Aschau a.Inn,2.59,17.76
9183114,"Buchbach, Markt",4.8,24.9
9183115,Egglkofen,7.01,23.2
9183116,Erharting,4.66,10.27
9183118,"Gars a.Inn, Markt",4.71,12.14
9183119,"Haag i.OB, Markt",3.72,4.69
9183120,Heldenstein,7.01,16.29
9183122,Jettenbach,8.92,20.77
9183123,Kirchdorf,5.75,7.26
9183124,"Kraiburg a.Inn, Markt",4.57,17.68
9183125,Lohkirchen,8.77,15.89
9183126,Maitenbeth,3.78,8.87
9183127,Mettenheim,5.64,11.36
9183128,"Mühldorf a.Inn, Stadt",2.73,5.5
9183129,"Neumarkt-Sankt Veit, Stadt",4.61,22.02
9183130,Niederbergkirchen,8.47,13.96
9183131,Niedertaufkirchen,7.54,18.91
9183132,Oberbergkirchen,8.78,19.8
9183134,Oberneukirchen,10.39,16.77
9183135,Obertaufkirchen,7.34,15.89
9183136,Polling,7.73,11.51
9183138,Rattenkirchen,8.16,15.5
9183139,Rechtmehring,5.26,7.6
9183140,Reichertsheim,6.98,9.92
9183143,Schönberg,9.36,20.59
9183144,Schwindegg,3.18,21.24
9183145,Taufkirchen,7.71,20.34
9183147,Unterreit,8.34,17.23
9183148,"Waldkraiburg, Stadt",2.36,16.76
9183151,Zangberg,4.58,14.2
9183451,Mühldorfer Haff,-9999.0,13.07
9184112,Aschheim,2.56,17.27
9184113,Baierbrunn,2.38,12.67
9184114,Brunnthal,3.64,15.86
9184118,Feldkirchen,2.33,17.35
9184119,"Garching b.München, Stadt",3.55,14.22
9184120,Gräfelfing,2.14,7.73
9184121,Grasbrunn,3.6,18.21
9184122,Grünwald,1.88,10.02
9184123,Haar,2.36,17.25
9184127,Höhenkirchen-Siegertsbrunn,2.25,17.51
9184129,Hohenbrunn,2.34,15.09
9184130,Ismaning,5.08,18.1
9184131,Kirchheim b.München,2.27,18.2
9184132,Neuried,2.06,7.44
9184134,Oberhaching,3.82,16.78
9184135,Oberschleißheim,3.09,15.69
9184136,Ottobrunn,1.44,12.16
9184137,Aying,3.02,22.46
9184138,Planegg,1.86,9.11
9184139,Pullach i.Isartal,2.36,8.77
9184140,Putzbrunn,2.79,13.66
9184141,Sauerlach,3.98,19.26
9184142,Schäftlarn,2.22,13.78
9184144,Straßlach-Dingharting,3.98,16.15
9184145,Taufkirchen,2.54,12.32
9184146,Neubiberg,1.92,9.99
9184147,Unterföhring,1.83,13.02
9184148,Unterhaching,1.52,9.76
9184149,"Unterschleißheim, Stadt",2.68,19.18
9184452,Forstenrieder Park,-9999.0,9.97
9184454,Grünwalder Forst,-9999.0,11.96
9184457,Perlacher Forst,-9999.0,6.91
9185113,Aresing,5.28,9.73
9185116,Berg im Gau,9.59,10.58
9185118,Bergheim,7.22,11.43
9185123,Brunnen,7.2,9.33
9185125,"Burgheim, Markt",3.67,15.33
9185127,Ehekirchen,3.92,16.09
9185131,Gachenbach,2.94,11.84
9185139,Karlshuld,3.38,13.78
9185140,Karlskron,6.96,18.59
9185143,Langenmosen,7.51,8.23
9185149,"Neuburg a.d.Donau, GKSt",2.89,6.97
9185150,Oberhausen,3.52,9.82
9185153,"Rennertshofen, Markt",4.3,16.24
9185157,Rohrenfels,7.35,9.06
9185158,"Schrobenhausen, Stadt",4.27,5.65
9185163,Königsmoos,7.9,13.77
9185166,Waidhofen,5.51,9.04
9185168,Weichering,2.77,14.93
9186113,Baar-Ebenhausen,3.0,23.45
9186116,Ernsgaden,1.35,18.75
9186122,"Geisenfeld, Stadt",3.91,17.82
9186125,Gerolsbach,4.36,14.47
9186126,Hettenshausen,4.01,5.38
9186128,"Hohenwart, Markt",4.56,13.17
9186130,Ilmmünster,1.56,7.78
9186132,Jetzendorf,2.66,14.46
9186137,"Manching, Markt",2.4,17.21
9186139,Münchsmünster,3.02,23.16
9186143,"Pfaffenhofen a.d.Ilm, Stadt",5.0,8.38
9186144,Pörnbach,2.61,16.13
9186146,Reichertshausen,3.86,11.59
9186147,"Reichertshofen, Markt",5.5,20.67
9186149,Rohrbach,4.07,16.8
9186151,Scheyern,3.56,8.87
9186152,Schweitenkirchen,4.21,14.16
9186158,"Vohburg a.d.Donau, Stadt",3.3,18.17
9186162,"Wolnzach, Markt",5.13,16.93
9187113,Amerang,4.14,13.18
9187114,Aschau i.Chiemgau,4.22,5.81
9187116,Babensham,5.48,11.61
9187117,"Bad Aibling, Stadt",2.93,5.99
9187118,Bernau a.Chiemsee,3.32,7.2
9187120,Brannenburg,2.95,21.14
9187121,Breitbrunn a.Chiemsee,2.38,14.0
9187122,"Bruckmühl, Markt",2.73,11.61
9187123,Chiemsee,3.72,15.77
9187124,Edling,4.07,7.77
9187125,Eggstätt,3.24,17.13
9187126,Eiselfing,4.06,9.93
9187128,"Bad Endorf, Markt",3.94,14.41
9187129,Bad Feilnbach,3.52,14.55
9187130,Feldkirchen-Westerham,2.93,17.54
9187131,Flintsbach a.Inn,1.91,21.91
9187132,Frasdorf,3.17,6.98
9187134,Griesstätt,3.24,8.34
9187137,Großkarolinenfeld,4.18,9.44
9187138,Gstadt a.Chiemsee,3.67,17.03
9187139,Halfing,2.99,9.93
9187142,Schechen,3.65,12.69
9187145,Höslwang,2.76,14.94
9187148,Kiefersfelden,3.02,29.48
9187150,"Kolbermoor, Stadt",2.7,6.58
9187154,"Neubeuern, Markt",2.86,15.23
9187156,Nußdorf a.Inn,2.34,19.85
9187157,Oberaudorf,2.55,29.52
9187159,Pfaffing,3.86,12.68
9187162,"Prien a.Chiemsee, Markt",3.03,6.31
9187163,Prutting,3.34,10.95
9187164,Ramerberg,5.92,9.09
9187165,Raubling,4.0,15.59
9187167,Riedering,3.11,11.85
9187168,Rimsting,2.8,9.94
9187169,Rohrdorf,4.46,11.1
9187170,Rott a.Inn,2.44,12.52
9187172,Samerberg,4.18,13.84
9187173,Schonstett,5.44,7.21
9187174,Söchtenau,3.99,11.45
9187176,Soyen,4.16,9.13
9187177,Stephanskirchen,2.57,7.43
9187179,Tuntenhausen,4.19,12.96
9187181,Vogtareuth,4.11,5.5
9187182,"Wasserburg a.Inn, Stadt",2.6,5.31
9187186,Albaching,2.9,11.68
9187451,Rotter Forst-Nord,-9999.0,15.48
9187452,Rotter Forst-Süd,-9999.0,-9999.0
9188113,Berg,3.44,12.23
9188117,Andechs,4.91,11.23
9188118,Feldafing,1.9,8.16
9188120,Gauting,2.66,13.36
9188121,Gilching,2.85,14.65
9188124,Herrsching a.Ammersee,2.36,9.47
9188126,Inning a.Ammersee,2.8,11.28
9188127,Krailling,2.82,13.7
9188132,Seefeld,2.51,4.46
9188137,Pöcking,2.46,9.95
9188139,"Starnberg, Stadt",2.78,6.72
9188141,Tutzing,4.58,6.68
9188144,Weßling,2.21,10.3
9188145,Wörthsee,2.26,9.15
9188451,Starnberger See,-9999.0,10.79
9189111,Altenmarkt a.d.Alz,4.66,8.82
9189113,Bergen,3.91,14.89
9189114,Chieming,3.64,13.0
9189115,Engelsberg,4.93,20.08
9189118,Fridolfing,4.85,24.69
9189119,Grabenstätt,4.18,11.9
9189120,"Grassau, Markt",2.75,14.84
9189124,Inzell,2.98,16.65
9189126,Kienberg,7.82,8.92
9189127,Kirchanschöring,5.24,24.83
9189129,Marquartstein,2.37,18.49
9189130,Nußdorf,5.23,8.97
9189133,Obing,4.36,15.64
9189134,Palling,4.34,18.46
9189135,Petting,4.43,21.48
9189137,Pittenhart,5.91,19.14
9189139,Reit im Winkl,2.84,24.33
9189140,Ruhpolding,4.75,6.36
9189141,Schleching,2.5,25.19
9189142,Schnaitsee,5.97,16.16
9189143,Seeon-Seebruck,2.91,14.96
9189145,Siegsdorf,4.94,11.37
9189146,Staudach-Egerndach,2.03,19.44
9189148,Surberg,7.92,11.73
9189149,Tacherting,4.38,13.41
9189150,Taching a.See,4.84,21.31
9189152,"Tittmoning, Stadt",5.88,22.36
9189154,"Traunreut, Stadt",3.16,13.22
9189155,"Traunstein, GKSt",3.61,7.04
9189157,"Trostberg, Stadt",4.91,8.67
9189159,Übersee,2.8,17.66
9189160,Unterwössen,3.33,23.52
9189161,Vachendorf,3.39,10.04
9189162,"Waging a.See, Markt",4.62,16.79
9189165,Wonneberg,7.52,15.4
9189451,Chiemsee (See),-9999.0,15.83
9189452,Waginger See,-9999.0,23.92
9190111,Altenstadt,1.55,7.63
9190113,Antdorf,4.71,9.66
9190114,Bernbeuren,4.2,22.85
9190115,Bernried am Starnberger See,3.89,13.01
9190117,Böbing,5.1,23.37
9190118,Burggen,2.36,16.13
9190120,Eberfing,2.17,10.75
9190121,Eglfing,5.92,14.65
9190126,Habach,3.27,11.2
9190129,Hohenfurch,2.76,6.27
9190130,Hohenpeißenberg,3.07,18.42
9190131,Huglfing,2.58,13.45
9190132,Iffeldorf,2.27,8.98
9190133,Ingenried,7.85,13.85
9190135,Oberhausen,2.8,12.56
9190136,Obersöchering,3.28,14.52
9190138,Pähl,6.8,13.22
9190139,"Peißenberg, Markt",3.02,13.13
9190140,"Peiting, Markt",3.9,12.2
9190141,"Penzberg, Stadt",2.97,4.28
9190142,Polling,3.08,7.08
9190143,Prem,4.15,21.8
9190144,Raisting,2.64,17.98
9190145,Rottenbuch,4.3,19.68
9190148,"Schongau, Stadt",2.41,5.74
9190149,Schwabbruck,3.54,10.26
9190151,Schwabsoien,3.68,12.46
9190152,Seeshaupt,3.91,14.51
9190153,Sindelsdorf,3.66,7.78
9190154,Steingaden,5.1,23.49
9190157,"Weilheim i.OB, Stadt",3.46,5.88
9190158,Wessobrunn,8.68,16.08
9190159,Wielenbach,2.68,8.42
9190160,Wildsteig,8.63,26.88
9261000,Landshut,2.32,7.26
9262000,Passau,3.48,9.91
9263000,Straubing,2.26,15.44
9271111,Aholming,5.93,13.86
9271113,Auerbach,3.89,16.0
9271114,Außernzell,6.26,23.75
9271116,Bernried,5.65,18.01
9271118,Buchhofen,5.3,8.59
9271119,"Deggendorf, GKSt",5.11,8.0
9271122,Grafling,6.01,14.53
9271123,Grattersdorf,6.18,22.05
9271125,"Hengersberg, Markt",5.14,14.82
9271126,Hunding,4.03,18.66
9271127,Iggensbach,4.33,19.01
9271128,Künzing,6.64,12.43
9271130,Lalling,3.64,16.43
9271132,"Metten, Markt",3.17,11.52
9271135,Moos,4.54,11.12
9271138,Niederalteich,5.12,13.24
9271139,Oberpöring,3.5,16.95
9271140,Offenberg,5.41,15.3
9271141,"Osterhofen, Stadt",6.16,9.31
9271143,Otzing,5.81,19.56
9271146,"Plattling, Stadt",3.23,13.86
9271148,Schaufling,7.69,10.28
9271149,"Schöllnach, Markt",4.16,22.87
9271151,Stephansposching,3.6,15.6
9271152,Wallerfing,3.36,14.3
9271153,"Winzer, Markt",3.87,12.66
9272116,Eppenschlag,6.54,18.44
9272118,"Freyung, Stadt",4.26,5.41
9272119,Fürsteneck,7.6,20.34
9272120,"Grafenau, Stadt",5.66,7.88
9272121,Grainet,4.14,14.32
9272122,Haidmühle,5.04,24.14
9272126,Hinterschmiding,4.07,9.75
9272127,Hohenau,6.36,12.47
9272128,Innernzell,4.09,18.55
9272129,Jandelsbrunn,5.61,22.62
9272134,Mauth,6.3,19.85
9272136,Neureichenau,4.19,27.65
9272138,"Perlesreut, Markt",4.05,16.7
9272139,Philippsreut,8.72,17.99
9272140,Ringelai,3.14,12.14
9272141,"Röhrnbach, Markt",5.27,13.19
9272142,Saldenburg,4.61,19.64
9272143,Sankt Oswald-Riedlhütte,5.98,13.26
9272145,Schöfweg,4.08,21.81
9272146,Neuschönau,4.07,15.86
9272147,"Schönberg, Markt",5.76,14.47
9272149,Spiegelau,5.22,15.8
9272150,Thurmansbang,5.92,24.12
9272151,"Waldkirchen, Stadt",6.44,16.06
9272152,Zenting,4.94,26.06
9272451,Annathaler Wald,-9999.0,19.48
9272452,Frauenberger u. Duschlberger Wald,-9999.0,28.08
9272453,Graineter Wald,-9999.0,-9999.0
9272455,Leopoldsreuter Wald,-9999.0,26.92
9272456,Mauther Forst,-9999.0,28.55
9272457,Philippsreuter Wald,-9999.0,-9999.0
9272458,Pleckensteiner Wald,-9999.0,32.25
9272459,Sankt Oswald,-9999.0,19.0
9272460,Schlichtenberger Wald,-9999.0,11.76
9272461,Schönbrunner Wald,-9999.0,23.32
9272463,Waldhäuserwald,-9999.0,14.51
9273111,"Abensberg, Stadt",4.47,17.2
9273113,Aiglsbach,8.6,12.95
9273115,Attenhofen,10.09,11.43
9273116,"Bad Abbach, Markt",6.26,14.45
9273119,Biburg,6.52,19.37
9273121,"Essing, Markt",7.81,10.32
9273125,Hausen,8.49,15.62
9273127,Herrngiersdorf,9.54,19.3
9273133,Ihrlerstein,2.74,6.88
9273137,"Kelheim, Stadt",4.22,7.58
9273139,Kirchdorf,7.21,20.6
9273141,"Langquaid, Markt",4.97,18.47
9273147,"Mainburg, Stadt",4.45,5.45
9273152,"Neustadt a.d.Donau, Stadt",3.86,22.27
9273159,"Painten, Markt",3.44,15.14
9273163,Elsendorf,10.4,12.48
9273164,"Riedenburg, Stadt",6.76,19.63
9273165,"Rohr i.NB, Markt",5.94,15.68
9273166,Saal a.d.Donau,4.97,9.52
9273172,"Siegenburg, Markt",4.75,18.32
9273175,Teugn,11.73,14.62
9273177,Train,7.71,14.39
9273178,Volkenschwand,12.41,14.1
9273181,Wildenberg,9.75,15.39
9273451,Dürnbucher Forst,-9999.0,24.66
9273452,Frauenforst,-9999.0,11.1
9273453,Hacklberg,-9999.0,-9999.0
9273454,Hienheimer Forst,-9999.0,-9999.0
9274111,Adlkofen,6.0,18.08
9274112,Aham,4.99,18.92
9274113,"Altdorf, Markt",1.77,9.72
9274114,Altfraunhofen,3.99,18.18
9274118,Baierbach,6.95,22.25
9274119,Bayerbach b.Ergoldsbach,3.06,16.9
9274120,Bodenkirchen,5.31,25.85
9274121,Buch a.Erlbach,3.43,18.36
9274124,Eching,3.59,12.47
9274126,"Ergolding, Markt",2.64,10.17
9274127,"Ergoldsbach, Markt",3.68,18.44
9274128,"Essenbach, Markt",5.96,14.98
9274132,Furth,3.1,16.06
9274134,"Geisenhausen, Markt",4.86,17.03
9274135,Gerzen,3.78,22.73
9274141,Hohenthann,6.73,15.6
9274145,Kröning,8.8,22.85
9274146,Kumhausen,4.89,11.06
9274153,Neufahrn i.NB,4.02,14.0
9274154,Neufraunhofen,6.65,25.88
9274156,Niederaichbach,4.84,20.48
9274165,Obersüßbach,10.05,18.75
9274172,"Pfeffenhausen, Markt",6.48,10.91
9274174,Postau,6.06,19.83
9274176,"Rottenburg a.d.Laaber, Stadt",5.32,8.03
9274179,Schalkham,8.41,27.84
9274182,Tiefenbach,3.65,11.28
9274183,"Velden, Markt",4.26,28.61
9274184,"Vilsbiburg, Stadt",6.02,22.6
9274185,Vilsheim,3.55,18.34
9274187,Weihmichl,6.6,15.44
9274188,Weng,8.97,20.02
9274191,Wörth a.d.Isar,1.74,16.23
9274193,Wurmsham,8.82,27.5
9274194,Bruckberg,5.06,15.74
9275111,Aicha vorm Wald,3.69,24.49
9275112,"Aidenbach, Markt",2.05,25.75
9275114,Aldersbach,4.47,20.9
9275116,Bad Füssing,4.38,31.9
9275117,Beutelsbach,6.32,29.38
9275118,Breitenberg,4.47,34.17
9275119,Büchlberg,4.94,20.63
9275120,"Eging a.See, Markt",4.11,25.91
9275121,Fürstenstein,3.34,27.32
9275122,"Fürstenzell, Markt",5.76,19.4
9275124,"Bad Griesbach i.Rottal, Stadt",4.54,25.45
9275125,Haarbach,10.72,29.16
9275126,"Hauzenberg, Stadt",5.04,27.94
9275127,"Hofkirchen, Markt",6.69,20.77
9275128,"Hutthurm, Markt",5.58,19.61
9275130,Kirchham,5.76,31.08
9275131,"Kößlarn, Markt",3.96,23.6
9275132,Malching,6.09,32.0
9275133,Neuburg a.Inn,3.65,14.49
9275134,Neuhaus a.Inn,4.75,19.93
9275135,Neukirchen vorm Wald,5.12,22.55
9275137,"Obernzell, Markt",5.85,23.04
9275138,"Ortenburg, Markt",5.94,27.06
9275141,"Pocking, Stadt",3.58,23.94
9275143,"Rotthalmünster, Markt",4.85,27.14
9275144,Ruderting,3.81,18.19
9275145,"Ruhstorf a.d.Rott, Markt",4.1,23.97
9275146,Salzweg,4.01,16.98
9275148,Sonnen,3.64,31.95
9275149,Tettenweis,3.56,26.14
9275150,Thyrnau,9.48,19.22
9275151,Tiefenbach,4.01,17.97
9275152,"Tittling, Markt",3.12,22.91
9275153,"Untergriesbach, Markt",5.71,31.95
9275154,"Vilshofen an der Donau, Stadt",5.69,20.25
9275156,"Wegscheid, Markt",7.74,39.71
9275159,"Windorf, Markt",6.76,22.63
9275160,Witzmannsberg,6.62,26.18
9276111,Achslach,9.62,24.49
9276113,Arnbruck,7.82,18.21
9276115,Bayerisch Eisenstein,4.06,18.34
9276116,Bischofsmais,4.41,21.67
9276117,"Bodenmais, Markt",3.08,15.93
9276118,Böbrach,10.66,22.75
9276120,Drachselsried,4.88,21.92
9276121,Frauenau,3.6,12.7
9276122,Geiersthal,4.26,14.63
9276123,Gotteszell,7.11,20.59
9276126,Kirchberg i.Wald,5.35,22.81
9276127,Kirchdorf i.Wald,4.25,19.4
9276128,Kollnburg,9.3,13.53
9276129,Langdorf,6.68,8.46
9276130,Lindberg,7.96,12.13
9276134,Patersdorf,5.58,18.0
9276135,Prackenbach,7.85,11.98
9276138,"Regen, Stadt",4.76,14.85
9276139,Rinchnach,4.28,14.37
9276142,"Ruhmannsfelden, Markt",2.72,18.95
9276143,"Teisnach, Markt",6.81,19.94
9276144,"Viechtach, Stadt",6.46,9.92
9276146,Zachenberg,7.2,21.9
9276148,"Zwiesel, Stadt",3.64,6.08
9277111,"Arnstorf, Markt",5.56,19.54
9277112,Bayerbach,4.28,20.4
9277113,"Bad Birnbach, Markt",6.97,16.42
9277114,Dietersburg,6.84,12.87
9277116,"Eggenfelden, Stadt",4.5,7.09
9277117,Egglham,5.6,23.13
9277118,Ering,5.9,27.53
9277119,Falkenberg,11.23,13.7
9277121,"Gangkofen, Markt",6.86,22.21
9277122,Geratskirchen,10.44,21.7
9277124,Hebertsfelden,5.89,11.95
9277126,Johanniskirchen,5.08,19.1
9277127,Julbach,4.72,19.69
9277128,Kirchdorf a.Inn,4.56,22.82
9277131,Malgersdorf,7.21,15.8
9277133,"Massing, Markt",4.45,17.67
9277134,Mitterskirchen,4.88,13.83
9277138,"Pfarrkirchen, Stadt",4.12,6.94
9277139,Postmünster,7.66,10.05
9277140,Reut,8.32,20.83
9277141,Rimbach,14.12,18.03
9277142,Roßbach,8.55,22.8
9277144,Schönau,5.35,15.72
9277145,"Simbach a.Inn, Stadt",4.23,23.8
9277147,Stubenberg,4.66,23.39
9277148,"Tann, Markt",7.94,18.05
9277149,"Triftern, Markt",5.7,13.81
9277151,Unterdietfurt,5.3,14.51
9277152,Wittibreut,9.3,18.41
9277153,"Wurmannsquick, Markt",5.43,14.12
9277154,Zeilarn,6.98,20.8
9278112,Aholfing,8.49,20.63
9278113,Aiterhofen,4.35,13.28
9278116,Ascha,3.89,18.28
9278117,Atting,6.22,20.32
9278118,"Bogen, Stadt",4.62,6.76
9278120,Falkenfels,6.51,22.05
9278121,Feldkirchen,4.28,24.96
9278123,"Geiselhöring, Stadt",5.04,19.65
9278129,Haibach,8.98,22.24
9278134,Haselbach,5.88,17.41
9278139,Hunderdorf,3.86,8.48
9278140,Irlbach,5.26,15.2
9278141,Kirchroth,5.85,12.34
9278143,Konzell,4.32,19.33
9278144,Laberweinting,7.44,12.18
9278146,Leiblfing,8.43,27.01
9278147,Loitzendorf,6.78,19.98
9278148,"Mallersdorf-Pfaffenberg, Markt",4.57,7.67
9278149,Mariaposching,7.44,16.73
9278151,"Mitterfels, Markt",3.34,12.75
9278154,Neukirchen,5.55,15.25
9278159,Niederwinkling,5.4,12.66
9278167,Oberschneiding,5.2,19.09
9278170,Parkstetten,4.09,11.27
9278171,Perasdorf,6.39,14.91
9278172,Perkam,7.15,24.0
9278177,Rain,3.6,19.23
9278178,Rattenberg,4.62,16.34
9278179,Rattiszell,6.3,22.19
9278182,Salching,3.59,24.4
9278184,Sankt Englmar,4.93,16.46
9278187,"Schwarzach, Markt",5.64,14.99
9278189,Stallwang,4.24,22.34
9278190,Steinach,3.03,13.65
9278192,Straßkirchen,3.3,14.89
9278197,Wiesenfelden,5.03,19.88
9278198,Windberg,5.43,9.75
9279112,"Dingolfing, Stadt",2.78,5.27
9279113,"Eichendorf, Markt",6.89,17.68
9279115,"Frontenhausen, Markt",3.94,14.69
9279116,Gottfrieding,6.16,8.99
9279122,"Landau a.d.Isar, Stadt",6.34,8.3
9279124,Loiching,7.66,12.12
9279125,Mamming,6.16,14.57
9279126,Marklkofen,5.92,12.83
9279127,Mengkofen,6.94,22.07
9279128,Moosthenning,9.43,15.45
9279130,Niederviehbach,4.75,15.8
9279132,"Pilsting, Markt",6.78,13.83
9279134,"Reisbach, Markt",7.29,16.42
9279135,"Simbach, Markt",6.34,15.93
9279137,"Wallersdorf, Markt",4.64,15.76
9361000,Amberg,2.7,5.73
9362000,Regensburg,2.11,7.22
9363000,Weiden i.d.OPf.,2.42,7.18
9371111,Ammerthal,2.6,11.31
9371113,"Auerbach i.d.OPf., Stadt",5.12,6.37
9371116,Birgland,7.09,14.8
9371118,Ebermannsdorf,6.23,12.51
9371119,Edelsfeld,5.11,11.47
9371120,Ensdorf,3.49,15.66
9371121,"Freihung, Markt",3.56,21.88
9371122,Freudenberg,4.97,11.01
9371123,Gebenbach,6.31,14.7
9371126,"Hahnbach, Markt",4.51,11.93
9371127,"Hirschau, Stadt",4.6,18.26
9371128,Hirschbach,10.69,20.4
9371129,"Hohenburg, Markt",5.39,22.36
9371131,Illschwang,4.29,9.81
9371132,"Kastl, Markt",5.28,21.74
9371135,"Königstein, Markt",8.95,13.36
9371136,Kümmersbruck,3.36,7.86
9371140,Etzelwang,6.31,15.42
9371141,Neukirchen b.Sulzbach-Rosenberg,4.75,9.17
9371144,Poppenricht,5.42,10.07
9371146,"Rieden, Markt",3.29,18.3
9371148,"Schmidmühlen, Markt",4.03,15.61
9371150,"Schnaittenbach, Stadt",5.3,21.47
9371151,"Sulzbach-Rosenberg, Stadt",3.56,6.25
9371154,Ursensollen,6.37,14.92
9371156,"Vilseck, Stadt",4.8,19.06
9371157,Weigendorf,4.68,12.83
9371452,Eichen,-9999.0,9.03
9372112,Arnschwang,4.16,19.42
9372113,Arrach,4.19,19.98
9372115,Blaibach,3.7,9.76
9372116,"Cham, Stadt",5.67,8.75
9372117,Chamerau,5.13,10.61
9372124,"Eschlkam, Markt",6.28,28.88
9372125,"Falkenstein, Markt",5.11,16.9
9372126,"Furth im Wald, Stadt",5.95,22.89
9372128,Gleißenberg,10.78,21.78
9372130,Grafenwiesen,3.23,9.31
9372135,Hohenwarth,4.46,14.12
9372137,"Bad Kötzting, Stadt",5.37,8.45
9372138,"Lam, Markt",4.11,24.81
9372142,Michelsneukirchen,4.41,13.16
9372143,Miltach,6.56,14.98
9372144,"Neukirchen b.Hl.Blut, Markt",5.04,29.48
9372146,Pemfling,8.43,11.39
9372147,Pösing,6.32,10.22
9372149,Reichenbach,5.7,20.35
9372150,Rettenbach,7.6,12.5
9372151,Rimbach,3.81,14.82
9372153,"Roding, Stadt",5.74,7.94
9372154,"Rötz, Stadt",4.86,17.83
9372155,Runding,9.43,13.49
9372157,Schönthal,5.37,19.35
9372158,Schorndorf,4.63,12.48
9372161,"Stamsried, Markt",5.29,16.23
9372163,Tiefenbach,4.31,22.28
9372164,Traitsching,8.15,16.68
9372165,Treffelstein,6.77,26.45
9372167,Zell,9.71,17.22
9372168,Waffenbrunn,4.66,11.98
9372169,Wald,5.34,21.79
9372170,Walderbach,4.91,15.12
9372171,"Waldmünchen, Stadt",4.3,23.04
9372174,Weiding,5.14,15.62
9372175,Willmering,3.58,7.12
9372177,Zandt,5.18,18.75
9372178,Lohberg,3.57,27.55
9373112,"Berching, Stadt",6.68,22.57
9373113,Berg b.Neumarkt i.d.OPf.,5.43,11.39
9373114,Berngau,3.47,11.46
9373115,"Breitenbrunn, Markt",6.94,18.51
9373119,Deining,5.68,16.62
9373121,"Dietfurt a.d.Altmühl, Stadt",5.92,27.92
9373126,"Freystadt, Stadt",6.14,21.08
9373134,"Hohenfels, Markt",6.08,18.34
9373140,"Lauterhofen, Markt",6.43,17.72
9373143,"Lupburg, Markt",6.88,8.14
9373146,Mühlhausen,6.33,16.61
9373147,"Neumarkt i.d.OPf., GKSt",4.26,6.25
9373151,"Parsberg, Stadt",6.37,8.35
9373153,Pilsach,6.74,14.36
9373155,"Postbauer-Heng, Markt",2.41,12.07
9373156,"Pyrbaum, Markt",5.39,16.55
9373159,Sengenthal,8.76,11.57
9373160,Seubersdorf i.d.OPf.,5.8,14.51
9373167,"Velburg, Stadt",6.86,17.18
9374111,Altenstadt a.d.Waldnaab,1.9,9.37
9374117,"Eschenbach i.d.OPf., Stadt",3.22,19.44
9374118,"Eslarn, Markt",2.5,22.69
9374119,Etzenricht,2.38,12.84
9374121,"Floß, Markt",2.86,14.01
9374122,Flossenbürg,6.95,20.47
9374123,Georgenberg,7.07,23.32
9374124,"Grafenwöhr, Stadt",3.02,19.6
9374127,Irchenrieth,1.5,10.17
9374128,Kirchendemenreuth,5.62,15.08
9374129,"Kirchenthumbach, Markt",5.0,14.53
9374131,"Kohlberg, Markt",6.57,17.84
9374132,"Leuchtenberg, Markt",6.5,14.96
9374133,"Luhe-Wildenau, Markt",3.24,14.06
9374134,"Mantel, Markt",2.05,14.06
9374137,"Moosbach, Markt",4.22,20.89
9374139,"Neustadt a.d.Waldnaab, Stadt",1.87,12.02
9374140,"Neustadt am Kulm, Stadt",2.61,9.73
9374144,"Parkstein, Markt",2.85,15.81
9374146,Pirk,2.82,11.84
9374147,"Pleystein, Stadt",3.59,23.98
9374148,Trabitz,4.83,12.18
9374149,"Pressath, Stadt",3.68,16.59
9374150,Püchersreuth,5.26,15.94
9374154,Schirmitz,2.59,7.64
9374155,Schlammersdorf,9.12,20.83
9374156,Schwarzenbach,7.24,16.73
9374157,Speinshart,5.41,14.38
9374158,Störnstein,3.66,13.9
9374159,"Tännesberg, Markt",4.1,13.61
9374160,Theisseil,5.42,9.5
9374162,"Vohenstrauß, Stadt",3.73,16.51
9374163,Vorbach,11.0,19.34
9374164,"Waidhaus, Markt",3.2,27.82
9374165,"Waldthurn, Markt",2.77,16.18
9374166,Weiherhammer,3.08,16.5
9374168,"Windischeschenbach, Stadt",3.73,16.81
9374170,Bechtsrieth,3.06,8.63
9374451,Heinersreuther Forst,-9999.0,20.39
9374452,Manteler Forst,-9999.0,15.04
9374458,Speinsharter Forst,-9999.0,15.24
9375113,Alteglofsheim,1.63,18.12
9375114,Altenthann,9.09,18.16
9375115,Aufhausen,7.36,19.54
9375116,Bach a.d.Donau,8.31,11.4
9375117,Barbing,5.97,11.12
9375118,"Beratzhausen, Markt",6.16,17.93
9375119,Bernhardswald,6.93,22.34
9375120,Brennberg,5.18,16.33
9375122,Brunn,5.61,19.67
9375127,Deuerling,3.62,18.98
9375130,"Donaustauf, Markt",3.01,5.42
9375131,Duggendorf,6.92,15.74
9375143,Hagelstadt,4.2,20.38
9375148,"Hemau, Stadt",6.29,21.12
9375153,Holzheim a.Forst,6.98,14.06
9375156,"Kallmünz, Markt",4.76,12.18
9375161,Köfering,1.78,15.72
9375162,"Laaber, Markt",3.54,20.33
9375165,"Lappersdorf, Markt",3.44,11.82
9375170,Mintraching,3.83,14.67
9375171,Mötzing,5.82,16.65
9375174,"Neutraubling, Stadt",1.81,11.57
9375175,"Nittendorf, Markt",3.82,17.08
9375179,Obertraubling,4.62,13.21
9375180,Pentling,4.15,9.92
9375181,Pettendorf,5.44,13.56
9375182,Pfakofen,1.64,14.47
9375183,Pfatter,4.23,10.67
9375184,Pielenhofen,5.08,18.71
9375190,"Regenstauf, Markt",4.26,17.1
9375191,Riekofen,5.0,15.94
9375196,"Schierling, Markt",5.24,15.44
9375199,Sinzing,7.93,14.48
9375201,Sünching,1.82,18.79
9375204,Tegernheim,2.09,9.05
9375205,Thalmassing,5.4,19.5
9375208,Wenzenbach,4.33,15.75
9375209,Wiesent,3.84,7.33
9375210,"Wörth a.d.Donau, Stadt",4.23,5.95
9375211,Wolfsegg,2.87,20.75
9375213,Zeitlarn,2.97,13.11
9375451,Forstmühler Forst,-9999.0,11.74
9375452,Kreuther Forst,-9999.0,19.89
9376112,Altendorf,9.95,15.17
9376116,Bodenwöhr,5.71,17.63
9376117,"Bruck i.d.OPf., Markt",3.56,19.49
9376119,"Burglengenfeld, Stadt",4.14,7.97
9376122,Dieterskirchen,3.28,10.07
9376125,Fensterbach,4.53,14.38
9376131,Gleiritsch,7.18,13.02
9376133,Guteneck,8.82,14.26
9376141,"Maxhütte-Haidhof, Stadt",4.37,10.55
9376144,"Nabburg, Stadt",3.47,14.69
9376146,"Neukirchen-Balbini, Markt",4.0,20.22
9376147,"Neunburg vorm Wald, Stadt",5.11,18.45
9376148,Niedermurach,6.76,9.11
9376149,"Nittenau, Stadt",4.94,19.23
9376150,"Wernberg-Köblitz, Markt",3.64,18.11
9376151,"Oberviechtach, Stadt",4.91,7.49
9376153,"Pfreimd, Stadt",3.22,16.77
9376159,Schmidgaden,7.45,17.43
9376160,"Schönsee, Stadt",3.61,17.11
9376161,"Schwandorf, GKSt",4.8,7.65
9376162,Schwarzach b.Nabburg,8.23,11.53
9376163,"Schwarzenfeld, Markt",2.88,8.41
9376164,"Schwarzhofen, Markt",7.26,15.33
9376167,Stadlern,9.14,24.43
9376168,Steinberg am See,2.14,8.73
9376169,Stulln,4.98,12.26
9376170,"Teublitz, Stadt",3.79,10.76
9376171,Teunz,4.33,9.29
9376172,Thanstein,7.18,14.69
9376173,Trausnitz,8.28,17.46
9376175,Wackersdorf,4.02,9.5
9376176,Weiding,5.16,17.68
9376178,"Winklarn, Markt",4.9,11.64
9376455,Wolferlohe,-9999.0,-9999.0
9377112,"Bärnau, Stadt",4.54,13.95
9377113,Brand,3.2,15.95
9377115,Ebnath,1.98,17.94
9377116,"Erbendorf, Stadt",4.86,15.15
9377117,"Falkenberg, Markt",9.02,11.77
9377118,Friedenfels,8.64,17.56
9377119,"Fuchsmühl, Markt",3.35,13.97
9377127,Immenreuth,3.81,10.42
9377128,Kastl,3.51,9.24
9377129,"Kemnath, Stadt",5.09,5.95
9377131,"Konnersreuth, Markt",2.88,17.8
9377132,Krummennaab,6.21,16.71
9377133,Kulmain,4.04,9.12
9377137,Leonberg,6.89,11.63
9377139,"Mähring, Markt",6.97,14.37
9377141,"Mitterteich, Stadt",2.52,11.36
9377142,"Bad Neualbenreuth, Markt",3.86,19.99
9377143,Neusorg,2.64,14.02
9377145,Pechbrunn,2.92,13.5
9377146,"Plößberg, Markt",4.9,12.59
9377148,Pullenreuth,6.73,13.95
9377149,Reuth b.Erbendorf,7.48,16.27
9377154,"Tirschenreuth, Stadt",4.36,6.35
9377157,"Waldershof, Stadt",6.6,10.2
9377158,"Waldsassen, Stadt",3.5,19.3
9377159,"Wiesau, Markt",3.27,16.09
9461000,Bamberg,2.6,9.69
9462000,Bayreuth,3.02,7.56
9463000,Coburg,2.85,7.2
9464000,Hof,2.52,6.01
9471111,Altendorf,3.22,18.62
9471115,"Baunach, Stadt",2.76,15.88
9471117,Bischberg,2.64,15.85
9471119,Breitengüßbach,2.29,14.75
9471120,"Burgebrach, Markt",3.88,5.79
9471122,"Burgwindheim, Markt",2.49,15.01
9471123,"Buttenheim, Markt",3.85,14.79
9471128,"Ebrach, Markt",3.76,17.65
9471131,Frensdorf,2.71,11.3
9471133,Gerach,3.56,10.74
9471137,Gundelsheim,1.48,12.99
9471140,"Hallstadt, Stadt",1.95,13.14
9471142,"Heiligenstadt i.OFr., Markt",4.4,14.29
9471145,"Hirschaid, Markt",2.76,17.43
9471150,Kemmern,1.35,13.79
9471151,Königsfeld,3.56,13.11
9471152,Lauter,7.22,19.3
9471154,Lisberg,2.19,13.91
9471155,Litzendorf,2.28,12.47
9471159,Memmelsdorf,2.99,10.86
9471165,Oberhaid,2.23,17.75
9471169,Pettstadt,1.86,12.17
9471172,Pommersfelden,3.3,10.54
9471173,Priesendorf,3.14,17.54
9471174,"Rattelsdorf, Markt",3.12,14.07
9471175,Reckendorf,1.74,11.21
9471185,"Scheßlitz, Stadt",4.27,5.53
9471186,Schönbrunn i.Steigerwald,6.94,10.59
9471189,Stadelhofen,6.58,10.05
9471191,Stegaurach,3.74,8.68
9471195,Strullendorf,2.1,15.53
9471207,Viereth-Trunstadt,2.6,17.95
9471208,Walsdorf,2.28,13.18
9471209,Wattendorf,9.69,10.91
9471214,"Zapfendorf, Markt",3.39,11.63
9471220,"Schlüsselfeld, Stadt",5.44,14.33
9471452,Ebracher Forst,-9999.0,-9999.0
9471453,Eichwald,-9999.0,-9999.0
9471454,Geisberger Forst,-9999.0,14.66
9471455,Hauptsmoor,-9999.0,12.73
9471456,Koppenwinder Forst,-9999.0,-9999.0
9471457,Lindach,-9999.0,-9999.0
9471459,Semberg,-9999.0,-9999.0
9471460,Steinachsrangen,-9999.0,-9999.0
9471461,Winkelhofer Forst,-9999.0,17.97
9471462,Zückshuter Forst,-9999.0,-9999.0
9472111,Ahorntal,5.25,23.47
9472115,Aufseß,7.57,18.73
9472116,"Bad Berneck i.Fichtelgebirge, Stadt",4.22,18.08
9472118,"Betzenstein, Stadt",5.44,17.96
9472119,Bindlach,4.7,9.78
9472121,Bischofsgrün,4.26,23.99
9472127,"Creußen, Stadt",4.2,16.59
9472131,Eckersdorf,4.58,11.36
9472133,Emtmannsberg,9.23,17.92
9472138,Fichtelberg,3.67,22.1
9472139,"Gefrees, Stadt",4.52,15.91
9472140,Gesees,2.76,13.58
9472141,Glashütten,1.64,15.2
9472143,"Goldkronach, Stadt",4.74,16.53
9472146,Haag,9.49,19.17
9472150,Heinersreuth,3.4,8.37
9472154,"Hollfeld, Stadt",3.74,19.38
9472155,Hummeltal,2.93,14.42
9472156,Kirchenpingarten,6.23,13.71
9472164,Mehlmeisel,6.74,20.94
9472166,Mistelbach,2.28,8.4
9472167,Mistelgau,3.78,15.78
9472175,"Pegnitz, Stadt",5.4,7.72
9472176,Plankenfels,6.4,21.58
9472177,"Plech, Markt",7.81,15.38
9472179,"Pottenstein, Stadt",6.54,16.89
9472180,Prebitz,8.71,20.7
9472184,"Schnabelwaid, Markt",5.99,11.8
9472188,Seybothenreuth,7.24,16.25
9472190,Speichersdorf,4.78,12.15
9472197,"Waischenfeld, Stadt",5.05,20.62
9472198,Warmensteinach,3.37,25.49
9472199,"Weidenberg, Markt",5.32,16.19
9472451,Bischofsgrüner Forst,-9999.0,23.61
9472453,Fichtelberg,-9999.0,21.69
9472454,Forst Neustädtlein a.Forst,-9999.0,14.15
9472456,Glashüttener Forst,-9999.0,19.14
9472458,Heinersreuther Forst,-9999.0,6.76
9472463,Neubauer Forst-Nord,-9999.0,19.08
9472464,Prüll,-9999.0,-9999.0
9472468,Veldensteinerforst,-9999.0,10.49
9472469,Waidacher Forst,-9999.0,17.35
9472470,Warmensteinacher Forst-Nord,-9999.0,-9999.0
9473112,Ahorn,3.86,8.02
9473120,Dörfles-Esbach,1.85,11.79
9473121,Ebersdorf b.Coburg,2.81,12.19
9473132,Großheirath,1.99,11.4
9473134,Grub a.Forst,3.0,9.03
9473138,Itzgrund,3.85,12.2
9473141,Lautertal,4.13,15.77
9473144,Meeder,6.2,19.08
9473151,"Neustadt b.Coburg, GKSt",3.93,7.17
9473153,Niederfüllbach,2.67,6.45
9473158,"Bad Rodach, Stadt",5.55,19.47
9473159,"Rödental, Stadt",3.47,13.32
9473165,"Seßlach, Stadt",4.55,16.78
9473166,Sonnefeld,3.04,16.21
9473170,Untersiemau,3.22,9.05
9473174,Weidhausen b.Coburg,2.15,17.55
9473175,Weitramsdorf,2.31,13.12
9473452,Callenberger Forst-West,-9999.0,-9999.0
9473453,Gellnhausen,-9999.0,-9999.0
9473454,Köllnholz,-9999.0,-9999.0
9474119,Dormitz,1.76,17.83
9474121,"Ebermannstadt, Stadt",4.5,5.68
9474122,Effeltrich,1.72,16.57
9474123,"Eggolsheim, Markt",4.14,14.21
9474124,"Egloffstein, Markt",4.86,16.01
9474126,"Forchheim, GKSt",2.27,15.08
9474129,"Gößweinstein, Markt",5.32,16.35
9474132,"Gräfenberg, Stadt",4.5,21.84
9474133,Hallerndorf,3.84,18.57
9474134,Hausen,2.47,15.63
9474135,Heroldsbach,2.24,16.56
9474137,Hetzles,5.78,21.11
9474138,"Hiltpoltstein, Markt",2.89,21.33
9474140,"Igensdorf, Markt",3.51,17.13
9474143,Kirchehrenbach,1.66,9.26
9474144,Kleinsendelbach,4.02,17.88
9474145,Kunreuth,2.93,18.86
9474146,Langensendelbach,2.0,11.8
9474147,Leutenbach,4.33,16.93
9474154,"Neunkirchen a.Brand, Markt",3.6,21.3
9474156,Obertrubach,3.84,20.25
9474158,Pinzberg,4.6,14.53
9474160,Poxdorf,3.57,13.65
9474161,"Pretzfeld, Markt",3.42,8.24
9474168,Unterleinleiter,6.71,8.74
9474171,Weilersbach,2.43,8.01
9474173,Weißenohe,3.69,19.82
9474175,Wiesenthau,6.17,13.99
9474176,"Wiesenttal, Markt",5.92,9.96
9475112,"Bad Steben, Markt",3.45,14.25
9475113,Berg,4.55,13.78
9475120,Döhlau,3.53,8.14
9475123,Feilitzsch,5.16,14.02
9475127,Gattendorf,7.08,13.01
9475128,Geroldsgrün,3.68,18.48
9475136,"Helmbrechts, Stadt",3.7,12.75
9475137,Issigau,3.36,15.19
9475141,Köditz,7.31,12.02
9475142,Konradsreuth,4.39,9.6
9475145,Leupoldsgrün,1.94,11.77
9475146,"Lichtenberg, Stadt",1.58,13.45
9475154,"Münchberg, Stadt",4.53,6.15
9475156,"Naila, Stadt",3.97,7.44
9475158,"Oberkotzau, Markt",2.14,8.98
9475161,Regnitzlosau,5.66,17.9
9475162,"Rehau, Stadt",4.44,14.56
9475165,"Schauenstein, Stadt",2.94,11.54
9475168,"Schwarzenbach a.d.Saale, Stadt",4.39,15.99
9475169,"Schwarzenbach a.Wald, Stadt",4.86,14.15
9475171,"Selbitz, Stadt",4.06,7.13
9475174,"Sparneck, Markt",2.61,11.31
9475175,"Stammbach, Markt",4.11,12.66
9475181,Töpen,9.06,15.76
9475182,Trogen,4.15,12.75
9475184,Weißdorf,7.02,9.82
9475189,"Zell im Fichtelgebirge, Markt",4.95,12.94
9475451,Forst Schwarzenbach a.Wald,-9999.0,13.8
9475452,Gerlaser Forst,-9999.0,16.01
9475453,Geroldsgrüner Forst,-9999.0,21.09
9475454,Martinlamitzer Forst-Nord,-9999.0,-9999.0
9476145,"Kronach, Stadt",5.42,7.66
9476146,"Küps, Markt",3.19,11.55
9476152,"Ludwigsstadt, Stadt",3.48,34.99
9476154,"Mitwitz, Markt",3.16,14.37
9476159,"Nordhalben, Markt",3.26,26.62
9476164,"Pressig, Markt",2.93,19.96
9476166,Reichenbach,6.76,33.59
9476171,Schneckenlohe,6.56,14.77
9476175,Steinbach a.Wald,4.59,30.28
9476177,"Steinwiesen, Markt",6.05,19.5
9476178,Stockheim,3.19,13.86
9476179,"Tettau, Markt",3.18,24.12
9476180,"Teuschnitz, Stadt",4.66,29.65
9476182,Tschirn,7.65,23.3
9476183,"Marktrodach, Markt",3.38,12.41
9476184,"Wallenfels, Stadt",5.69,20.33
9476185,Weißenbrunn,4.25,11.34
9476189,Wilhelmsthal,7.23,12.25
9476451,Birnbaum,-9999.0,-9999.0
9476453,Langenbacher Forst,-9999.0,21.7
9477117,"Grafengehaig, Markt",5.74,20.62
9477118,Guttenberg,7.9,17.17
9477119,Harsdorf,4.15,16.78
9477121,Himmelkron,3.68,16.16
9477124,"Kasendorf, Markt",3.8,17.74
9477127,Ködnitz,6.36,9.59
9477128,"Kulmbach, GKSt",4.57,9.85
9477129,"Kupferberg, Stadt",2.03,16.16
9477135,"Ludwigschorgast, Markt",1.62,12.7
9477136,"Mainleus, Markt",5.01,15.0
9477138,"Marktleugast, Markt",3.71,17.11
9477139,"Marktschorgast, Markt",1.96,15.47
9477142,Neudrossenfeld,4.41,14.22
9477143,Neuenmarkt,1.96,15.34
9477148,"Presseck, Markt",7.02,23.25
9477151,Rugendorf,3.07,17.0
9477156,"Stadtsteinach, Stadt",2.5,16.79
9477157,"Thurnau, Markt",4.87,19.69
9477158,Trebgast,3.51,14.38
9477159,Untersteinach,1.98,9.8
9477163,"Wirsberg, Markt",2.69,18.38
9477164,"Wonsees, Markt",3.52,19.3
9478111,Altenkunstadt,2.57,16.24
9478116,"Burgkunstadt, Stadt",3.8,17.62
9478120,"Ebensfeld, Markt",4.44,12.15
9478127,Hochstadt a.Main,2.82,11.83
9478139,"Lichtenfels, Stadt",4.86,7.71
9478143,"Marktgraitz, Markt",3.78,18.09
9478144,"Marktzeuln, Markt",2.16,13.81
9478145,Michelau i.OFr.,2.46,11.22
9478155,Redwitz a.d.Rodach,2.68,15.31
9478165,"Bad Staffelstein, Stadt",4.29,10.59
9478176,"Weismain, Stadt",5.35,17.69
9478451,Breitengüßbacher Forst,-9999.0,14.22
9478453,Neuensorger Forst,-9999.0,12.95
9479111,Bad Alexandersbad,2.38,8.68
9479112,"Arzberg, Stadt",3.54,13.77
9479126,Höchstädt i.Fichtelgebirge,2.12,11.15
9479127,"Hohenberg a.d.Eger, Stadt",4.45,14.02
9479129,"Kirchenlamitz, Stadt",4.34,16.77
9479135,"Marktleuthen, Stadt",3.46,12.25
9479136,"Marktredwitz, GKSt",4.39,7.29
9479138,Nagel,2.71,17.58
9479145,Röslau,3.44,17.54
9479147,"Schirnding, Markt",2.26,16.94
9479150,"Schönwald, Stadt",2.48,8.65
9479152,"Selb, GKSt",4.48,6.54
9479158,"Thiersheim, Markt",3.63,12.42
9479159,"Thierstein, Markt",4.7,9.51
9479161,Tröstau,3.49,14.31
9479166,"Weißenstadt, Stadt",4.66,23.06
9479169,"Wunsiedel, Stadt",3.65,11.94
9479453,Kaiserhammer Forst-Ost,-9999.0,10.28
9479455,Martinlamitzer Forst-Süd,-9999.0,-9999.0
9479456,Meierhöfer Seite,-9999.0,-9999.0
9479457,Neubauer Forst-Süd,-9999.0,-9999.0
9479459,Tröstauer Forst-Ost,-9999.0,14.4
9479460,Tröstauer Forst-West,-9999.0,17.24
9479461,Vordorfer Forst,-9999.0,18.08
9479462,Weißenstadter Forst-Nord,-9999.0,-9999.0
9479463,Weißenstadter Forst-Süd,-9999.0,22.29
9561000,Ansbach,4.11,10.04
9562000,Erlangen,1.77,7.54
9563000,Fürth,1.98,7.9
9564000,Nürnberg,1.89,7.8
9565000,Schwabach,2.23,7.44
9571111,Adelshofen,11.62,16.16
9571113,"Arberg, Markt",5.83,18.34
9571114,Aurach,5.14,21.62
9571115,"Bechhofen, Markt",4.73,24.92
9571122,Bruckberg,2.28,17.54
9571125,Buch a.Wald,9.98,16.2
9571127,Burgoberbach,2.96,18.14
9571128,Burk,9.11,20.64
9571130,"Colmberg, Markt",4.06,15.54
9571132,"Dentlein a.Forst, Markt",4.31,16.81
9571134,Diebach,7.43,13.86
9571135,"Dietenhofen, Markt",3.96,20.56
9571136,"Dinkelsbühl, GKSt",4.65,7.4
9571137,"Dombühl, Markt",3.42,18.51
9571139,"Dürrwangen, Markt",4.03,10.5
9571141,Ehingen,5.2,23.59
9571145,"Feuchtwangen, Stadt",5.49,16.68
9571146,"Flachslanden, Markt",3.68,16.35
9571152,Gebsattel,7.38,7.98
9571154,Gerolfingen,4.99,18.67
9571155,Geslau,9.11,12.14
9571165,"Heilsbronn, Stadt",4.74,22.66
9571166,"Herrieden, Stadt",5.46,21.14
9571169,Insingen,7.86,11.22
9571170,Langfurth,3.55,16.69
9571171,"Lehrberg, Markt",4.43,10.2
9571174,"Leutershausen, Stadt",5.09,19.67
9571175,"Lichtenau, Markt",4.73,17.63
9571177,"Merkendorf, Stadt",3.62,17.6
9571178,Mitteleschenbach,2.55,22.65
9571179,Mönchsroth,2.19,12.2
9571180,Neuendettelsau,3.14,20.84
9571181,Neusitz,6.96,6.6
9571183,Oberdachstetten,8.52,18.66
9571188,Ohrenbach,10.82,14.0
9571189,"Ornbau, Stadt",1.95,20.81
9571190,Petersaurach,5.82,18.27
9571192,Röckingen,6.64,23.9
9571193,"Rothenburg ob der Tauber, GKSt",4.44,7.1
9571194,Rügland,6.1,14.18
9571196,Sachsen b.Ansbach,2.57,13.77
9571198,"Schillingsfürst, Stadt",2.9,16.27
9571199,Schnelldorf,5.48,16.7
9571200,"Schopfloch, Markt",3.13,8.36
9571205,Steinsfeld,8.41,10.22
9571208,Unterschwaningen,7.19,18.61
9571214,"Wassertrüdingen, Stadt",5.42,23.09
9571216,"Weidenbach, Markt",4.01,19.82
9571217,Weihenzell,4.48,12.41
9571218,"Weiltingen, Markt",2.77,17.67
9571222,Wettringen,8.39,17.08
9571223,Wieseth,8.04,23.27
9571224,Wilburgstetten,3.59,12.66
9571225,Windelsbach,12.45,16.25
9571226,"Windsbach, Stadt",4.92,22.48
9571227,Wittelshofen,3.65,15.09
9571228,Wörnitz,3.47,14.07
9571229,"Wolframs-Eschenbach, Stadt",2.08,19.04
9571451,Unterer Wald,-9999.0,-9999.0
9572111,Adelsdorf,2.94,11.77
9572114,Aurachtal,2.43,18.36
9572115,"Baiersdorf, Stadt",2.23,11.1
9572119,Bubenreuth,1.6,7.0
9572120,Buckenhof,1.71,10.97
9572121,"Eckental, Markt",2.59,13.42
9572126,Gremsdorf,7.26,9.06
9572127,Großenseebach,2.24,11.2
9572130,Hemhofen,1.6,14.55
9572131,"Heroldsberg, Markt",3.04,13.45
9572132,"Herzogenaurach, Stadt",2.19,15.14
9572133,Heßdorf,3.23,10.77
9572135,"Höchstadt a.d.Aisch, Stadt",3.68,6.42
9572137,Kalchreuth,1.78,17.51
9572139,"Lonnerstadt, Markt",2.78,7.88
9572141,Marloffstein,3.68,10.69
9572142,Möhrendorf,1.79,9.54
9572143,"Mühlhausen, Markt",1.91,8.32
9572147,Oberreichenbach,7.2,21.35
9572149,Röttenbach,2.45,12.45
9572154,Spardorf,2.6,10.2
9572158,Uttenreuth,2.51,14.25
9572159,"Vestenbergsgreuth, Markt",6.62,14.63
9572160,"Wachenroth, Markt",6.26,10.85
9572164,"Weisendorf, Markt",2.55,15.13
9572451,Birkach,-9999.0,-9999.0
9572452,Buckenhofer Forst,-9999.0,11.61
9572453,Dormitzer Forst,-9999.0,-9999.0
9572454,Erlenstegener Forst,-9999.0,7.08
9572455,Forst Tennenlohe,-9999.0,10.69
9572456,Geschaidt,-9999.0,13.14
9572457,Kalchreuther Forst,-9999.0,12.58
9572458,Kraftshofer Forst,-9999.0,9.66
9572459,Mark,-9999.0,14.51
9572460,Neunhofer Forst,-9999.0,-9999.0
9573111,"Ammerndorf, Markt",1.96,19.43
9573114,"Cadolzburg, Markt",3.18,16.15
9573115,Großhabersdorf,3.74,24.54
9573120,"Langenzenn, Stadt",3.62,16.81
9573122,"Oberasbach, Stadt",2.18,10.67
9573123,Obermichelbach,2.2,14.95
9573124,Puschendorf,1.9,19.73
9573125,"Roßtal, Markt",4.42,16.89
9573126,Seukendorf,2.1,11.94
9573127,"Stein, Stadt",2.42,13.34
9573129,Tuchenbach,1.98,18.53
9573130,Veitsbronn,2.11,14.98
9573133,"Wilhermsdorf, Markt",3.53,22.45
9573134,"Zirndorf, Stadt",2.84,12.32
9574111,Alfeld,2.21,18.21
9574112,"Altdorf b.Nürnberg, Stadt",3.88,5.49
9574117,Burgthann,3.25,8.21
9574120,Engelthal,3.08,17.91
9574123,"Feucht, Markt",2.28,9.35
9574128,Happurg,3.98,19.67
9574129,Hartenstein,3.98,22.45
9574131,Henfenfeld,1.54,14.09
9574132,"Hersbruck, Stadt",2.45,15.44
9574135,Kirchensittenbach,4.96,19.4
9574138,"Lauf a.d.Pegnitz, Stadt",3.0,6.3
9574139,Leinburg,3.7,10.95
9574140,"Neuhaus a.d.Pegnitz, Markt",3.44,13.33
9574141,Neunkirchen a.Sand,3.28,8.81
9574145,Offenhausen,4.06,15.27
9574146,Ottensoos,1.72,9.49
9574147,Pommelsbrunn,5.04,18.85
9574150,Reichenschwand,2.54,10.3
9574152,"Röthenbach a.d.Pegnitz, Stadt",2.22,9.32
9574154,Rückersdorf,1.88,7.9
9574155,"Schnaittach, Markt",4.59,12.53
9574156,Schwaig b.Nürnberg,2.05,10.54
9574157,Schwarzenbruck,3.47,5.72
9574158,Simmelsdorf,7.18,16.53
9574160,"Velden, Stadt",4.06,20.04
9574161,Vorra,2.36,25.3
9574164,Winkelhaid,2.17,9.5
9574451,Behringersdorfer Forst,-9999.0,10.69
9574452,Brunn,-9999.0,12.79
9574453,Engelthaler Forst,-9999.0,-9999.0
9574454,Feuchter Forst,-9999.0,9.23
9574455,Fischbach,-9999.0,8.25
9574456,Forsthof,-9999.0,8.41
9574457,Günthersbühler Forst,-9999.0,10.23
9574458,Haimendorfer Forst,-9999.0,11.46
9574460,Laufamholzer Forst,-9999.0,11.36
9574461,Leinburg,-9999.0,13.84
9574462,Rückersdorfer Forst,-9999.0,7.88
9574463,Schönberg,-9999.0,5.35
9574464,Winkelhaid,-9999.0,8.81
9574465,Zerzabelshofer Forst,-9999.0,9.55
9575112,"Bad Windsheim, Stadt",3.4,5.98
9575113,"Baudenbach, Markt",4.43,24.43
9575115,"Burgbernheim, Stadt",2.5,14.7
9575116,"Burghaslach, Markt",3.56,17.95
9575117,"Dachsbach, Markt",3.13,14.01
9575118,Diespeck,4.69,21.86
9575119,Dietersheim,7.16,18.61
9575121,"Emskirchen, Markt",4.64,23.58
9575122,Ergersheim,8.58,13.96
9575124,Gallmersgarten,6.7,12.27
9575125,Gerhardshofen,4.51,16.07
9575127,Gollhofen,4.68,16.65
9575128,Gutenstetten,5.41,19.24
9575129,Hagenbüchach,6.65,21.54
9575130,Hemmersheim,3.85,16.99
9575133,Illesheim,6.32,10.28
9575134,"Ippesheim, Markt",1.85,19.25
9575135,"Ipsheim, Markt",3.11,11.82
9575138,Langenfeld,1.77,21.7
9575143,"Marktbergel, Markt",6.66,15.04
9575144,"Markt Bibart, Markt",2.8,23.36
9575145,"Markt Erlbach, Markt",4.34,21.45
9575146,"Markt Nordheim, Markt",9.48,20.05
9575147,"Markt Taschendorf, Markt",7.84,25.47
9575150,Münchsteinach,3.52,23.64
9575152,"Neuhof a.d.Zenn, Markt",3.32,20.2
9575153,"Neustadt a.d.Aisch, Stadt",3.74,22.57
9575155,Oberickelsheim,7.31,12.47
9575156,"Obernzenn, Markt",3.54,14.56
9575157,"Oberscheinfeld, Markt",3.7,26.31
9575161,"Scheinfeld, Stadt",3.66,26.09
9575163,Simmershofen,8.69,22.7
9575165,"Sugenheim, Markt",3.27,17.24
9575166,Trautskirchen,2.36,22.07
9575167,"Uehlfeld, Markt",5.24,12.96
9575168,"Uffenheim, Stadt",3.52,18.25
9575179,Weigenheim,7.18,23.19
9575181,Wilhelmsdorf,4.92,23.29
9575451,Osing,-9999.0,-9999.0
9576111,"Abenberg, Stadt",3.14,15.13
9576113,"Allersberg, Markt",4.22,16.87
9576117,Büchenbach,5.46,10.24
9576121,Georgensgmünd,2.87,13.84
9576122,"Greding, Stadt",6.34,27.54
9576126,"Heideck, Stadt",3.91,19.61
9576127,"Hilpoltstein, Stadt",4.68,18.59
9576128,Kammerstein,8.37,12.49
9576132,"Schwanstetten, Markt",2.23,15.31
9576137,Rednitzhembach,3.7,11.57
9576141,Röttenbach,2.49,15.03
9576142,Rohr,6.12,12.72
9576143,"Roth, Stadt",2.98,7.49
9576147,"Spalt, Stadt",4.23,21.75
9576148,"Thalmässing, Markt",5.28,25.75
9576151,"Wendelstein, Markt",2.51,13.77
9576451,Abenberger Wald,-9999.0,-9999.0
9576452,Dechenwald,-9999.0,-9999.0
9576453,Forst Kleinschwarzenlohe,-9999.0,10.67
9576454,Heidenberg,-9999.0,-9999.0
9576455,Soos,-9999.0,-9999.0
9577111,"Absberg, Markt",2.74,18.38
9577113,Alesheim,8.54,16.11
9577114,Muhr a.See,2.78,12.05
9577115,Bergen,6.92,19.9
9577120,Burgsalach,5.9,14.36
9577122,Dittenheim,4.89,13.17
9577125,"Ellingen, Stadt",3.35,8.94
9577127,Ettenstatt,10.16,15.0
9577133,"Gnotzheim, Markt",8.75,14.84
9577136,"Gunzenhausen, Stadt",5.14,9.1
9577138,Haundorf,8.08,15.29
9577140,"Heidenheim, Markt",5.15,25.0
9577141,Höttingen,5.19,9.22
9577148,Langenaltheim,2.76,20.12
9577149,"Markt Berolzheim, Markt",1.65,21.08
9577150,Meinheim,6.95,17.92
9577151,"Nennslingen, Markt",2.15,18.64
9577158,"Pappenheim, Stadt",6.02,18.38
9577159,Pfofeld,7.13,14.64
9577161,"Pleinfeld, Markt",6.03,14.7
9577162,Polsingen,10.94,28.69
9577163,Raitenbuch,6.76,18.79
9577168,Solnhofen,2.68,23.97
9577172,Theilenhofen,4.19,12.38
9577173,"Treuchtlingen, Stadt",5.6,16.91
9577177,"Weißenburg i.Bay., GKSt",4.17,7.05
9577179,Westheim,4.1,21.37
9661000,Aschaffenburg,2.25,9.96
9662000,Schweinfurt,2.04,4.98
9663000,Würzburg,2.51,9.67
9671111,"Alzenau, Stadt",2.42,6.73
9671112,Bessenbach,2.52,13.85
9671113,Blankenbach,4.24,22.92
9671114,Karlstein a.Main,3.26,8.19
9671119,Geiselbach,1.89,17.17
9671120,Glattbach,2.08,11.95
9671121,"Goldbach, Markt",2.75,13.48
9671122,"Großostheim, Markt",2.42,19.56
9671124,Haibach,1.86,7.15
9671126,Heigenbrücken,4.3,26.56
9671127,Heimbuchenthal,2.68,21.75
9671128,Heinrichsthal,10.65,31.92
9671130,"Hösbach, Markt",4.68,15.61
9671133,Johannesberg,3.8,15.02
9671134,Kahl a.Main,2.96,10.96
9671135,Kleinkahl,5.84,25.58
9671136,Kleinostheim,2.7,10.83
9671138,Krombach,2.31,22.35
9671139,Laufach,2.44,20.25
9671140,Mainaschaff,2.9,13.95
9671141,Mespelbrunn,6.35,20.86
9671143,"Mömbris, Markt",3.7,16.72
9671148,Rothenbuch,11.84,17.24
9671150,Sailauf,3.19,19.21
9671152,"Schöllkrippen, Markt",2.15,21.78
9671153,Sommerkahl,4.35,25.75
9671155,"Stockstadt a.Main, Markt",3.02,14.64
9671156,Waldaschaff,2.2,20.02
9671157,Weibersbrunn,2.43,22.63
9671159,Westerngrund,5.8,17.85
9671160,Dammbach,2.64,22.17
9671162,Wiesen,11.51,26.88
9671451,Forst Hain i.Spessart,-9999.0,21.17
9671453,Heinrichsthaler Forst,-9999.0,27.22
9671456,Rohrbrunner Forst,-9999.0,22.82
9671457,Rothenbucher Forst,-9999.0,23.32
9671458,Sailaufer Forst,-9999.0,-9999.0
9671459,Schöllkrippener Forst,-9999.0,26.35
9671460,Waldaschaffer Forst,-9999.0,20.93
9671461,Wiesener Forst,-9999.0,-9999.0
9672111,Aura a.d.Saale,4.22,23.61
9672112,"Bad Bocklet, Markt",2.2,23.22
9672113,"Bad Brückenau, Stadt",2.66,4.66
9672114,"Bad Kissingen, GKSt",3.14,26.86
9672117,"Burkardroth, Markt",3.18,23.42
9672121,"Elfershausen, Markt",3.05,22.15
9672122,"Euerdorf, Markt",2.34,25.13
9672124,Fuchsstadt,1.92,23.23
9672126,"Geroda, Markt",6.1,12.96
9672127,"Hammelburg, Stadt",4.28,26.28
9672131,"Maßbach, Markt",2.2,21.96
9672134,Motten,7.0,14.79
9672135,"Münnerstadt, Stadt",5.04,19.68
9672136,Nüdlingen,2.42,26.15
9672138,Oberleichtersbach,7.2,7.79
9672139,"Oberthulba, Markt",3.32,20.46
9672140,Oerlenbach,2.16,18.4
9672142,Ramsthal,6.39,24.66
9672143,Rannungen,2.06,23.37
9672145,Riedenberg,8.63,9.77
9672149,"Schondra, Markt",5.76,11.69
9672155,"Sulzthal, Markt",3.61,23.8
9672157,Thundorf i.UFr.,6.06,25.15
9672161,Wartmannsroth,9.25,24.95
9672163,"Wildflecken, Markt",6.3,15.22
9672166,"Zeitlofs, Markt",5.56,13.14
9672451,Dreistelzer Forst,-9999.0,-9999.0
9672454,Forst Detter-Süd,-9999.0,15.64
9672455,Geiersnest-Ost,-9999.0,15.0
9672456,Geiersnest-West,-9999.0,-9999.0
9672457,Großer Auersberg,-9999.0,11.79
9672458,Kälberberg,-9999.0,-9999.0
9672461,Mottener Forst-Süd,-9999.0,-9999.0
9672462,Neuwirtshauser Forst,-9999.0,-9999.0
9672463,Omerz u. Roter Berg,-9999.0,-9999.0
9672464,Römershager Forst-Nord,-9999.0,8.79
9672465,Römershager Forst-Ost,-9999.0,-9999.0
9672466,Roßbacher Forst,-9999.0,-9999.0
9672468,Waldfensterer Forst,-9999.0,18.14
9673113,Aubstadt,8.1,20.15
9673114,"Bad Neustadt a.d.Saale, Stadt",3.06,8.18
9673116,Bastheim,6.14,14.49
9673117,"Bischofsheim i.d.Rhön, St",3.66,21.39
9673123,"Fladungen, Stadt",3.48,28.67
9673126,Großbardorf,7.52,19.14
9673127,Großeibstadt,3.9,14.93
9673129,Hausen,6.13,28.93
9673130,Hendungen,6.65,16.25
9673131,Herbstadt,5.45,21.98
9673133,Heustreu,5.66,10.08
9673134,Höchheim,3.04,22.34
9673135,Hohenroth,1.88,13.56
9673136,Hollstadt,3.79,12.94
9673141,"Bad Königshofen i.Grabfeld, Stadt",3.33,20.44
9673142,"Mellrichstadt, Stadt",3.47,17.99
9673146,Niederlauer,3.97,15.15
9673147,Nordheim v.d.Rhön,1.76,23.21
9673149,"Oberelsbach, Markt",4.12,21.68
9673151,Oberstreu,4.91,16.21
9673153,"Ostheim v.d.Rhön, Stadt",2.56,23.19
9673156,Rödelmaier,9.21,6.1
9673160,"Saal a.d.Saale, Markt",1.65,12.79
9673161,Salz,2.18,12.22
9673162,Sandberg,4.56,26.68
9673163,Schönau a.d.Brend,7.58,15.26
9673167,Sondheim v.d.Rhön,4.91,23.14
9673170,Stockheim,4.04,19.23
9673171,Strahlungen,6.88,16.07
9673172,Sulzdorf a.d.Lederhecke,8.52,26.31
9673173,Sulzfeld,7.62,20.78
9673174,"Trappstadt, Markt",9.21,22.87
9673175,Unsleben,5.06,12.27
9673182,Willmars,8.48,21.09
9673183,Wollbach,1.85,9.84
9673184,Wülfershausen a.d.Saale,4.78,10.22
9673186,Burglauer,1.66,15.67
9673451,Bundorfer Forst,-9999.0,-9999.0
9673452,Burgwallbacher Forst,-9999.0,-9999.0
9673453,Forst Schmalwasser-Nord,-9999.0,27.38
9673454,Forst Schmalwasser-Süd,-9999.0,26.11
9673455,Mellrichstadter Forst,-9999.0,-9999.0
9673456,Steinacher Forst r.d.Saale,-9999.0,-9999.0
9673457,Sulzfelder Forst,-9999.0,-9999.0
9673458,Weigler,-9999.0,-9999.0
9674111,Aidhausen,5.16,20.8
9674118,Breitbrunn,4.41,14.27
9674120,Bundorf,7.59,20.17
9674121,"Burgpreppach, Markt",2.82,14.71
9674129,Ebelsbach,3.42,14.78
9674130,"Ebern, Stadt",4.25,5.53
9674133,"Eltmann, Stadt",2.91,17.42
9674139,Gädheim,5.3,13.02
9674147,"Haßfurt, Stadt",3.01,4.55
9674149,"Hofheim i.UFr., Stadt",2.88,13.02
9674153,Riedbach,5.14,14.04
9674159,Oberaurach,2.8,18.96
9674160,Kirchlauter,2.22,13.77
9674163,Knetzgau,4.25,10.29
9674164,"Königsberg i.Bay., Stadt",3.29,8.59
9674171,"Maroldsweisach, Markt",3.84,15.79
9674180,Theres,3.58,10.11
9674184,Pfarrweisach,2.87,8.84
9674187,Rauhenebrach,3.97,16.15
9674190,"Rentweinsdorf, Markt",4.53,7.0
9674195,Sand a.Main,1.32,11.67
9674201,Stettfeld,4.96,18.43
9674210,Untermerzbach,3.0,8.68
9674219,Wonfurt,5.32,9.81
9674221,"Zeil a.Main, Stadt",2.84,9.24
9674223,Ermershausen,1.45,20.45
9675111,"Abtswind, Markt",3.3,18.69
9675112,Albertshofen,1.62,10.58
9675113,Biebelried,6.23,10.33
9675114,Buchbrunn,4.21,6.94
9675116,Castell,4.35,19.03
9675117,"Dettelbach, Stadt",5.1,17.33
9675127,"Geiselwind, Markt",5.02,20.73
9675131,"Großlangheim, Markt",7.06,13.09
9675139,"Iphofen, Stadt",6.14,19.52
9675141,"Kitzingen, GKSt",2.92,7.25
9675142,"Kleinlangheim, Markt",7.22,18.07
9675144,"Mainbernheim, Stadt",1.88,12.66
9675146,Mainstockheim,2.05,10.24
9675147,"Marktbreit, Stadt",2.96,9.1
9675148,"Markt Einersheim, Markt",5.28,18.94
9675149,"Marktsteft, Stadt",2.87,12.08
9675150,Martinsheim,6.43,14.53
9675155,Nordheim a.Main,1.31,18.95
9675156,"Obernbreit, Markt",1.55,11.16
9675158,"Prichsenstadt, Stadt",5.05,10.65
9675161,Rödelsee,5.26,14.23
9675162,"Rüdenhausen, Markt",1.94,16.4
9675165,"Schwarzach a.Main, Markt",2.94,14.95
9675166,Segnitz,3.3,10.02
9675167,"Seinsheim, Markt",2.0,15.68
9675169,Sommerach,1.88,18.54
9675170,Sulzfeld a.Main,5.61,9.55
9675174,"Volkach, Stadt",4.58,15.32
9675177,Wiesenbronn,5.78,17.97
9675178,"Wiesentheid, Markt",3.51,14.64
9675179,"Willanzheim, Markt",5.06,17.82
9676111,Altenbuch,2.82,22.95
9676112,"Amorbach, Stadt",3.75,22.08
9676116,"Bürgstadt, Markt",2.42,22.13
9676117,Collenberg,2.3,21.56
9676118,Dorfprozelten,1.57,21.31
9676119,Eichenbühl,5.02,16.56
9676121,"Elsenfeld, Markt",3.52,9.48
9676122,"Erlenbach a.Main, Stadt",1.58,4.13
9676123,"Eschau, Markt",2.71,14.79
9676124,Faulbach,2.58,16.67
9676125,"Großheubach, Markt",2.35,17.74
9676126,Großwallstadt,2.27,12.99
9676128,Hausen,2.73,13.77
9676131,"Kirchzell, Markt",9.05,21.15
9676132,"Kleinheubach, Markt",3.12,16.3
9676133,"Kleinwallstadt, Markt",2.76,12.61
9676134,"Klingenberg a.Main, Stadt",2.6,9.07
9676135,Laudenbach,6.09,14.24
9676136,Leidersbach,3.19,20.42
9676139,"Miltenberg, Stadt",4.16,21.65
9676140,Mömlingen,1.75,14.91
9676141,"Mönchberg, Markt",2.74,12.5
9676143,Neunkirchen,8.41,14.17
9676144,Niedernberg,1.48,16.94
9676145,"Obernburg a.Main, Stadt",2.42,10.38
9676151,Röllbach,4.66,13.04
9676153,Rüdenau,4.41,19.55
9676156,"Schneeberg, Markt",2.43,24.78
9676158,"Stadtprozelten, Stadt",3.07,19.13
9676160,"Sulzbach a.Main, Markt",2.52,17.34
9676165,"Weilbach, Markt",2.82,25.3
9676169,"Wörth a.Main, Stadt",1.56,10.65
9676452,Forstwald,-9999.0,10.42
9676455,Hohe Wart,-9999.0,-9999.0
9677114,"Arnstein, Stadt",5.25,16.33
9677116,Aura i.Sinngrund,9.47,33.97
9677119,Birkenfeld,2.73,28.21
9677120,Bischbrunn,3.2,25.97
9677122,"Burgsinn, Markt",1.57,26.31
9677125,Erlenbach b.Marktheidenfeld,3.87,20.17
9677126,Esselbach,2.4,23.93
9677127,Eußenheim,6.29,26.66
9677128,Fellen,6.78,32.29
9677129,"Frammersbach, Markt",2.76,16.42
9677131,"Gemünden a.Main, Stadt",3.94,18.8
9677132,Gössenheim,1.4,26.0
9677133,Gräfendorf,4.09,28.48
9677135,Hafenlohr,2.46,19.63
9677137,Hasloch,5.32,13.12
9677142,Himmelstadt,5.37,23.72
9677146,"Karbach, Markt",7.09,24.79
9677148,"Karlstadt, Stadt",4.5,19.96
9677149,Karsbach,5.29,27.43
9677151,"Kreuzwertheim, Markt",2.92,11.45
9677154,"Triefenstein, Markt",2.92,17.77
9677155,"Lohr a.Main, Stadt",3.72,6.6
9677157,"Marktheidenfeld, Stadt",2.92,20.43
9677159,Mittelsinn,8.09,27.99
9677164,Neuendorf,6.47,10.63
9677165,Neuhütten,9.25,18.09
9677166,Neustadt a.Main,8.9,12.83
9677169,"Obersinn, Markt",9.0,25.43
9677170,Partenstein,1.88,9.05
9677172,Rechtenbach,7.44,7.83
9677175,Retzstadt,2.12,27.68
9677177,"Rieneck, Stadt",4.22,20.53
9677178,Roden,6.74,22.77
9677181,"Rothenfels, Stadt",4.49,16.49
9677182,Schollbrunn,10.66,17.74
9677186,Steinfeld,2.12,12.31
9677189,"Thüngen, Markt",2.27,25.94
9677193,Urspringen,1.96,22.78
9677200,Wiesthal,3.18,18.42
9677203,"Zellingen, Markt",2.0,22.47
9677452,Burgjoß,-9999.0,-9999.0
9677453,Forst Aura,-9999.0,27.27
9677454,Forst Lohrerstraße,-9999.0,14.07
9677455,Frammersbacher Forst,-9999.0,-9999.0
9677456,Fürstl. Löwenstein'scher Park,-9999.0,28.4
9677457,Haurain,-9999.0,-9999.0
9677458,Herrnwald,-9999.0,-9999.0
9677459,Langenprozeltener Forst,-9999.0,-9999.0
9677461,Partensteiner Forst,-9999.0,16.82
9677463,Ruppertshüttener Forst,-9999.0,-9999.0
9678115,Bergrheinfeld,2.14,9.8
9678122,Dingolshausen,5.56,4.51
9678123,Dittelbrunn,2.42,12.25
9678124,Donnersdorf,8.12,11.19
9678128,Euerbach,3.61,13.37
9678130,Frankenwinheim,5.38,6.41
9678132,Geldersheim,1.58,10.48
9678134,"Gerolzhofen, Stadt",2.49,2.51
9678135,Gochsheim,2.22,10.36
9678136,Grafenrheinfeld,2.22,11.52
9678138,Grettstadt,6.56,13.61
9678150,Kolitzheim,7.32,13.33
9678153,Lülsfeld,6.36,7.39
9678157,Michelau i.Steigerwald,9.32,8.14
9678160,Niederwerrn,1.4,8.83
9678164,"Oberschwarzach, Markt",6.93,8.89
9678168,Poppenhausen,3.52,13.55
9678170,Röthlein,1.8,15.74
9678174,Schonungen,4.39,12.52
9678175,Schwanfeld,2.25,14.02
9678176,Schwebheim,1.77,10.49
9678178,Sennfeld,1.6,7.96
9678181,"Stadtlauringen, Markt",4.85,25.0
9678183,Sulzheim,3.78,6.52
9678186,Üchtelhausen,7.58,13.87
9678190,Waigolshausen,5.83,8.93
9678192,Wasserlosen,8.41,16.52
9678193,"Werneck, Markt",4.52,7.18
9678196,Wipfeld,1.82,17.93
9678451,Bürgerwald,-9999.0,8.08
9678452,Geiersberg,-9999.0,-9999.0
9678453,Hundelshausen,-9999.0,-9999.0
9678454,Nonnenkloster,-9999.0,9.12
9678455,Stollbergerforst,-9999.0,-9999.0
9678456,Vollburg,-9999.0,-9999.0
9678457,Wustvieler Forst,-9999.0,-9999.0
9679114,"Aub, Stadt",2.76,20.53
9679117,Bergtheim,2.61,11.4
9679118,Bieberehren,4.76,27.82
9679122,"Bütthard, Markt",4.84,22.31
9679124,"Eibelstadt, Stadt",1.62,14.98
9679126,Eisingen,1.87,19.53
9679128,Erlabrunn,1.73,18.1
9679130,Estenfeld,1.87,7.92
9679131,"Frickenhausen a.Main, Markt",5.17,10.19
9679134,Gaukönigshofen,8.99,14.35
9679135,"Gelchsheim, Markt",3.21,17.26
9679136,Gerbrunn,2.52,9.07
9679137,Geroldshausen,5.82,21.6
9679138,"Giebelstadt, Markt",3.31,18.6
9679141,Greußenheim,1.62,22.63
9679142,Güntersleben,2.12,16.88
9679143,Hausen b.Würzburg,3.28,11.87
9679144,"Helmstadt, Markt",2.13,24.14
9679146,Hettstadt,3.11,18.23
9679147,"Höchberg, Markt",2.31,14.75
9679149,Holzkirchen,5.64,25.12
9679153,Kirchheim,2.62,27.49
9679154,Kist,1.52,17.99
9679155,Kleinrinderfeld,1.77,23.22
9679156,Kürnach,2.74,10.3
9679161,Margetshöchheim,1.94,16.13
9679164,"Neubrunn, Markt",1.77,22.43
9679165,Altertheim,3.31,25.9
9679167,"Eisenheim, Markt",6.52,20.3
9679169,Oberpleichfeld,3.94,12.82
9679170,"Ochsenfurt, Stadt",4.49,8.4
9679174,Prosselsheim,2.22,14.96
9679175,"Randersacker, Markt",3.26,13.15
9679176,"Reichenberg, Markt",3.95,16.99
9679177,"Remlingen, Markt",2.06,25.2
9679179,Riedenheim,7.39,23.38
9679180,"Rimpar, Markt",2.16,10.79
9679182,"Röttingen, Stadt",2.02,26.87
9679185,Rottendorf,1.83,10.07
9679187,"Sommerhausen, Markt",1.76,12.69
9679188,Sonderhofen,6.36,19.2
9679192,Tauberrettersheim,6.05,23.56
9679193,Theilheim,3.24,15.45
9679194,Thüngersheim,1.76,17.68
9679196,Uettingen,2.05,23.77
9679200,Leinach,1.77,22.89
9679201,Unterpleichfeld,1.83,11.78
9679202,Veitshöchheim,2.48,13.75
9679204,Waldbrunn,2.08,21.37
9679205,Waldbüttelbrunn,2.92,18.17
9679206,"Winterhausen, Markt",4.54,12.96
9679209,"Zell a.Main, Markt",4.18,13.74
9679451,Gramschatzer Wald,-9999.0,-9999.0
9679452,Guttenberger Wald,-9999.0,18.07
9679453,Irtenberger Wald,-9999.0,21.58
9761000,Augsburg,1.86,6.61
9762000,Kaufbeuren,2.64,5.89
9763000,Kempten (Allgäu),3.12,24.95
9764000,Memmingen,2.9,6.24
9771111,Adelzhausen,8.11,14.46
9771112,Affing,3.54,15.11
9771113,"Aichach, Stadt",4.55,6.5
9771114,"Aindling, Markt",4.89,19.1
9771122,Dasing,3.93,10.48
9771129,Eurasburg,3.1,13.2
9771130,"Friedberg, Stadt",3.61,6.3
9771140,Hollenbach,7.47,11.46
9771141,"Inchenhofen, Markt",2.66,11.7
9771142,Kissing,2.61,11.14
9771144,"Kühbach, Markt",3.75,9.43
9771145,Merching,2.28,19.4
9771146,"Mering, Markt",2.27,16.38
9771149,Obergriesbach,7.09,12.64
9771155,Petersdorf,8.52,15.47
9771156,"Pöttmes, Markt",5.88,18.78
9771158,Rehling,2.29,18.43
9771160,Ried,4.56,13.81
9771162,Schiltberg,6.16,10.61
9771163,Schmiechen,5.88,23.91
9771165,Sielenbach,9.37,11.99
9771168,Steindorf,4.61,21.93
9771169,Todtenweis,4.84,19.01
9771176,Baar (Schwaben),7.52,22.84
9772111,Adelsried,2.21,14.76
9772114,Allmannshofen,4.04,18.72
9772115,Altenmünster,3.6,18.63
9772117,Aystetten,1.62,10.6
9772121,"Biberbach, Markt",2.72,14.79
9772125,"Bobingen, Stadt",3.09,6.88
9772126,Bonstetten,3.66,15.8
9772130,"Diedorf, Markt",4.18,10.42
9772131,"Dinkelscherben, Markt",3.68,22.86
9772134,Ehingen,4.47,16.73
9772136,Ellgau,4.14,19.31
9772137,Emersacker,1.19,14.11
9772141,"Fischach, Markt",3.01,21.04
9772145,Gablingen,2.31,12.34
9772147,"Gersthofen, Stadt",2.98,9.28
9772148,Gessertshausen,3.27,16.75
9772149,Graben,1.84,9.68
9772151,Großaitingen,1.85,9.49
9772156,Heretsried,6.12,16.35
9772157,Hiltenfingen,5.01,4.38
9772159,Horgau,2.04,16.1
9772160,Kleinaitingen,5.46,10.62
9772162,Klosterlechfeld,2.3,10.66
9772163,"Königsbrunn, Stadt",2.17,9.74
9772166,Kühlenthal,6.04,16.66
9772167,Kutzenhausen,4.92,16.41
9772168,Langenneufnach,2.95,21.64
9772170,Langerringen,3.76,9.56
9772171,Langweid a.Lech,2.31,13.74
9772177,"Meitingen, Markt",2.99,16.4
9772178,Mickhausen,3.4,14.09
9772179,Mittelneufnach,5.67,15.24
9772184,"Neusäß, Stadt",2.56,6.43
9772185,Nordendorf,1.68,19.31
9772186,Oberottmarshausen,6.48,11.31
9772197,Scherstetten,9.4,11.43
9772200,"Schwabmünchen, Stadt",2.98,4.78
9772202,"Stadtbergen, Stadt",1.96,6.06
9772207,"Thierhaupten, Markt",2.96,21.68
9772209,Untermeitingen,2.0,8.82
9772211,Ustersbach,6.52,21.31
9772214,Walkertshofen,1.8,18.01
9772215,Wehringen,2.26,8.67
9772216,"Welden, Markt",3.42,19.55
9772217,Westendorf,4.18,18.42
9772223,"Zusmarshausen, Markt",3.69,19.5
9772451,Schmellerforst,-9999.0,-9999.0
9773111,"Aislingen, Markt",2.82,13.65
9773112,Bachhagel,3.02,18.97
9773113,Bächingen a.d.Brenz,4.86,16.08
9773116,Binswangen,4.96,6.54
9773117,"Bissingen, Markt",4.51,17.56
9773119,Blindheim,7.89,19.02
9773122,Buttenwiesen,4.09,11.87
9773125,"Dillingen a.d.Donau, GKSt",3.73,6.45
9773133,Glött,1.59,15.42
9773136,"Gundelfingen a.d.Donau, Stadt",2.21,12.63
9773137,Haunsheim,2.02,13.87
9773139,"Höchstädt a.d.Donau, Stadt",2.54,13.54
9773140,Holzheim,3.35,13.55
9773143,Laugna,5.27,10.48
9773144,"Lauingen (Donau), Stadt",3.02,7.5
9773146,Lutzingen,7.9,18.5
9773147,Mödingen,7.49,15.35
9773150,Finningen,1.92,13.6
9773153,Medlingen,5.26,15.41
9773164,Schwenningen,7.14,17.15
9773170,Syrgenstein,3.25,20.92
9773179,Villenbach,3.19,13.84
9773182,"Wertingen, Stadt",3.14,5.92
9773183,"Wittislingen, Markt",2.08,10.87
9773186,Ziertheim,7.68,18.35
9773187,Zöschingen,7.74,24.6
9773188,Zusamaltheim,5.31,9.11
9774111,Aletshausen,2.4,8.74
9774115,Balzhausen,6.61,17.46
9774116,Ursberg,4.27,10.9
9774117,Breitenthal,5.95,8.06
9774118,Bubesheim,4.37,9.16
9774119,Bibertal,3.02,14.22
9774121,"Burgau, Stadt",2.38,11.64
9774122,"Burtenbach, Markt",2.92,20.39
9774124,Deisenhausen,4.44,7.48
9774127,Dürrlauingen,7.09,14.61
9774129,Ebershausen,6.63,7.74
9774133,Ellzee,6.91,15.22
9774135,"Günzburg, GKSt",3.58,5.91
9774136,Gundremmingen,1.89,12.62
9774140,Haldenwang,5.2,17.11
9774143,"Ichenhausen, Stadt",3.36,13.61
9774144,"Jettingen-Scheppach, Markt",4.35,18.24
9774145,Kammeltal,6.97,16.24
9774148,Kötz,2.33,9.75
9774150,"Krumbach (Schwaben), Stadt",2.04,4.85
9774151,Landensberg,7.39,20.07
9774155,"Leipheim, Stadt",3.3,11.6
9774160,"Münsterhausen, Markt",5.05,16.26
9774162,"Neuburg a.d.Kammel, Markt",3.51,12.48
9774166,Aichen,5.44,21.05
9774171,"Offingen, Markt",2.37,11.69
9774174,Rettenbach,3.74,9.65
9774178,Röfingen,3.39,14.8
9774185,"Thannhausen, Stadt",2.22,13.49
9774189,Wiesenbach,8.15,12.33
9774191,"Waldstetten, Markt",4.92,17.74
9774192,Waltenhausen,7.5,12.08
9774196,Winterbach,6.76,20.66
9774198,"Ziemetshausen, Markt",2.94,18.83
9774451,Ebershauser-Nattenhauser Wald,-9999.0,7.36
9774452,Winzerwald,-9999.0,-9999.0
9775111,"Altenstadt, Markt",2.88,11.02
9775115,Bellenberg,2.46,6.98
9775118,"Buch, Markt",5.32,11.4
9775126,Holzheim,2.01,12.52
9775129,"Illertissen, Stadt",3.6,5.6
9775132,"Kellmünz a.d.Iller, Markt",1.97,16.3
9775134,Nersingen,3.04,14.75
9775135,"Neu-Ulm, GKSt",2.74,8.21
9775139,Elchingen,2.09,11.01
9775141,Oberroth,7.26,14.11
9775142,Osterberg,8.83,18.33
9775143,"Pfaffenhofen a.d.Roth, Markt",2.8,8.81
9775149,Roggenburg,3.05,10.0
9775152,"Senden, Stadt",2.39,10.24
9775161,Unterroth,4.89,10.61
9775162,"Vöhringen, Stadt",3.18,10.19
9775164,"Weißenhorn, Stadt",3.08,5.21
9775451,Auwald,-9999.0,15.18
9775452,Oberroggenburger Wald,-9999.0,-9999.0
9775454,Stoffenrieder Forst,-9999.0,-9999.0
9775455,Unterroggenburger Wald,-9999.0,-9999.0
9776111,Bodolz,3.5,6.01
9776112,Gestratz,6.12,16.47
9776113,Grünenbach,4.19,18.65
9776114,"Heimenkirch, Markt",3.28,10.22
9776115,Hergensweiler,6.1,13.14
9776116,"Lindau (Bodensee), GKSt",2.42,6.46
9776117,"Lindenberg i.Allgäu, Stadt",2.99,5.79
9776118,Maierhöfen,5.74,21.97
9776120,Nonnenhorn,2.02,10.21
9776121,Oberreute,8.09,16.28
9776122,Opfenbach,3.46,11.67
9776124,Röthenbach (Allgäu),4.25,11.45
9776125,"Scheidegg, Markt",4.06,13.56
9776126,Sigmarszell,4.36,13.36
9776127,Stiefenhofen,6.96,17.9
9776128,Wasserburg (Bodensee),2.58,8.42
9776129,"Weiler-Simmerberg, Markt",4.12,12.71
9776130,Weißensberg,4.02,11.03
9776131,Hergatz,5.21,8.57
9777111,Aitrang,4.82,19.81
9777112,Biessenhofen,3.86,13.13
9777114,Baisweil,1.69,11.98
9777118,Bidingen,4.1,17.86
9777121,"Buchloe, Stadt",3.03,4.81
9777124,Eggenthal,9.16,20.09
9777125,Eisenberg,7.46,8.55
9777128,Friesenried,3.81,11.97
9777129,"Füssen, Stadt",3.56,6.3
9777130,Germaringen,2.54,11.45
9777131,Görisried,2.92,27.42
9777135,Hopferau,7.44,11.05
9777138,Günzach,5.74,24.97
9777139,"Irsee, Markt",2.05,9.79
9777140,Jengen,6.0,10.23
9777141,"Kaltental, Markt",6.14,18.58
9777144,Kraftisried,5.37,26.98
9777145,Lamerdingen,7.21,10.26
9777147,Lechbruck am See,2.62,20.76
9777149,Lengenwang,7.33,20.35
9777151,"Marktoberdorf, Stadt",4.99,20.66
9777152,Mauerstetten,2.38,8.96
9777153,"Nesselwang, Markt",3.31,9.77
9777154,"Obergünzburg, Markt",5.97,21.44
9777155,Oberostendorf,2.86,15.63
9777157,Osterzell,8.43,17.22
9777158,Pforzen,2.52,8.85
9777159,Pfronten,3.41,4.31
9777163,Rieden am Forggensee,6.59,8.79
9777164,Rieden,4.87,12.75
9777165,"Ronsberg, Markt",5.56,20.25
9777166,Roßhaupten,3.52,14.32
9777167,Ruderatshofen,3.25,11.53
9777168,Rückholz,7.65,16.46
9777169,Schwangau,3.18,5.48
9777170,Seeg,4.49,15.97
9777171,Stötten a.Auerberg,4.74,23.1
9777172,Stöttwang,5.29,12.49
9777173,Halblech,5.42,16.92
9777175,"Unterthingau, Markt",4.51,26.85
9777176,Untrasried,6.64,16.88
9777177,"Waal, Markt",4.12,13.04
9777179,Wald,8.71,21.81
9777182,Westendorf,2.04,14.74
9777183,Rettenbach a.Auerberg,7.37,18.76
9778111,Amberg,5.64,9.05
9778113,Apfeltrach,6.16,11.58
9778115,"Babenhausen, Markt",2.01,18.23
9778116,"Bad Wörishofen, Stadt",3.85,13.67
9778118,Benningen,1.9,7.62
9778119,Böhen,5.68,11.06
9778120,Boos,3.14,18.48
9778121,Breitenbrunn,8.84,17.31
9778123,Buxheim,2.24,7.07
9778127,"Dirlewang, Markt",3.34,8.64
9778130,Egg a.d.Günz,2.94,20.57
9778134,Eppishausen,6.94,22.26
9778136,"Erkheim, Markt",5.67,17.24
9778137,Ettringen,3.79,11.28
9778139,Fellheim,2.22,14.38
9778144,"Bad Grönenbach, Markt",4.48,16.07
9778149,Hawangen,8.46,8.23
9778150,Heimertingen,2.23,11.46
9778151,Holzgünz,3.13,13.46
9778157,Kirchhaslach,7.62,18.64
9778158,"Kirchheim i.Schw., Markt",3.04,18.54
9778161,Kronburg,9.78,15.91
9778162,Lachen,7.12,9.41
9778163,Lauben,9.0,19.68
9778164,Lautrach,6.24,17.21
9778165,"Legau, Markt",5.06,22.36
9778168,"Markt Rettenbach, Markt",4.8,14.37
9778169,"Markt Wald, Markt",3.63,18.47
9778171,Memmingerberg,1.7,7.14
9778173,"Mindelheim, Stadt",3.18,5.22
9778177,Niederrieden,5.08,15.32
9778180,Kammlach,4.5,11.77
9778183,Oberrieden,5.67,14.0
9778184,Oberschönegg,7.42,22.78
9778186,"Ottobeuren, Markt",5.34,7.29
9778187,"Pfaffenhausen, Markt",5.18,14.12
9778188,Pleß,4.86,16.48
9778190,Salgen,4.5,12.46
9778196,Sontheim,4.79,13.29
9778199,Stetten,6.98,9.65
9778202,Trunkelsberg,4.06,7.27
9778203,"Türkheim, Markt",2.57,11.5
9778204,"Tussenhausen, Markt",3.52,15.24
9778205,Ungerhausen,4.98,11.41
9778207,Unteregg,9.59,16.86
9778209,Rammingen,2.5,14.83
9778214,Westerheim,7.28,14.84
9778216,Wiedergeltingen,6.14,7.42
9778217,Winterrieden,4.53,21.04
9778218,Wolfertschwenden,2.73,10.88
9778219,Woringen,7.61,11.02
9778221,Kettershausen,7.94,14.15
9778451,Ungerhauser Wald,-9999.0,-9999.0
9779111,Alerheim,3.94,17.47
9779112,Amerdingen,2.89,15.23
9779115,Asbach-Bäumenheim,2.23,12.53
9779117,Auhausen,5.77,23.97
9779126,Buchdorf,7.27,15.53
9779129,Daiting,13.68,24.24
9779130,Deiningen,1.9,10.19
9779131,"Donauwörth, GKSt",4.16,8.14
9779136,Ederheim,8.3,9.31
9779138,Ehingen a.Ries,5.27,22.99
9779146,Forheim,7.94,16.36
9779147,Fremdingen,4.49,21.52
9779148,Fünfstetten,10.4,24.5
9779149,Genderkingen,6.18,15.19
9779154,Hainsfarth,2.48,20.27
9779155,"Harburg (Schwaben), Stadt",5.86,15.34
9779162,Hohenaltheim,8.67,8.22
9779163,Holzheim,10.72,27.79
9779167,Huisheim,7.45,23.34
9779169,"Kaisheim, Markt",6.34,14.8
9779176,Maihingen,1.65,17.76
9779177,Marktoffingen,4.6,14.55
9779178,Marxheim,9.9,22.55
9779180,Megesheim,5.55,22.09
9779181,Mertingen,3.46,14.86
9779184,Mönchsdeggingen,6.41,14.05
9779185,Möttingen,4.51,10.2
9779186,"Monheim, Stadt",5.05,21.83
9779187,Münster,6.62,26.37
9779188,Munningen,8.73,19.35
9779192,Niederschönenfeld,5.72,17.74
9779194,"Nördlingen, GKSt",4.4,6.35
9779196,Oberndorf a.Lech,6.9,15.79
9779197,"Oettingen i.Bay., Stadt",3.1,19.23
9779198,Otting,8.39,26.86
9779201,"Rain, St",4.8,21.74
9779203,Reimlingen,5.67,4.55
9779206,Rögling,7.01,30.56
9779217,Tagmersheim,2.19,26.54
9779218,Tapfheim,3.88,12.2
9779224,"Wallerstein, Markt",2.23,10.76
9779226,Wechingen,5.7,15.67
9779228,"Wemding, Stadt",2.12,21.63
9779231,Wolferstadt,10.22,30.89
9779452,Dornstadt-Linkersbaindt,-9999.0,25.78
9779453,Esterholz,-9999.0,-9999.0
9780112,"Altusried, Markt",5.11,27.41
9780113,Balderschwang,16.56,25.63
9780114,Betzigau,4.74,26.91
9780115,Blaichach,3.98,10.04
9780116,Bolsterlang,4.87,11.22
9780117,"Buchenberg, Markt",4.24,27.2
9780118,Burgberg i.Allgäu,2.61,8.45
9780119,"Dietmannsried, Markt",4.3,19.66
9780120,Durach,2.54,22.04
9780121,Fischen i.Allgäu,3.42,8.65
9780122,Haldenwang,3.36,22.76
9780123,"Bad Hindelang, Markt",4.04,15.44
9780124,"Immenstadt i.Allgäu, Stadt",6.28,15.1
9780125,Lauben,3.29,21.58
9780127,Missen-Wilhams,4.42,24.9
9780128,Oy-Mittelberg,6.77,18.42
9780131,Obermaiselstein,2.9,11.87
9780132,"Oberstaufen, Markt",6.54,23.54
9780133,"Oberstdorf, Markt",6.0,10.26
9780134,Ofterschwang,4.39,7.45
9780137,Rettenberg,6.06,14.88
9780139,"Sonthofen, Stadt",3.0,5.47
9780140,"Sulzberg, Markt",3.33,20.09
9780143,Waltenhofen,3.96,17.89
9780144,"Weitnau, Markt",5.86,26.64
9780145,"Wertach, Markt",2.53,18.67
9780146,"Wiggensbach, Markt",4.06,31.56
9780147,Wildpoldsried,2.77,27.73
9780451,Kempter Wald,-9999.0,-9999.0
10041100,"Saarbrücken, Landeshauptstadt",2.45,7.02
10041511,"Friedrichsthal, Stadt",2.36,7.58
10041512,Großrosseln,2.21,17.8
10041513,Heusweiler,2.74,14.82
10041514,Kleinblittersdorf,2.32,14.93
10041515,"Püttlingen, Stadt",2.26,8.78
10041516,Quierschied,2.07,7.77
10041517,Riegelsberg,2.44,12.7
10041518,"Sulzbach/ Saar, Stadt",1.93,4.05
10041519,"Völklingen, Stadt",2.23,9.99
10042111,Beckingen,2.34,13.15
10042112,Losheim am See,5.86,7.4
10042113,"Merzig, Kreisstadt",3.22,8.43
10042114,Mettlach,4.73,13.41
10042115,Perl,5.02,18.18
10042116,"Wadern, Stadt",5.37,16.9
10042117,Weiskirchen,4.32,14.7
10043111,Eppelborn,2.65,14.31
10043112,Illingen,2.45,14.81
10043113,Merchweiler,2.15,12.22
10043114,"Neunkirchen, Kreisstadt",2.98,6.51
10043115,"Ottweiler, Stadt",3.57,6.57
10043116,Schiffweiler,2.09,10.44
10043117,Spiesen-Elversberg,2.01,6.3
10044111,"Dillingen/ Saar, Stadt",2.19,5.28
10044112,"Lebach, Stadt",3.01,9.22
10044113,Nalbach,2.34,10.52
10044114,Rehlingen-Siersburg,3.63,13.86
10044115,"Saarlouis, Kreisstadt",1.99,4.85
10044116,Saarwellingen,2.17,12.19
10044117,Schmelz,2.86,10.56
10044118,Schwalbach,2.48,10.23
10044119,Überherrn,2.74,11.21
10044120,Wadgassen,2.36,12.13
10044121,Wallerfangen,4.28,11.56
10044122,Bous,3.13,9.91
10044123,Ensdorf,2.2,6.14
10045111,"Bexbach, Stadt",3.15,12.04
10045112,"Blieskastel, Stadt",4.28,16.28
10045113,Gersheim,4.92,24.94
10045114,"Homburg, Kreisstadt",2.4,8.35
10045115,Kirkel,2.19,8.39
10045116,Mandelbachtal,4.03,18.32
10045117,"St. Ingbert, Stadt",2.75,7.36
10046111,Freisen,3.0,14.12
10046112,Marpingen,2.42,16.87
10046113,Namborn,2.68,13.67
10046114,Nohfelden,3.62,15.76
10046115,Nonnweiler,3.42,12.76
10046116,Oberthal,3.16,17.24
10046117,"St. Wendel, Kreisstadt",3.12,8.75
10046118,Tholey,3.17,18.81
11000000,"Berlin, Stadt",1.69,6.76
12051000,"Brandenburg an der Havel, Stadt",4.1,10.29
12052000,"Cottbus/Chó?ebuz, Stadt",2.78,10.33
12053000,"Frankfurt (Oder), Stadt",4.31,10.53
12054000,"Potsdam, Stadt",2.33,9.25
12060005,Ahrensfelde,3.44,13.41
12060012,Althüttendorf,7.37,16.52
12060020,"Bernau bei Berlin, Stadt",3.13,6.64
12060024,"Biesenthal, Stadt",3.26,14.36
12060034,Breydin,6.73,14.94
12060036,Britz,2.23,8.93
12060045,Chorin,6.95,14.96
12060052,"Eberswalde, Stadt",2.66,8.75
12060068,Friedrichswalde,8.94,26.88
12060092,Hohenfinow,6.08,13.93
12060100,"Joachimsthal, Stadt",2.77,24.29
12060128,Liepe,2.12,12.04
12060149,Lunow-Stolzenhagen,2.18,19.89
12060154,Marienwerder,2.55,22.26
12060161,Melchow,6.75,15.46
12060172,Niederfinow,8.54,13.59
12060176,"Oderberg, Stadt",3.67,19.9
12060181,Panketal,2.79,7.07
12060185,Parsteinsee,6.56,14.49
12060192,Rüdnitz,2.61,9.23
12060198,Schorfheide,3.1,23.76
12060250,Sydower Fließ,10.2,18.88
12060269,Wandlitz,3.69,18.77
12060280,"Werneuchen, Stadt",5.46,17.13
12060296,Ziethen,11.02,13.02
12061005,Alt Zauche-Wußwerk/Stara Niwa-Wózwjerch,10.91,15.19
12061017,Bersteland,7.3,11.02
12061020,Bestensee,3.24,14.57
12061061,Byhleguhre-Byhlen/Be?a Góra-B?lin,7.18,27.93
12061097,Drahnsdorf,11.46,16.87
12061112,Eichwalde,1.28,13.8
12061164,"Golßen, Stadt",4.24,17.3
12061192,Groß Köris,5.62,12.45
12061216,Halbe,5.84,13.59
12061217,Heidesee,5.81,21.21
12061219,Heideblick,7.19,12.22
12061224,Jamlitz,8.07,28.54
12061244,Kasel-Golzig,10.07,12.77
12061260,"Königs Wusterhausen, Stadt",3.08,9.22
12061265,Krausnick-Groß Wasserburg,1.86,22.13
12061308,"Lieberose, Stadt",3.62,26.87
12061316,"Lübben (Spreewald) / Lubin (B?ota), Stadt",3.88,4.79
12061320,"Luckau, Stadt",5.85,8.73
12061328,"Märkisch Buchholz, Stadt",3.99,16.42
12061329,Märkische Heide/Markojska Góla,7.32,21.19
12061332,"Mittenwalde, Stadt",6.0,14.14
12061344,Münchehofe,10.18,23.66
12061352,Neu Zauche/Nowa Niwa,6.21,16.03
12061405,Rietzneuendorf-Staakow,10.09,16.62
12061428,Schlepzig/S?opiš?a,1.96,15.88
12061433,Schönefeld,4.22,11.44
12061435,Schönwald,2.35,15.36
12061444,Schulzendorf,1.74,12.85
12061448,Schwerin,3.58,6.95
12061450,Schwielochsee/Gójacki Jazor,6.92,27.22
12061470,Spreewaldheide/B?o?a?ska Góla,6.53,25.93
12061471,Steinreich,13.38,29.81
12061476,Straupitz (Spreewald)/Tšupc (B?ota),1.26,22.57
12061492,"Teupitz, Stadt",4.4,5.15
12061510,Unterspreewald,9.07,23.6
12061540,"Wildau, Stadt",2.28,7.0
12061572,Zeuthen,2.18,11.57
12062024,"Bad Liebenwerda, Stadt",5.06,19.62
12062088,Crinitz,1.92,21.41
12062092,"Doberlug-Kirchhain, Stadt",4.27,17.56
12062124,"Elsterwerda, Stadt",2.75,6.28
12062128,"Falkenberg/Elster, Stadt",4.26,17.83
12062134,Fichtwald,13.87,24.9
12062140,"Finsterwalde, Stadt",2.74,5.86
12062177,Gorden-Staupitz,7.92,18.04
12062196,Gröden,1.74,14.92
12062208,Großthiemig,2.02,25.69
12062219,Heideland,6.61,8.47
12062224,"Herzberg (Elster), Stadt",5.06,8.8
12062232,Hirschfeld,6.09,20.33
12062237,Hohenbucko,10.54,21.43
12062240,Hohenleipisch,2.1,9.33
12062282,Kremitzaue,7.56,13.74
12062289,Lebusa,4.11,24.25
12062293,Lichterfeld-Schacksdorf,5.8,10.64
12062333,Massen-Niederlausitz,4.31,8.8
12062336,Merzdorf,4.44,11.61
12062341,"Mühlberg/Elbe, Stadt",3.34,29.98
12062372,Plessa,2.31,10.48
12062410,Röderland,4.84,10.54
12062417,Rückersdorf,3.06,19.51
12062425,Sallgast,4.08,16.16
12062440,Schilda,2.01,28.52
12062445,"Schlieben, Stadt",12.12,20.05
12062453,Schönborn,3.37,21.16
12062461,"Schönewalde, Stadt",6.89,22.58
12062464,Schraden,5.18,17.03
12062469,"Sonnewalde, Stadt",4.81,13.37
12062492,Tröbitz,5.39,25.67
12062500,"Uebigau-Wahrenbrück, Stadt",5.8,22.78
12063036,Brieselang,5.03,13.87
12063056,Dallgow-Döberitz,3.41,14.68
12063080,"Falkensee, Stadt",2.4,12.07
12063088,"Friesack, Stadt",3.78,28.17
12063094,Gollenberg,4.63,26.37
12063112,Großderschau,5.64,27.21
12063134,Havelaue,10.11,25.36
12063142,Wiesenaue,8.93,28.95
12063148,"Ketzin/Havel, Stadt",6.62,19.99
12063161,Kleßen-Görne,8.81,26.5
12063165,Kotzen,7.74,18.17
12063186,Märkisch Luch,8.28,24.53
12063189,Milower Land,4.65,18.57
12063202,Mühlenberge,9.56,24.77
12063208,"Nauen, Stadt",4.22,11.73
12063212,Nennhausen,5.64,15.23
12063228,Paulinenaue,4.52,21.3
12063240,Pessin,4.26,20.01
12063244,"Premnitz, Stadt",3.69,14.38
12063252,"Rathenow, Stadt",3.66,7.03
12063256,Retzow,1.25,19.17
12063260,"Rhinow, Stadt",1.57,22.77
12063273,Schönwalde-Glien,3.85,17.38
12063274,Seeblick,5.5,14.33
12063293,Stechow-Ferchesar,3.84,13.47
12063357,Wustermark,2.66,13.02
12064009,Alt Tucheband,6.04,13.12
12064029,"Altlandsberg, Stadt",5.25,16.33
12064044,"Bad Freienwalde (Oder), Stadt",4.9,18.7
12064053,Beiersdorf-Freudenberg,9.44,20.07
12064057,Bleyen-Genschmar,9.57,21.68
12064061,Bliesdorf,7.52,11.69
12064084,"Buckow (Märkische Schweiz), Stadt",2.44,20.24
12064125,Falkenberg,7.02,18.05
12064128,Falkenhagen (Mark),3.72,21.84
12064130,Fichtenhöhe,9.74,16.32
12064136,Fredersdorf-Vogelsdorf,3.23,17.29
12064153,Garzau-Garzin,5.54,13.43
12064172,Golzow,1.88,14.07
12064190,Gusow-Platkow,6.56,9.16
12064205,Heckelberg-Brunow,4.74,18.78
12064222,Höhenland,10.18,24.32
12064227,Hoppegarten,2.94,10.22
12064266,Küstriner Vorland,5.94,17.75
12064268,"Lebus, Stadt",3.88,19.54
12064274,Letschin,7.27,20.79
12064288,Lietzen,9.06,12.95
12064290,Lindendorf,8.74,11.62
12064303,Märkische Höhe,4.19,17.57
12064317,"Müncheberg, Stadt",6.12,22.61
12064336,Neuenhagen bei Berlin,2.86,13.73
12064340,Neuhardenberg,4.32,16.87
12064349,Neulewin,6.27,18.38
12064365,Neutrebbin,3.85,16.25
12064370,Oberbarnim,4.65,12.7
12064371,Oderaue,11.9,16.56
12064380,Petershagen/Eggersdorf,2.89,16.32
12064388,Podelzig,7.36,22.42
12064393,Prötzel,11.8,14.43
12064408,Rehfelde,3.83,14.31
12064417,Reichenow-Möglin,9.46,13.43
12064420,Reitwein,10.42,23.34
12064428,Rüdersdorf bei Berlin,2.56,20.41
12064448,"Seelow, Stadt",4.47,5.59
12064472,"Strausberg, Stadt",2.35,7.45
12064480,Treplin,12.97,15.37
12064482,Vierlinden,10.88,12.17
12064484,Waldsieversdorf,7.82,20.86
12064512,"Wriezen, Stadt",5.3,8.69
12064538,Zechin,7.36,15.85
12064539,Zeschdorf,8.85,18.79
12065036,Birkenwerder,2.82,6.84
12065084,"Fürstenberg/Havel, Stadt",7.2,30.39
12065096,Glienicke/Nordbahn,1.83,7.94
12065100,"Gransee, Stadt",7.58,39.47
12065117,Großwoltersdorf,7.92,44.96
12065136,"Hennigsdorf, Stadt",2.2,16.25
12065144,"Hohen Neuendorf, Stadt",2.14,8.62
12065165,"Kremmen, Stadt",5.94,24.88
12065180,Leegebruch,2.25,11.02
12065193,"Liebenwalde, Stadt",5.98,30.26
12065198,Löwenberger Land,6.46,27.89
12065225,Mühlenbecker Land,2.79,13.77
12065251,Oberkrämer,2.98,18.99
12065256,"Oranienburg, Stadt",2.71,10.97
12065276,Schönermark,3.87,40.68
12065301,Sonnenberg,10.8,42.46
12065310,Stechlin,6.74,40.18
12065332,"Velten, Stadt",2.0,15.49
12065356,"Zehdenick, Stadt",7.26,29.2
12066008,Altdöbern,5.15,28.04
12066041,Bronkow,12.51,21.26
12066052,"Calau/Kalawa, Stadt",6.39,25.79
12066064,Frauendorf,6.44,21.93
12066104,Großkmehlen,4.68,22.63
12066112,"Großräschen/Ra?, Stadt",5.01,16.37
12066116,Grünewald,4.48,24.75
12066120,Guteborn,8.01,18.97
12066124,Hermsdorf,7.57,22.15
12066132,Hohenbocka,1.86,20.3
12066168,Kroppen,5.31,24.4
12066176,"Lauchhammer, Stadt",2.47,7.84
12066188,Lindenau,6.18,22.78
12066196,"Lübbenau/Spreewald / Lubnjow/B?ota, Stadt",5.37,16.79
12066202,Luckaitztal,8.01,29.37
12066226,Neu-Seeland/Nowa Jazorina,7.02,15.99
12066228,Neupetershain/Nowe Wiki,2.35,18.52
12066240,"Ortrand, Stadt",1.75,22.15
12066272,"Ruhland, Stadt",3.02,16.25
12066285,Schipkau,2.95,12.3
12066292,Schwarzbach,8.52,16.25
12066296,"Schwarzheide, Stadt",2.34,9.93
12066304,"Senftenberg/Z?y Komorow, Stadt",3.38,9.42
12066316,Tettau,1.15,16.91
12066320,"Vetschau/Spreewald / W?tošow/B?ota, Stadt",5.54,23.36
12067024,Bad Saarow,3.58,8.0
12067036,"Beeskow, Stadt",4.36,6.17
12067040,Berkenbrück,2.26,18.78
12067072,Briesen (Mark),7.01,19.38
12067076,Brieskow-Finkenheerd,4.31,19.36
12067112,Diensdorf-Radlow,7.42,9.7
12067120,"Eisenhüttenstadt, Stadt",2.37,6.25
12067124,"Erkner, Stadt",2.07,21.62
12067137,"Friedland, Stadt",7.84,17.71
12067144,"Fürstenwalde/Spree, Stadt",2.41,16.6
12067173,Gosen-Neu Zittau,3.62,19.61
12067180,Groß Lindow,5.91,17.04
12067201,Grünheide (Mark),6.31,22.87
12067205,Grunow-Dammendorf,11.26,16.25
12067237,Jacobsdorf,9.51,15.4
12067288,Langewahl,5.13,14.27
12067292,Lawitz,5.77,8.57
12067324,Mixdorf,7.78,17.59
12067336,"Müllrose, Stadt",2.54,11.88
12067338,Neißemünde,13.58,22.6
12067357,Neuzelle,8.34,16.74
12067397,Ragow-Merz,11.25,11.97
12067408,Rauen,2.69,16.42
12067413,Reichenwalde,7.86,16.32
12067426,Rietz-Neuendorf,5.67,14.39
12067438,Schlaubetal,3.55,12.33
12067440,Schöneiche bei Berlin,2.08,16.26
12067458,Siehdichum,9.74,15.57
12067469,Spreenhagen,7.21,22.78
12067473,Steinhöfel,5.59,23.91
12067481,"Storkow (Mark), Stadt",6.66,23.8
12067493,Tauche,9.28,15.72
12067508,Vogelsang,5.09,13.11
12067520,Wendisch Rietz,9.57,19.59
12067528,Wiesenau,2.84,20.44
12067544,Woltersdorf,1.66,21.1
12067552,Ziltendorf,2.06,17.87
12068052,Breddin,4.49,19.78
12068072,Dabergotz,8.82,12.0
12068109,Dreetz,8.85,31.05
12068117,Fehrbellin,6.4,19.92
12068181,Heiligengrabe,12.7,16.23
12068188,Herzberg (Mark),2.43,24.49
12068264,"Kyritz, Stadt",5.52,8.64
12068280,"Lindow (Mark), Stadt",4.49,30.89
12068306,Märkisch Linden,6.91,14.7
12068320,"Neuruppin, Stadt",4.71,13.92
12068324,"Neustadt (Dosse), Stadt",4.71,19.39
12068353,"Rheinsberg, Stadt",9.62,34.65
12068372,Rüthnick,7.29,29.7
12068409,Sieversdorf-Hohenofen,8.21,24.21
12068413,Storbeck-Frankendorf,7.19,18.4
12068417,Stüdenitz-Schönermark,5.06,16.6
12068425,Temnitzquell,4.19,24.96
12068426,Temnitztal,4.37,20.32
12068437,Vielitzsee,8.02,32.65
12068452,Walsleben,2.44,19.02
12068468,"Wittstock/Dosse, Stadt",6.76,11.97
12068477,Wusterhausen/Dosse,7.84,17.78
12068501,Zernitz-Lohm,3.74,15.79
12069017,"Beelitz, Stadt",3.94,20.26
12069018,Beetzsee,10.01,14.3
12069019,Beetzseeheide,9.93,18.3
12069020,"Bad Belzig, Stadt",3.73,10.01
12069028,Bensdorf,6.16,15.43
12069052,Borkheide,2.94,22.23
12069056,Borkwalde,3.14,17.57
12069076,"Brück, Stadt",3.45,17.69
12069089,Buckautal,7.42,29.08
12069216,Golzow,2.9,17.25
12069224,Görzke,2.52,21.57
12069232,Gräben,7.6,26.09
12069249,Groß Kreutz (Havel),4.24,17.54
12069270,"Havelsee, Stadt",4.94,17.19
12069304,Kleinmachnow,1.66,7.22
12069306,Kloster Lehnin,5.65,9.86
12069345,Linthe,7.63,17.69
12069397,Michendorf,3.03,17.55
12069402,Mühlenfließ,7.88,13.38
12069448,"Niemegk, Stadt",2.83,14.17
12069454,Nuthetal,2.89,13.42
12069460,Päwesin,3.48,24.56
12069470,Planebruch,2.86,19.67
12069474,Planetal,7.74,10.39
12069485,Rabenstein/Fläming,8.31,21.0
12069537,Rosenau,11.66,27.78
12069541,Roskow,6.56,19.47
12069590,Schwielowsee,4.04,16.96
12069596,Seddiner See,5.19,21.59
12069604,Stahnsdorf,4.07,10.87
12069616,"Teltow, Stadt",2.62,10.43
12069632,"Treuenbrietzen, Stadt",6.2,11.61
12069648,Wenzlow,4.66,23.43
12069656,"Werder (Havel), Stadt",3.73,18.1
12069665,Wiesenburg/Mark,7.43,21.51
12069680,Wollin,1.08,22.76
12069688,Wusterwitz,2.09,17.94
12069696,"Ziesar, Stadt",3.02,29.64
12070008,"Bad Wilsnack, Stadt",4.49,20.58
12070028,Berge,3.08,28.15
12070052,Breese,2.49,18.14
12070060,Cumlosen,9.41,19.79
12070096,Gerdshagen,12.82,15.34
12070125,Groß Pankow (Prignitz),13.53,15.44
12070145,Gülitz-Reetz,12.75,22.13
12070149,Gumtow,10.28,16.24
12070153,Halenbeck-Rohlsdorf,10.93,19.72
12070173,Karstädt,6.31,20.34
12070222,Kümmernitztal,11.9,14.36
12070236,Lanz,13.28,28.97
12070241,Legde/Quitzöbel,8.3,16.24
12070244,"Lenzen (Elbe), Stadt",2.61,33.7
12070246,Lenzerwische,3.87,33.38
12070266,Marienfließ,8.17,25.61
12070280,"Meyenburg, Stadt",4.04,21.58
12070296,"Perleberg, Stadt",4.96,6.47
12070300,Pirow,5.94,24.74
12070302,Plattenburg,7.44,14.7
12070316,"Pritzwalk, Stadt",6.53,7.87
12070325,"Putlitz, Stadt",6.58,21.0
12070348,Rühstädt,11.31,24.55
12070393,Triglitz,8.91,16.75
12070416,Weisen,7.06,15.26
12070424,"Wittenberge, Stadt",3.2,16.88
12071028,Briesen/Brjazyna,6.25,14.58
12071032,Burg (Spreewald)/Bórkowy (B?ota),5.54,28.36
12071041,Dissen-Striesow/Dešno-Strjažow,7.34,16.73
12071044,"Döbern/Derbno, Stadt",2.3,20.97
12071052,Drachhausen/Hochoza,8.59,29.78
12071057,"Drebkau/Drjowk, Stadt",6.46,20.32
12071060,Drehnow/Drjenow,5.59,25.67
12071074,Felixsee/Feliksowy Jazor,6.61,22.24
12071076,"Forst (Lausitz)/Barš? (?užyca), Stadt",3.45,6.65
12071153,Groß Schacksdorf-Simmersdorf,5.95,11.68
12071160,"Guben, Stadt",3.39,29.46
12071164,Guhrow/Góry,4.89,17.04
12071176,Heinersbrück/Móst,8.25,27.1
12071189,Jämlitz-Klein Düben,5.7,15.76
12071193,Jänschwalde/Janšojce,3.74,27.55
12071244,Kolkwitz/Go?kojce,5.75,15.39
12071294,Neiße-Malxetal/Dolina Nysa-Ma?ksa,7.56,21.97
12071301,Neuhausen/Spree / Kopa?ce/Sprjewja,6.27,19.55
12071304,"Peitz/Picnjo, Stadt",2.64,21.18
12071337,Schenkendöbern/Derbno,11.15,29.99
12071341,Schmogrow-Fehrow/Smogorjow-Prjawoz,8.65,25.3
12071372,"Spremberg/Grodk, Stadt",4.61,24.14
12071384,Tauer/Turjej,8.02,31.05
12071386,Teichland/Gatojce,8.75,18.84
12071392,Tschernitz/Cersk,2.42,17.41
12071401,Turnow-Preilack/Turnow-P?i?uk,2.96,24.52
12071408,"Welzow/Wjelcej, Stadt",3.27,21.57
12071412,Werben/Wjerbno,3.54,19.97
12071414,Wiesengrund/?ukojce,8.62,16.59
12072002,Am Mellensee,3.88,27.62
12072014,"Baruth/Mark, Stadt",6.38,24.64
12072017,Blankenfelde-Mahlow,3.17,17.39
12072053,"Dahme/Mark, Stadt",5.04,24.64
12072055,Dahmetal,8.19,22.97
12072120,Großbeeren,3.72,11.53
12072157,Ihlow,8.38,28.38
12072169,"Jüterbog, Stadt",5.62,19.17
12072232,"Luckenwalde, Stadt",2.11,5.34
12072240,"Ludwigsfelde, Stadt",5.52,8.41
12072297,Niedergörsdorf,7.41,22.23
12072298,Niederer Fläming,11.76,29.17
12072312,Nuthe-Urstromtal,7.05,13.61
12072340,Rangsdorf,3.45,18.52
12072426,"Trebbin, Stadt",5.78,17.58
12072477,"Zossen, Stadt",3.76,23.05
12073008,"Angermünde, Stadt",8.94,12.42
12073032,Berkholz-Meyenburg,7.41,-9999.0
12073069,Boitzenburger Land,8.75,26.25
12073085,"Brüssow, Stadt",6.68,26.84
12073093,Carmzow-Wallmow,12.28,19.04
12073097,Casekow,15.85,30.38
12073157,Flieth-Stegelitz,11.83,28.03
12073189,"Gartz (Oder), Stadt",6.71,25.08
12073201,Gerswalde,5.74,25.26
12073216,Göritz,2.92,10.86
12073225,Gramzow,5.31,25.37
12073261,Grünow,9.13,14.9
12073309,Hohenselchow-Groß Pinnow,11.49,29.29
12073384,"Lychen, Stadt",5.81,24.68
12073386,Mark Landin,10.84,-9999.0
12073393,Mescherin,12.31,34.05
12073396,Milmersdorf,5.2,14.75
12073404,Mittenwalde,8.5,17.84
12073429,Nordwestuckermark,9.49,21.05
12073430,Oberuckersee,9.44,27.81
12073440,Pinnow,2.73,18.07
12073452,"Prenzlau, Stadt",4.4,8.38
12073458,Randowtal,6.37,21.19
12073490,Schenkenberg,10.16,11.8
12073520,Schönfeld,11.46,14.57
12073532,"Schwedt/Oder, Stadt",6.97,12.66
12073565,Tantow,10.23,34.58
12073569,Temmen-Ringenwalde,11.72,23.8
12073572,"Templin, Stadt",8.98,11.37
12073578,Uckerfelde,8.96,17.74
12073579,Uckerland,11.34,19.75
12073603,Passow,7.7,-9999.0
12073645,Zichow,8.02,27.13
13003000,"Rostock, Hanse- und Universitätsstadt",2.54,11.83
13004000,"Schwerin, Landeshauptstadt",3.56,11.77
13071001,Alt Schwerin,9.12,15.7
13071002,Altenhagen,7.08,23.12
13071003,Altenhof,11.72,21.03
13071004,"Altentreptow, Stadt",4.29,26.74
13071005,"Ankershagen, Schliemanngemeinde",9.44,24.84
13071006,Bartow,12.86,34.31
13071007,Basedow,7.94,11.52
13071008,Beggerow,11.4,12.14
13071009,Beseritz,9.57,30.92
13071010,Blankenhof,10.87,20.52
13071011,Blankensee,17.2,22.93
13071012,Blumenholz,10.4,10.98
13071013,Bollewick,9.49,28.46
13071014,Borrentin,5.02,13.05
13071015,Bredenfelde,15.29,30.91
13071016,Breesen,9.07,24.14
13071017,Breest,5.44,28.8
13071018,Briggow,6.7,24.73
13071019,Brunn,6.18,26.45
13071020,Buchholz,7.54,23.46
13071021,"Burg Stargard, Stadt",4.84,16.92
13071022,Burow,5.36,28.62
13071023,Bütow,10.9,24.74
13071025,Carpin,12.88,17.73
13071026,Cölpin,6.6,17.82
13071027,"Dargun, Stadt",5.53,18.7
13071028,Datzetal,10.0,25.87
13071029,"Demmin, Hansestadt",2.56,4.94
13071032,Faulenrost,10.94,17.17
13071033,Feldberger Seenlandschaft,9.45,34.36
13071034,Fincken,11.53,23.64
13071035,"Friedland, Stadt",7.44,28.17
13071036,Fünfseen,13.5,25.34
13071037,Galenbeck,10.99,29.01
13071039,Gielow,2.94,10.87
13071041,Gnevkow,8.07,25.17
13071042,Godendorf,11.3,18.2
13071043,Göhren-Lebbin,12.06,27.23
13071044,Golchen,4.19,27.83
13071045,Gotthun,5.78,24.15
13071047,Grabowhöfe,6.02,15.5
13071048,Grammentin,10.55,20.03
13071049,Grapzow,9.09,29.38
13071050,Grischow,11.74,29.46
13071053,Groß Kelle,8.05,23.78
13071054,Groß Miltzow,12.39,24.44
13071055,Groß Nemerow,8.23,16.29
13071056,Groß Plasten,8.24,18.09
13071057,Groß Teetzleben,3.21,24.83
13071058,Grünow,16.19,25.76
13071059,Gültz,1.95,30.78
13071060,Gülzow,7.53,15.65
13071063,Hohen Wangelin,6.29,28.73
13071064,Hohenbollentin,12.09,20.96
13071065,Hohenmocker,10.98,17.73
13071066,Hohenzieritz,11.95,14.16
13071067,Holldorf,6.89,17.82
13071068,Ivenack,10.66,24.78
13071069,Jabel,13.15,21.06
13071070,Jürgenstorf,6.96,20.21
13071071,Kargow,9.16,19.59
13071072,Kentzlin,9.34,21.35
13071073,Kieve,16.32,27.26
13071074,Kittendorf,9.28,23.2
13071075,Klein Vielen,9.94,9.85
13071076,Kletzin,8.38,11.55
13071077,Klink,8.6,14.11
13071078,Klocksin,4.65,20.2
13071079,Knorrendorf,4.7,27.21
13071080,Kratzeburg,22.1,22.76
13071081,Kriesow,13.94,28.23
13071083,Kublank,15.96,26.92
13071084,Kummerow,12.94,13.73
13071087,Lärz,5.17,33.83
13071088,Leizen,13.64,25.64
13071089,Lindenberg,13.4,23.3
13071090,Lindetal,9.66,21.45
13071092,"Malchin, Stadt",6.44,8.12
13071093,"Malchow, Inselstadt",3.19,22.34
13071096,Meesiger,6.66,18.05
13071097,Melz,9.52,31.57
13071099,"Mirow, Stadt",6.57,31.34
13071100,Möllenbeck,11.5,24.44
13071101,Möllenhagen,5.89,23.01
13071102,Mölln,9.66,25.46
13071103,Moltzow,9.79,21.71
13071104,Neddemin,7.55,19.98
13071105,Neetzka,11.84,23.23
13071107,"Neubrandenburg, Vier-Tore-Stadt",2.36,9.76
13071108,Neuenkirchen,6.18,16.86
13071109,"Neukalen, Peenestadt",3.99,16.98
13071110,"Neustrelitz, Residenzstadt",2.78,9.09
13071111,Neverin,1.77,18.42
13071112,Nossendorf,5.06,14.09
13071113,Nossentiner Hütte,9.55,25.28
13071114,Penkow,7.02,25.49
13071115,"Penzlin, Stadt",6.49,19.47
13071117,Pragsdorf,2.48,15.62
13071118,Priborn,2.34,29.38
13071119,Priepert,17.19,27.84
13071120,Pripsleben,6.63,31.55
13071122,Rechlin,6.68,41.02
13071123,Ritzerow,5.03,21.16
13071124,"Röbel/Müritz, Stadt",2.76,28.73
13071125,Röckwitz,6.95,29.92
13071127,Rosenow,3.22,27.21
13071128,Sarow,14.56,18.0
13071130,Schönbeck,14.29,26.84
13071131,Schönfeld,11.16,12.9
13071132,Schönhausen,8.75,18.78
13071133,Schwarz,2.36,29.92
13071135,Siedenbollentin,12.28,29.51
13071136,Siedenbrünzow,7.74,10.13
13071137,Sietow,9.45,20.45
13071138,Silz,8.53,25.21
13071139,Sommersdorf,12.16,22.0
13071140,Sponholz,6.52,12.36
13071141,Staven,10.27,25.44
13071142,"Stavenhagen, Reuterstadt, Stadt",3.03,15.98
13071143,Stuer,12.66,18.1
13071144,Torgelow am See,9.9,12.94
13071145,Trollenhagen,4.04,16.89
13071146,Tützpatz,3.96,28.5
13071147,Userin,7.3,15.26
13071148,Utzedel,11.42,12.59
13071150,Verchen,16.14,18.0
13071153,Voigtsdorf,13.95,23.29
13071154,Vollrathsruhe,12.16,22.15
13071155,Walow,13.92,29.04
13071156,"Waren (Müritz), Stadt",3.87,7.79
13071157,Warrenzin,9.63,10.86
13071158,Werder,12.11,30.28
13071159,"Wesenberg, Stadt",3.96,24.29
13071160,Wildberg,3.03,31.03
13071161,Woggersin,5.59,19.45
13071162,Wokuhl-Dabelow,15.29,25.26
13071163,Wolde,10.97,30.1
13071164,"Woldegk, Windmühlenstadt",6.94,29.02
13071166,Wulkenzin,7.31,16.94
13071167,Wustrow,12.44,32.77
13071169,Zettemin,10.38,17.39
13071170,Zirzow,10.15,18.14
13071171,Zislow,15.06,23.95
13071172,Peenehagen,15.82,18.35
13071173,Kuckssee,4.67,19.55
13071174,Schloen-Dratow,5.84,17.09
13071175,Eldetal,16.9,23.48
13071176,Südmüritz,6.27,34.14
13072001,Admannshagen-Bargeshagen,4.04,13.07
13072002,Alt Bukow,9.6,28.75
13072003,Alt Sührkow,11.4,15.01
13072004,Altkalen,8.79,23.98
13072005,Am Salzhaff,8.68,28.03
13072006,"Bad Doberan, Stadt",2.53,6.24
13072007,Bartenshagen-Parkentin,7.31,12.82
13072008,Bastorf,7.28,24.55
13072009,Baumgarten,11.06,14.39
13072010,Behren-Lübchin,7.97,33.03
13072011,Benitz,8.82,21.79
13072012,Bentwisch,4.04,19.09
13072013,Bernitt,7.75,14.58
13072014,Biendorf,7.03,20.07
13072015,Blankenhagen,4.6,20.04
13072017,Börgerende-Rethwisch,6.07,12.64
13072018,Bröbberow,9.65,24.68
13072019,Broderstorf,4.51,19.82
13072020,"Bützow, Stadt",2.78,4.79
13072021,Cammin,9.0,28.99
13072022,Carinerland,9.65,27.72
13072023,Dahmen,8.68,16.65
13072024,Dalkendorf,7.72,8.96
13072026,Dobbin-Linstow,8.0,27.59
13072027,Dolgen am See,8.01,22.05
13072028,Dreetz,10.24,11.96
13072029,Dummerstorf,5.62,20.24
13072030,Elmenhorst/Lichtenhagen,2.32,16.89
13072031,Finkenthal,5.79,22.91
13072032,Gelbensande,3.15,13.28
13072033,Glasewitz,9.88,12.34
13072034,Gnewitz,9.52,32.5
13072035,"Gnoien, Warbelstadt",2.55,27.22
13072036,"Graal-Müritz, Ostseeheilbad",2.19,21.34
13072037,Grammow,13.27,35.06
13072038,Groß Roge,7.38,9.65
13072039,Groß Schwiesow,5.45,12.18
13072040,Groß Wokern,2.89,10.38
13072041,Groß Wüstenfelde,8.72,13.61
13072042,Gülzow-Prüzen,10.23,16.42
13072043,"Güstrow, Barlachstadt",2.59,7.19
13072044,Gutow,7.81,13.88
13072045,Hohen Demzin,6.18,10.34
13072046,Hohen Sprenz,9.49,19.36
13072047,Hohenfelde,5.52,4.03
13072048,Hoppenrade,10.95,20.06
13072049,Jördenstorf,4.36,17.85
13072050,Jürgenshagen,12.04,21.97
13072051,Kassow,9.61,16.84
13072053,Klein Belitz,8.17,14.38
13072055,Klein Upahl,6.17,21.85
13072056,"Krakow am See, Stadt",4.83,22.53
13072057,Kritzmow,4.64,11.04
13072058,"Kröpelin, Stadt",4.76,15.19
13072059,Kuchelmiß,11.64,24.26
13072060,"Kühlungsborn, Ostseebad, Stadt",2.66,20.87
13072061,Kuhs,7.47,8.99
13072062,"Laage, Stadt",4.94,19.49
13072063,Lalendorf,6.69,16.74
13072064,Lambrechtshagen,4.28,11.76
13072066,Lelkendorf,10.22,22.56
13072067,Lohmen,5.78,22.89
13072069,Lüssow,2.4,8.43
13072071,Mistorf,6.85,13.54
13072072,Mönchhagen,5.26,19.81
13072073,Mühl Rosin,10.82,14.71
13072074,"Neubukow, Stadt",2.89,22.06
13072075,"Nienhagen, Ostseebad",2.72,14.71
13072076,Nustrow,21.46,42.06
13072077,Papendorf,5.58,10.17
13072078,Penzin,5.0,11.65
13072079,Plaaz,9.7,18.45
13072080,Pölchow,6.14,14.0
13072081,Poppendorf,8.29,24.74
13072082,Prebberede,11.78,18.09
13072083,Reddelich,5.9,8.13
13072084,Reimershagen,8.79,26.76
13072085,"Rerik, Ostseebad, Stadt",3.26,26.43
13072086,Retschow,2.96,8.43
13072087,Roggentin,3.36,16.52
13072088,Rövershagen,3.49,19.04
13072089,Rühn,6.32,6.88
13072090,Rukieten,6.74,17.25
13072091,Sanitz,5.09,25.12
13072092,Sarmstorf,6.3,6.68
13072093,Satow,5.51,17.41
13072094,Schorssow,12.51,16.2
13072095,"Schwaan, Stadt",3.54,22.67
13072096,Schwasdorf,7.01,20.62
13072097,Selpin,9.29,34.03
13072098,Stäbelow,5.58,11.75
13072099,Steffenshagen,8.09,11.32
13072101,Steinhagen,4.47,5.32
13072102,Stubbendorf,7.31,30.88
13072103,Sukow-Levitzow,4.45,12.22
13072104,Tarnow,12.0,14.03
13072105,"Tessin, Stadt",2.67,27.71
13072106,"Teterow, Bergringstadt",2.22,5.36
13072107,Thelkow,10.86,31.99
13072108,Thulendorf,6.36,23.29
13072109,Thürkow,6.84,8.08
13072110,Vorbeck,6.47,19.11
13072111,Walkendorf,11.31,28.49
13072112,Wardow,8.27,27.05
13072113,Warnkenhagen,13.96,14.44
13072114,Warnow,7.18,21.05
13072116,Wiendorf,6.57,24.84
13072117,Wittenbeck,6.61,15.39
13072118,Zarnewanz,7.66,32.45
13072119,Zehna,7.17,17.02
13072120,Zepelin,10.58,11.6
13072121,Ziesendorf,7.06,15.52
13073001,Ahrenshagen-Daskow,5.36,14.1
13073002,"Ahrenshoop, Ostseebad",6.36,26.57
13073003,Altefähr,8.26,15.7
13073004,Altenkirchen,2.48,36.85
13073005,Altenpleen,3.52,17.31
13073006,"Baabe, Ostseebad",1.54,26.76
13073007,"Bad Sülze, Stadt",3.28,27.61
13073009,"Barth, Stadt",2.59,29.03
13073010,"Bergen auf Rügen, Stadt",3.66,5.8
13073011,"Binz, Ostseebad",3.45,18.24
13073012,Born a. Darß,2.68,40.08
13073013,Breege,2.76,33.89
13073014,Buschvitz,5.96,5.99
13073015,Dettmannsdorf,3.18,25.48
13073016,Deyelsdorf,12.14,30.13
13073017,"Dierhagen, Ostseebad",5.58,15.66
13073018,Divitz-Spoldershagen,5.23,21.58
13073019,Dranske,4.38,42.03
13073020,Drechow,7.61,31.17
13073021,Dreschvitz,7.94,19.54
13073022,Eixen,9.32,31.68
13073023,Elmenhorst,8.91,20.74
13073024,"Franzburg, Stadt",1.82,25.19
13073025,Fuhlendorf,11.1,26.41
13073027,"Garz/Rügen, Stadt",6.18,21.42
13073028,Gingst,2.83,17.81
13073029,Glewitz,3.43,21.09
13073030,Glowe,7.97,22.03
13073031,"Göhren, Ostseebad",1.83,31.61
13073032,Grammendorf,9.38,26.96
13073033,Gransebieth,8.94,20.06
13073034,Gremersdorf-Buchholz,9.28,27.26
13073035,"Grimmen, Stadt",3.68,10.48
13073036,Groß Kordshagen,8.75,24.56
13073037,Groß Mohrdorf,8.75,16.5
13073038,Gustow,7.0,21.55
13073039,Hugoldsdorf,12.52,36.68
13073040,"Insel Hiddensee, Seebad",6.71,34.99
13073041,Jakobsdorf,8.43,23.4
13073042,Karnin,4.97,23.92
13073043,Kenz-Küstrow,6.4,28.5
13073044,Klausdorf,9.8,15.23
13073045,Kluis,6.98,14.91
13073046,Kramerhof,5.76,7.24
13073048,Lancken-Granitz,9.2,20.23
13073049,Lietzow,6.03,11.12
13073050,Lindholz,10.38,29.7
13073051,Löbnitz,8.03,22.7
13073052,Lohme,9.85,27.75
13073053,Lüdershagen,2.99,17.3
13073054,Lüssow,5.8,12.58
13073055,"Marlow, Stadt",6.34,15.52
13073057,Millienhagen-Oebelitz,6.32,31.16
13073059,Neuenkirchen,20.14,28.12
13073060,Niepars,5.71,19.88
13073061,Pantelitz,3.51,14.96
13073062,Papenhagen,10.09,15.85
13073063,Parchtitz,7.94,10.16
13073064,Patzig,11.38,13.31
13073065,Poseritz,3.35,21.97
13073066,Preetz,7.64,12.46
13073067,"Prerow, Ostseebad",2.74,47.78
13073068,Prohn,7.21,10.4
13073069,Pruchten,9.03,33.26
13073070,"Putbus, Stadt",3.65,15.5
13073071,Putgarten,7.72,42.17
13073072,Ralswiek,8.72,8.85
13073073,Rambin,5.58,19.93
13073074,Rappin,17.3,19.12
13073075,"Ribnitz-Damgarten, Bernsteinstadt",4.84,8.22
13073076,"Richtenberg, Stadt",1.9,27.07
13073077,Saal,4.61,16.06
13073078,Sagard,2.78,18.94
13073079,Samtens,3.18,15.05
13073080,"Sassnitz, Stadt",3.41,20.51
13073081,Schaprode,4.77,25.43
13073082,Schlemmin,7.31,24.24
13073083,Sehlen,8.37,10.1
13073084,"Sellin, Ostseebad",2.63,23.87
13073085,Semlow,4.1,24.14
13073086,Splietsdorf,11.2,16.26
13073087,Steinhagen,4.16,16.97
13073088,"Stralsund, Hansestadt",2.22,8.33
13073089,Süderholz,6.01,14.62
13073090,Sundhagen,4.79,16.72
13073092,Trent,3.13,20.22
13073093,"Tribsees, Stadt",6.64,25.19
13073094,Trinwillershagen,6.16,17.62
13073095,Ummanz,9.09,24.26
13073096,Velgast,4.84,31.75
13073097,Weitenhagen,11.94,32.87
13073098,Wendisch Baggendorf,8.13,16.45
13073099,Wendorf,5.29,16.43
13073100,Wieck a. Darß,2.79,43.19
13073101,Wiek,3.3,34.39
13073102,Wittenhagen,9.08,15.74
13073103,"Wustrow, Ostseebad",2.09,21.61
13073104,Zarrendorf,1.82,18.18
13073105,"Zingst, Ostseeheilbad",4.36,42.66
13073106,Zirkow,4.32,14.42
13073107,"Mönchgut, Ostseebad",11.31,36.02
13074001,Alt Meteln,3.8,19.45
13074002,Bad Kleinen,4.27,20.24
13074003,Barnekow,6.64,7.62
13074004,Benz,8.56,20.01
13074005,Bernstorf,14.26,17.41
13074006,Bibow,5.63,26.85
13074007,Blowatz,3.66,25.53
13074008,Bobitz,5.21,16.51
13074009,Boiensdorf,4.81,29.84
13074010,"Boltenhagen, Ostseebad",3.15,20.78
13074012,Brüsewitz,4.54,19.08
13074013,Carlow,3.82,22.39
13074014,Cramonshagen,8.15,18.35
13074015,Dalberg-Wendelstorf,5.25,19.65
13074016,Damshagen,4.46,11.31
13074017,"Dassow, Stadt",5.67,19.45
13074018,Dechow,6.64,15.44
13074019,Dorf Mecklenburg,4.33,12.06
13074020,Dragun,8.91,24.3
13074021,"Gadebusch, Stadt",3.62,26.08
13074022,Gägelow,4.54,10.33
13074023,Glasin,6.91,24.1
13074024,Gottesgabe,7.04,24.89
13074025,Grambow,8.28,21.9
13074026,"Grevesmühlen, Stadt",3.5,5.65
13074027,Grieben,13.22,18.6
13074028,Groß Molzahn,6.87,13.53
13074030,Groß Stieten,5.4,14.11
13074031,Hohen Viecheln,6.54,22.05
13074032,Hohenkirchen,9.56,14.03
13074033,Holdorf,6.43,26.52
13074034,Hornstorf,5.83,15.77
13074035,"Insel Poel, Ostseebad",4.68,27.94
13074036,Jesendorf,5.96,21.05
13074037,Kalkhorst,4.69,24.52
13074038,Klein Trebbow,5.58,11.51
13074039,"Klütz, Stadt",3.24,17.23
13074040,Kneese,7.49,21.14
13074042,Königsfeld,6.08,26.95
13074043,Krembz,8.85,32.1
13074044,Krusenhagen,9.26,18.16
13074046,Lübberstorf,6.09,20.02
13074047,Lübow,4.08,16.55
13074048,Lübstorf,2.66,12.11
13074049,Lüdersdorf,3.59,16.68
13074050,Lützow,3.01,24.6
13074052,Menzendorf,7.66,18.15
13074053,Metelsdorf,7.19,9.7
13074054,Mühlen Eichsen,3.24,19.92
13074056,Neuburg,6.52,23.95
13074057,"Neukloster, Stadt",2.8,23.52
13074060,Passee,13.08,28.95
13074061,Perlin,10.63,29.39
13074062,Pingelshagen,7.91,12.42
13074064,Pokrent,2.99,27.55
13074065,"Rehna, Stadt",4.88,25.9
13074066,Rieps,8.33,19.34
13074067,Roduchelstorf,6.92,20.64
13074068,Roggendorf,8.46,19.56
13074069,Roggenstorf,8.46,15.51
13074070,Rögnitz,15.67,29.0
13074071,Rüting,2.36,13.2
13074072,Schildetal,6.74,26.37
13074073,Schlagsdorf,2.27,13.51
13074074,"Schönberg, Stadt",3.1,22.93
13074075,Seehof,6.13,11.07
13074076,Selmsdorf,3.82,20.13
13074077,Testorf-Steinfort,6.28,17.42
13074078,Thandorf,5.35,20.14
13074079,Upahl,9.0,11.63
13074080,Utecht,8.99,17.49
13074081,Veelböken,7.81,26.52
13074082,Ventschow,2.64,24.99
13074084,"Warin, Stadt",3.84,26.75
13074085,Warnow,6.61,9.55
13074087,"Wismar, Hansestadt",2.52,8.79
13074088,Zickhusen,5.14,16.87
13074089,Zierow,7.2,12.72
13074090,Zurow,8.94,20.22
13074091,Züsow,11.14,26.96
13074092,Wedendorfersee,6.36,21.23
13074093,Stepenitztal,8.74,10.61
13074094,Siemz-Niendorf,8.04,23.35
13075001,Ahlbeck,11.91,26.08
13075002,Alt Tellin,16.1,25.2
13075003,Altwarp,16.9,25.07
13075004,Altwigshagen,10.11,18.78
13075005,"Anklam, Hansestadt",2.45,5.21
13075006,Bandelin,7.34,23.38
13075007,Bargischow,6.12,8.94
13075008,Behrenhoff,3.47,19.34
13075009,Bentzin,6.18,22.42
13075010,Benz,11.1,36.69
13075011,Bergholz,6.08,22.57
13075012,Blankensee,18.2,37.54
13075013,Blesewitz,8.65,13.72
13075015,Boldekow,6.52,23.47
13075016,Boock,8.14,27.5
13075017,Brietzig,10.32,11.46
13075018,Brünzow,6.32,18.95
13075020,Bugewitz,8.13,16.35
13075021,Buggenhagen,7.17,24.67
13075022,Butzow,8.57,11.99
13075023,Daberkow,11.72,31.08
13075025,Dargelin,5.84,18.21
13075026,Dargen,11.91,37.88
13075027,Dersekow,1.92,17.79
13075029,Ducherow,5.5,17.43
13075031,"Eggesin, Stadt",3.08,15.6
13075032,Fahrenwalde,8.6,17.07
13075033,Ferdinandshof,4.56,18.7
13075034,Garz,15.38,46.26
13075035,Glasow,11.57,32.44
13075036,Görmin,2.68,22.67
13075037,Grambin,4.25,5.34
13075038,Grambow,16.3,36.68
13075039,"Greifswald, Universitäts- und Hansestadt",2.25,7.94
13075040,Gribow,5.7,23.92
13075041,Groß Kiesow,4.13,21.5
13075042,Groß Luckow,12.22,20.88
13075043,Groß Polzin,9.93,17.81
13075044,"Gützkow, Stadt",5.42,26.11
13075045,Hammer a.d. Uecker,6.86,19.38
13075046,Hanshagen,1.88,16.97
13075048,Heinrichswalde,15.62,30.3
13075049,"Heringsdorf, Ostseebad",2.33,37.47
13075050,Hinrichshagen,4.93,12.0
13075051,Hintersee,20.36,34.1
13075053,Iven,10.58,24.74
13075054,"Jarmen, Stadt",3.75,23.93
13075055,Jatznick,12.5,14.88
13075056,Kamminke,19.37,50.85
13075058,"Karlshagen, Ostseebad",4.04,18.49
13075059,Katzow,2.59,10.98
13075060,Kemnitz,2.82,15.86
13075061,Klein Bünzow,3.54,15.93
13075063,Koblentz,17.38,21.59
13075065,Korswandt,6.53,44.97
13075066,"Koserow, Ostseebad",3.07,21.85
13075067,Krackow,8.05,33.65
13075068,Krien,3.23,22.33
13075069,Kröslin,3.17,13.75
13075070,Kruckow,7.25,17.12
13075071,Krugsdorf,10.5,14.33
13075072,Krummin,8.39,9.22
13075073,Krusenfelde,5.2,28.02
13075074,"Lassan, Stadt",3.34,20.73
13075075,Leopoldshagen,1.83,14.39
13075076,Levenhagen,5.37,13.05
13075078,Liepgarten,6.38,10.33
13075079,Löcknitz,1.55,21.25
13075080,"Loddin, Seebad",2.64,24.09
13075081,Loissin,7.86,21.11
13075082,"Loitz, Stadt",5.66,17.08
13075083,"Lubmin, Seebad",2.18,22.66
13075084,Lübs,11.52,13.7
13075085,Luckow,15.88,26.47
13075087,Lütow,8.92,18.9
13075088,Medow,7.68,18.63
13075089,Meiersberg,8.83,12.31
13075090,Mellenthin,8.46,35.89
13075091,Mesekenhagen,3.72,14.96
13075092,Mölschow,5.3,9.66
13075093,Mönkebude,6.16,9.58
13075094,Murchin,3.36,14.25
13075095,Nadrensee,16.59,40.13
13075097,Neu Boltenhagen,5.57,16.11
13075098,Neu Kosenow,6.38,10.34
13075101,Neuenkirchen,5.61,19.1
13075102,Neuenkirchen,3.32,11.03
13075103,Nieden,5.55,8.08
13075104,Papendorf,6.54,7.62
13075105,"Pasewalk, Stadt",3.0,6.01
13075106,Peenemünde,10.35,23.45
13075107,"Penkun, Stadt",4.16,31.48
13075108,Plöwen,6.48,25.73
13075109,Polzow,6.42,10.6
13075110,Postlow,9.3,11.1
13075111,Pudagla,9.06,31.78
13075113,Ramin,9.8,29.38
13075114,Rankwitz,12.12,38.73
13075115,Rollwitz,6.4,7.95
13075116,Rossin,8.52,18.17
13075117,Rossow,6.44,15.84
13075118,Rothemühl,14.94,25.44
13075119,Rothenklempenow,13.54,32.27
13075120,Rubenow,7.11,11.25
13075121,Rubkow,8.8,16.21
13075122,Sarnow,10.7,15.61
13075123,Sassen-Trantow,8.04,21.78
13075124,Sauzin,8.66,9.76
13075125,Schmatzin,8.97,22.37
13075126,Schönwalde,12.28,12.21
13075127,Spantekow,7.86,26.32
13075128,Stolpe an der Peene,11.23,15.12
13075129,Stolpe auf Usedom,6.5,33.95
13075130,"Strasburg (Uckermark), Stadt",4.47,23.19
13075131,"Torgelow, Stadt",3.84,20.99
13075133,"Trassenheide, Ostseebad",2.66,13.55
13075134,Tutow,1.47,17.72
13075135,"Ückeritz, Seebad",3.7,26.45
13075136,"Ueckermünde, Seebad , Stadt",2.49,8.5
13075137,"Usedom, Stadt",5.15,27.32
13075138,Viereck,12.26,19.2
13075139,Vogelsang-Warsin,9.09,17.69
13075140,Völschow,9.33,27.87
13075141,Wackerow,8.18,14.36
13075142,Weitenhagen,8.01,12.83
13075143,Wilhelmsburg,5.72,25.07
13075144,"Wolgast, Stadt",4.51,6.4
13075145,Wrangelsburg,6.94,18.23
13075146,Wusterhusen,7.86,20.19
13075147,Zemitz,11.13,16.08
13075148,"Zempin, Seebad",1.9,16.73
13075149,Zerrenthin,7.71,11.88
13075150,Ziethen,7.74,12.17
13075151,"Zinnowitz, Ostseebad",1.95,14.79
13075152,Zirchow,11.24,40.95
13075154,Züssow,2.76,20.63
13075155,Neetzow-Liepen,4.79,23.55
13075156,Karlsburg,3.0,16.65
13076001,Alt Krenzlin,8.88,17.79
13076002,Alt Zachun,11.8,18.9
13076003,Balow,10.7,26.5
13076004,Bandenitz,9.88,14.54
13076005,Banzkow,4.6,22.04
13076006,Barkhagen,8.68,11.45
13076007,Barnin,6.27,8.0
13076008,Belsch,5.62,24.43
13076009,Bengerstorf,10.56,14.7
13076010,Besitz,9.79,15.02
13076011,Blankenberg,6.11,28.09
13076012,Blievenstorf,7.24,18.67
13076013,Bobzin,8.94,9.24
13076014,"Boizenburg/ Elbe, Stadt",3.05,5.35
13076015,Borkow,7.03,31.78
13076016,Brahlstorf,6.82,23.34
13076017,Brenz,5.52,17.27
13076018,Bresegard bei Eldena,6.41,21.2
13076019,Bresegard bei Picher,5.86,17.73
13076020,"Brüel, Stadt",2.44,20.03
13076021,Brunow,8.02,29.25
13076023,Bülow,11.03,19.31
13076024,Cambs,3.21,16.78
13076025,"Crivitz, Stadt",4.44,5.84
13076026,Dabel,3.7,27.5
13076027,Dambeck,5.56,28.78
13076029,Demen,3.58,11.72
13076030,Dersenow,6.62,17.48
13076032,Dobbertin,3.1,27.09
13076033,Dobin am See,7.76,22.03
13076034,"Dömitz, Stadt",6.55,22.04
13076035,Domsühl,10.19,12.23
13076036,Dümmer,9.5,26.13
13076037,Eldena,3.71,19.72
13076038,Friedrichsruhe,7.24,11.17
13076039,Gallin,11.11,22.7
13076040,Gallin-Kuppentin,13.91,20.11
13076041,Gammelin,12.18,16.07
13076044,Gneven,8.18,15.85
13076046,Göhlen,9.72,17.82
13076048,"Goldberg, Stadt",5.5,24.78
13076049,Gorlosen,9.88,25.91
13076050,"Grabow, Stadt",3.17,15.82
13076051,Granzin,9.15,16.36
13076053,Grebs-Niendorf,12.16,27.44
13076054,Gresse,1.9,12.24
13076055,Greven,7.76,18.51
13076056,Groß Godems,1.23,13.92
13076057,Groß Krams,5.25,17.24
13076058,Groß Laasch,6.13,8.81
13076060,"Hagenow, Stadt",4.29,6.12
13076062,Hohen Pritz,7.49,30.95
13076063,Holthusen,5.59,22.34
13076064,Hoort,12.42,17.33
13076065,Hülseburg,17.01,18.57
13076067,Karenz,9.96,25.2
13076068,Karrenzin,5.5,19.58
13076069,Karstädt,9.61,11.58
13076070,Kirch Jesar,8.29,11.25
13076071,Klein Rogahn,4.8,16.11
13076072,Kobrow,7.31,26.59
13076073,Kogel,4.25,25.95
13076075,Kreien,6.98,22.65
13076076,Kremmin,5.33,16.69
13076077,Kritzow,8.64,22.17
13076078,Kuhlen-Wendorf,9.07,14.9
13076079,Kuhstorf,8.38,11.34
13076080,Langen Brütz,7.49,15.48
13076082,Leezen,4.12,15.52
13076085,Lewitzrand,3.97,13.99
13076086,Lübesse,2.15,21.23
13076087,Lüblow,10.04,16.93
13076088,"Lübtheen, Stadt",6.04,23.89
13076089,"Lübz, Stadt",4.78,15.52
13076090,"Ludwigslust, Stadt",3.71,7.29
13076092,Lüttow-Valluhn,8.76,24.87
13076093,Malk Göhren,5.8,25.77
13076094,Malliß,6.52,27.03
13076096,Mestlin,3.17,22.56
13076097,Milow,6.1,23.06
13076098,Möllenbeck,6.46,26.73
13076099,Moraas,9.93,15.42
13076100,Muchow,12.6,23.63
13076101,Mustin,15.52,28.16
13076102,Neu Gülze,6.45,10.83
13076103,Neu Kaliß,2.11,21.84
13076104,Neu Poserin,11.44,18.43
13076105,"Neustadt-Glewe, Stadt",2.77,14.59
13076106,Nostorf,9.33,8.61
13076107,Pampow,2.43,20.39
13076108,"Parchim, Stadt",2.64,5.68
13076109,Passow,10.7,22.57
13076110,Pätow-Steegen,6.76,7.83
13076111,Picher,2.19,16.04
13076112,Pinnow,3.63,11.67
13076113,Plate,3.5,23.27
13076114,"Plau am See, Stadt",4.8,8.44
13076115,Prislich,7.42,19.53
13076116,Pritzier,8.44,13.09
13076117,Raben Steinfeld,2.14,13.69
13076118,Rastow,2.34,21.17
13076119,Redefin,1.0,19.49
13076120,Rom,10.31,10.39
13076121,Schossin,11.37,21.85
13076122,Schwanheide,6.36,15.38
13076125,Siggelkow,4.75,14.22
13076126,Spornitz,9.12,17.09
13076128,"Sternberg, Stadt",4.48,28.06
13076129,Stolpe,9.43,15.5
13076130,Stralendorf,1.48,20.37
13076131,Strohkirchen,6.32,17.56
13076133,Sukow,2.37,15.33
13076134,Sülstorf,8.94,24.81
13076135,Techentin,8.06,28.13
13076136,Teldau,8.75,15.68
13076138,Tessin b. Boizenburg,11.3,15.05
13076140,Tramm,7.49,12.3
13076141,Uelitz,2.99,22.88
13076142,Vellahn,8.43,21.49
13076143,Vielank,13.73,27.52
13076145,Warlitz,7.48,13.97
13076146,Warlow,4.96,10.32
13076147,Warsow,7.3,20.47
13076148,Weitendorf,8.5,18.91
13076151,Werder,13.02,22.2
13076152,"Wittenburg, Stadt",6.7,16.14
13076153,Wittendörp,9.91,21.33
13076154,Wittenförden,3.15,16.92
13076155,Witzin,8.42,24.67
13076156,Wöbbelin,2.02,13.28
13076158,Zapel,2.44,6.64
13076159,"Zarrentin am Schaalsee, Stadt",7.57,26.46
13076160,Ziegendorf,3.13,24.13
13076161,Zierzow,8.71,20.89
13076162,Zölkow,9.56,15.46
13076163,Zülow,3.86,24.01
13076164,Obere Warnow,12.48,15.45
13076165,Gehlsbach,13.67,27.45
13076166,Ganzlin,11.0,18.85
13076167,Kloster Tempzin,8.31,26.63
13076168,Ruhner Berge,3.77,18.6
13076169,Toddin,10.82,10.34
14511000,"Chemnitz, Stadt",2.32,9.91
14521010,Amtsberg,2.65,11.92
14521020,"Annaberg-Buchholz, Stadt",2.51,6.22
14521035,"Aue-Bad Schlema, Stadt",3.24,7.08
14521040,Auerbach,1.91,19.8
14521060,Bärenstein,2.91,14.97
14521080,Bockau,2.36,15.61
14521090,Börnichen/Erzgeb.,2.08,11.11
14521110,Breitenbrunn/Erzgeb.,4.65,11.74
14521120,Burkhardtsdorf,2.84,18.93
14521130,Crottendorf,2.54,18.91
14521140,Deutschneudorf,6.26,16.1
14521150,Drebach,3.28,13.63
14521160,"Ehrenfriedersdorf, Stadt",1.93,11.08
14521170,"Eibenstock, Stadt",3.54,21.6
14521180,"Elterlein, Stadt",1.89,15.98
14521200,Gelenau/Erzgeb.,2.78,17.93
14521210,"Geyer, Stadt",2.6,12.36
14521220,Gornau/Erzgeb.,3.54,12.44
14521230,Gornsdorf,2.56,17.73
14521240,Großolbersdorf,3.34,9.98
14521250,Großrückerswalde,5.95,16.72
14521260,"Grünhain-Beierfeld, Stadt",4.73,12.45
14521270,Grünhainichen,4.37,17.97
14521280,Heidersdorf,2.88,12.0
14521290,Hohndorf,2.03,6.49
14521310,Jahnsdorf/Erzgeb.,3.0,11.44
14521320,"Johanngeorgenstadt, Stadt",3.31,12.85
14521330,"Jöhstadt, Stadt",8.86,18.41
14521340,Königswalde,2.08,11.88
14521355,"Lauter-Bernsbach, Stadt",2.12,8.12
14521370,"Lößnitz, Stadt",3.32,9.89
14521380,"Lugau/Erzgeb., Stadt",3.43,12.57
14521390,"Marienberg, Stadt",3.29,17.06
14521400,Mildenau,4.16,13.51
14521410,Neukirchen/Erzgeb.,2.2,14.1
14521420,Niederdorf,4.03,4.12
14521430,Niederwürschnitz,2.03,7.64
14521440,"Oberwiesenthal, Kurort, Stadt",5.63,25.8
14521450,"Oelsnitz/Erzgeb., Stadt",3.02,10.8
14521460,"Olbernhau, Stadt",4.44,9.39
14521495,"Pockau-Lengefeld, Stadt",5.15,17.03
14521500,Raschau-Markersbach,3.4,20.93
14521510,"Scheibenberg, Stadt",1.87,18.36
14521520,"Schlettau, Stadt",2.11,13.05
14521530,"Schneeberg, Stadt",2.68,6.85
14521540,Schönheide,2.04,15.83
14521550,"Schwarzenberg/Erzgeb., Stadt",2.19,15.13
14521560,Sehmatal,3.17,16.25
14521570,"Seiffen/Erzgeb., Kurort",2.67,15.73
14521590,"Stollberg/Erzgeb., Stadt",4.02,8.01
14521600,Stützengrün,3.3,17.37
14521610,Tannenberg,2.8,7.54
14521620,"Thalheim/Erzgeb., Stadt",2.14,12.2
14521630,Thermalbad Wiesenbad,4.21,6.87
14521640,"Thum, Stadt",1.8,16.33
14521670,"Wolkenstein, Stadt",6.49,13.53
14521690,"Zschopau, Stadt, Motorradstadt",2.39,7.5
14521700,Zschorlau,3.09,12.28
14521710,"Zwönitz, Stadt",3.81,14.33
14522010,Altmittweida,4.64,6.73
14522020,"Augustusburg, Stadt",2.51,15.75
14522035,Bobritzsch-Hilbersdorf,3.32,11.71
14522050,"Brand-Erbisdorf, Stadt",2.69,13.87
14522060,"Burgstädt, Stadt",2.82,10.76
14522070,Claußnitz,2.75,14.43
14522080,"Döbeln, Stadt",5.46,8.46
14522090,Dorfchemnitz,5.31,25.31
14522110,Eppendorf,2.91,22.72
14522120,Erlau,3.23,13.87
14522140,"Flöha, Stadt",3.4,12.05
14522150,"Frankenberg/Sa., Stadt, Garnisonsstadt",5.11,15.7
14522170,"Frauenstein, Stadt",4.73,23.25
14522180,"Freiberg, Stadt, Universitätsstadt",2.36,5.41
14522190,"Geringswalde, Stadt",2.66,14.71
14522200,Großhartmannsdorf,4.02,19.42
14522210,"Großschirma, Stadt",5.42,14.56
14522220,Großweitzschen,5.7,8.64
14522230,"Hainichen, Stadt",4.63,16.95
14522240,Halsbrücke,5.07,10.9
14522250,"Hartha, Stadt",5.24,11.02
14522260,Hartmannsdorf,2.57,5.23
14522280,Königsfeld,7.02,23.73
14522290,Königshain-Wiederau,2.95,15.92
14522300,Kriebstein,7.4,15.4
14522310,"Leisnig, Stadt",4.81,7.14
14522320,Leubsdorf,4.76,20.65
14522330,Lichtenau,6.5,13.03
14522340,Lichtenberg/Erzgeb.,3.84,16.48
14522350,"Lunzenau, Stadt",2.73,17.59
14522360,"Mittweida, Stadt, Hochschulstadt",4.5,7.24
14522380,Mühlau,1.72,7.91
14522390,Mulda/Sa.,4.42,21.33
14522400,Neuhausen/Erzgeb.,3.12,17.7
14522420,Niederwiesa,2.64,8.13
14522430,Oberschöna,4.5,12.77
14522440,"Oederan, Stadt",4.92,19.02
14522450,Ostrau,4.33,-9999.0
14522460,"Penig, Stadt",3.96,14.0
14522470,Rechenberg-Bienenmühle,4.66,31.49
14522480,Reinsberg,4.35,17.31
14522490,"Rochlitz, Stadt",3.89,22.02
14522500,Rossau,6.1,10.41
14522510,"Roßwein, Stadt",5.44,12.77
14522520,"Sayda, Stadt",3.03,19.91
14522530,Seelitz,5.28,19.64
14522540,Striegistal,4.49,18.72
14522550,Taura,2.53,14.21
14522570,"Waldheim, Stadt",3.91,15.57
14522580,Wechselburg,4.1,20.88
14522590,Weißenborn/Erzgeb.,2.85,10.4
14522600,Zettlitz,5.7,20.99
14522620,Zschaitz-Ottewig,6.85,-9999.0
14523010,"Adorf/Vogtl., Stadt",4.19,11.38
14523020,"Auerbach/Vogtl., Stadt",3.52,9.21
14523030,Bad Brambach,5.8,23.48
14523040,"Bad Elster, Stadt",4.81,16.23
14523050,Bergen,1.95,14.25
14523060,Bösenbrunn,8.34,20.94
14523080,Eichigt,9.51,18.43
14523090,Ellefeld,3.01,12.42
14523100,"Elsterberg, Stadt",4.1,17.37
14523120,"Falkenstein/Vogtl., Stadt",3.01,14.77
14523130,Grünbach,2.08,10.62
14523150,Heinsdorfergrund,4.58,8.57
14523160,"Klingenthal, Stadt",3.62,16.36
14523170,"Lengenfeld, Stadt",3.97,10.33
14523190,Limbach,2.52,8.57
14523200,"Markneukirchen, Stadt",5.92,14.69
14523230,Mühlental,10.0,11.81
14523245,Muldenhammer,3.12,16.57
14523260,"Netzschkau, Stadt",2.42,11.12
14523270,Neuensalz,3.53,15.4
14523280,Neumark,3.42,11.02
14523290,Neustadt/Vogtl.,4.0,9.49
14523300,"Oelsnitz/Vogtl., Stadt",4.84,15.36
14523310,"Pausa-Mühltroff, Stadt",3.43,22.1
14523320,"Plauen, Stadt",3.42,7.74
14523330,Pöhl,5.06,14.71
14523340,"Reichenbach im Vogtland, Stadt",2.95,5.78
14523360,"Rodewisch, Stadt",3.34,5.93
14523365,Rosenbach/Vogtl.,5.49,15.02
14523370,"Schöneck/Vogtl., Stadt",4.96,4.85
14523380,Steinberg,3.72,12.63
14523410,Theuma,1.49,16.45
14523420,Tirpersdorf,2.88,13.79
14523430,"Treuen, Stadt",4.14,13.07
14523440,Triebel/Vogtl.,5.11,20.87
14523450,Weischlitz,6.16,16.83
14523460,Werda,2.0,10.45
14524010,Bernsdorf,3.19,8.98
14524020,Callenberg,4.11,16.33
14524030,"Crimmitschau, Stadt",2.96,13.88
14524040,Crinitzberg,4.67,15.27
14524050,Dennheritz,6.31,11.26
14524060,Fraureuth,3.92,9.23
14524070,Gersdorf,2.17,10.78
14524080,"Glauchau, Stadt",3.27,7.02
14524090,"Hartenstein, Stadt",2.72,11.77
14524100,Hartmannsdorf b. Kirchberg,6.94,12.27
14524110,Hirschfeld,5.38,12.22
14524120,"Hohenstein-Ernstthal, Stadt",2.54,13.92
14524130,"Kirchberg, Stadt",3.99,9.59
14524140,Langenbernsdorf,6.1,10.31
14524150,Langenweißbach,4.28,7.08
14524160,"Lichtenstein/Sa., Stadt",2.16,4.26
14524170,Lichtentanne,2.51,10.9
14524180,"Limbach-Oberfrohna, Stadt",3.06,10.87
14524190,"Meerane, Stadt",2.52,15.1
14524200,Mülsen,3.85,10.82
14524210,Neukirchen/Pleiße,4.61,10.96
14524220,Niederfrohna,2.43,10.54
14524230,"Oberlungwitz, Stadt",2.25,12.24
14524240,Oberwiera,2.83,14.94
14524250,Reinsdorf,3.35,13.39
14524260,Remse,2.54,11.23
14524270,Schönberg,6.55,16.15
14524280,St. Egidien,3.4,10.41
14524290,"Waldenburg, Stadt",4.05,17.12
14524300,"Werdau, Stadt",2.74,6.52
14524310,"Wildenfels, Stadt",2.68,9.86
14524320,"Wilkau-Haßlau, Stadt",3.34,13.91
14524330,"Zwickau, Stadt",2.56,8.49
14612000,"Dresden, Stadt",1.97,10.36
14625010,Arnsdorf,3.66,4.36
14625020,"Bautzen / Budyšin, Stadt",2.73,7.22
14625030,"Bernsdorf, Stadt",2.59,19.93
14625040,"Bischofswerda, Stadt",2.92,6.08
14625060,Burkau,3.52,11.51
14625080,Crostwitz / Chrós?icy,2.66,14.63
14625090,Cunewalde,2.36,19.24
14625100,Demitz-Thumitz,3.33,8.52
14625110,Doberschau-Gaußig / Dobruša-Huska,3.59,12.58
14625120,Elsterheide / Halštrowska Hola,6.08,13.32
14625130,"Elstra, Stadt",3.43,10.09
14625140,Frankenthal,5.85,10.18
14625150,Göda / Hod?ij,5.15,13.07
14625160,Großdubrau / Wulka Dubrawa,4.85,17.3
14625170,Großharthau,3.41,8.99
14625180,Großnaundorf,1.72,24.82
14625190,Großpostwitz/O.L. / Budestecy,4.64,12.57
14625200,"Großröhrsdorf, Stadt",2.68,12.59
14625220,Haselbachtal,3.95,16.03
14625230,Hochkirch / Bukecy,4.01,17.6
14625240,"Hoyerswerda / Wojerecy, Stadt",4.1,8.43
14625250,"Kamenz / Kamjenc, Stadt",3.72,8.17
14625270,"Königsbrück, Stadt",3.32,24.09
14625280,Königswartha / Rakecy,2.87,22.83
14625290,Kubschütz / Kubšicy,4.34,11.2
14625300,Laußnitz,1.99,26.31
14625310,"Lauta, Stadt",2.77,17.09
14625320,Lichtenberg,2.17,18.97
14625330,Lohsa / ?az,5.46,19.44
14625340,Malschwitz / Malešecy,6.14,18.51
14625350,Nebelschütz / Njebjel?icy,6.04,7.06
14625360,Neschwitz / Njeswa?id?o,4.16,18.45
14625370,Neukirch,5.7,20.56
14625380,Neukirch/Lausitz,2.42,17.45
14625390,Obergurig / Hornja Hórka,2.34,11.02
14625410,Ohorn,4.65,16.01
14625420,Oßling,4.77,17.82
14625430,Ottendorf-Okrilla,2.99,17.33
14625440,Panschwitz-Kuckau / Pan?icy-Kukow,3.03,10.97
14625450,"Pulsnitz, Stadt",2.28,18.31
14625460,Puschwitz / Bóšicy,5.26,19.41
14625470,Räckelwitz / Worklecy,5.17,12.45
14625480,"Radeberg, Stadt",1.93,12.17
14625490,Radibor / Radwor,4.23,18.06
14625500,Ralbitz-Rosenthal / Ralbicy-Róžant,4.4,15.63
14625510,Rammenau,7.81,9.47
14625525,"Schirgiswalde-Kirschau, Stadt",2.5,19.73
14625530,Schmölln-Putzkau,2.5,9.9
14625550,Schwepnitz,5.22,22.12
14625560,Sohland a. d. Spree,2.87,21.68
14625570,Spreetal / Sprjewiny Do?,6.38,18.75
14625580,Steina,3.5,17.23
14625590,Steinigtwolmsdorf,3.51,19.05
14625600,Wachau,4.42,17.42
14625610,"Weißenberg / Wóspork, Stadt",5.77,18.72
14625630,"Wilthen, Stadt",2.37,17.99
14625640,"Wittichenau / Kulow, Stadt",4.89,15.56
14626010,"Bad Muskau / Mužakow, Stadt",3.95,14.09
14626020,Beiersdorf,2.29,18.45
14626030,"Bernstadt a. d. Eigen, Stadt",3.88,22.62
14626050,Bertsdorf-Hörnitz,5.11,13.01
14626060,Boxberg/O.L. / Hamor,10.88,23.35
14626070,Dürrhennersdorf,2.82,10.73
14626085,"Ebersbach-Neugersdorf, Stadt",2.25,6.83
14626100,Gablenz / Jab?o?c,6.89,9.82
14626110,"Görlitz, Stadt",2.3,6.99
14626120,Groß Düben / D??win,3.96,12.84
14626140,Großschönau,2.31,20.84
14626150,Großschweidnitz,6.26,15.16
14626160,Hähnichen,11.29,14.61
14626170,Hainewalde,2.83,15.47
14626180,"Herrnhut, Stadt",2.93,18.06
14626190,Hohendubrau / Wysoka Dubrawa,6.91,19.55
14626200,Horka,3.68,10.77
14626210,"Jonsdorf, Kurort",2.53,16.83
14626230,Kodersdorf,9.41,12.61
14626240,Königshain,2.86,10.88
14626245,Kottmar,4.39,13.94
14626250,Krauschwitz i.d. O.L. / Krušwica,6.93,13.57
14626260,Kreba-Neudorf / Chrjebja-Nowa Wjes,13.54,20.66
14626270,Lawalde,4.27,18.92
14626280,Leutersdorf,2.46,16.1
14626290,"Löbau, Stadt",3.63,21.14
14626300,Markersdorf,3.46,11.74
14626310,Mittelherwigsdorf,3.54,8.26
14626320,Mücka / Mikow,6.16,16.78
14626330,Neißeaue,7.71,15.21
14626350,"Neusalza-Spremberg, Stadt",3.54,10.25
14626370,"Niesky, Stadt",4.25,7.09
14626390,Oderwitz,2.08,15.92
14626400,Olbersdorf,1.98,9.13
14626410,Oppach,3.44,16.61
14626420,"Ostritz, Stadt",2.66,19.51
14626430,Oybin,8.09,15.22
14626440,Quitzdorf am See,9.06,11.6
14626450,"Reichenbach/O.L., Stadt",4.19,16.47
14626460,Rietschen / R??icy,4.26,18.17
14626470,Rosenbach,4.36,22.63
14626480,"Rothenburg/O.L., Stadt",6.01,7.27
14626490,Schleife / Slepo,3.2,16.6
14626500,Schönau-Berzdorf a. d. Eigen,3.5,19.97
14626510,Schönbach,1.79,13.57
14626520,Schöpstal,4.42,7.68
14626530,"Seifhennersdorf, Stadt",2.7,16.87
14626560,Trebendorf / Trjebin,6.55,16.26
14626570,Vierkirchen,9.12,17.98
14626580,Waldhufen,9.91,12.35
14626590,Weißkeißel / Wuskid?,5.62,10.88
14626600,"Weißwasser/O.L., Stadt / B??a Woda",2.45,4.38
14626610,"Zittau, Stadt",3.1,8.32
14627010,"Coswig, Stadt",2.65,21.56
14627020,Diera-Zehren,7.08,32.35
14627030,Ebersbach,4.92,25.98
14627040,Glaubitz,1.98,24.55
14627050,"Gröditz, Stadt",3.16,17.44
14627060,"Großenhain, Stadt",4.3,22.17
14627070,Hirschstein,4.69,22.67
14627080,Käbschütztal,6.72,27.88
14627100,Klipphausen,5.58,22.59
14627110,Lampertswalde,6.17,26.6
14627130,"Lommatzsch, Stadt",5.33,20.41
14627140,"Meißen, Stadt",2.59,30.32
14627150,Moritzburg,2.88,15.51
14627170,Niederau,4.9,28.67
14627180,"Nossen, Stadt",5.12,18.44
14627190,Nünchritz,2.86,30.41
14627200,Priestewitz,4.17,30.58
14627210,"Radebeul, Stadt",2.59,11.69
14627220,"Radeburg, Stadt",4.82,17.63
14627230,"Riesa, Stadt",2.4,17.34
14627240,Röderaue,4.95,15.33
14627250,Schönfeld,3.58,24.79
14627260,Stauchitz,4.03,14.03
14627270,"Strehla, Stadt",3.09,18.07
14627290,Thiendorf,9.05,26.39
14627310,Weinböhla,2.84,22.8
14627340,Wülknitz,2.1,22.6
14627360,Zeithain,4.6,23.36
14628010,"Altenberg, Stadt",6.3,28.02
14628020,"Bad Gottleuba-Berggießhübel, Stadt",6.85,19.66
14628030,"Bad Schandau, Stadt",4.89,23.69
14628040,Bahretal,4.7,18.78
14628050,Bannewitz,2.89,13.39
14628060,"Dippoldiswalde, Stadt",4.58,10.02
14628070,Dohma,5.08,11.47
14628080,"Dohna, Stadt",2.99,14.79
14628090,Dorfhain,3.12,17.29
14628100,Dürrröhrsdorf-Dittersbach,4.01,14.58
14628110,"Freital, Stadt",2.3,7.58
14628130,"Glashütte, Stadt",4.36,16.41
14628140,Gohrisch,3.95,21.66
14628150,Hartmannsdorf-Reichenau,6.5,23.11
14628160,"Heidenau, Stadt",2.41,13.48
14628170,Hermsdorf/Erzgeb.,13.62,29.46
14628190,"Hohnstein, Stadt",8.29,16.49
14628205,Klingenberg,3.46,16.93
14628210,"Königstein/Sächs. Schw., Stadt",4.44,18.05
14628220,Kreischa,3.94,16.95
14628230,"Liebstadt, Stadt",6.7,22.68
14628240,Lohmen,2.81,15.31
14628250,Müglitztal,6.91,17.57
14628260,"Neustadt in Sachsen, Stadt",4.73,11.19
14628270,"Pirna, Stadt",2.92,9.39
14628300,"Rabenau, Stadt",2.67,9.46
14628310,"Rathen, Kurort",3.35,20.76
14628320,Rathmannsdorf,3.99,19.77
14628330,Reinhardtsdorf-Schöna,6.31,30.69
14628340,Rosenthal-Bielatal,13.02,17.45
14628360,"Sebnitz, Stadt",4.0,10.2
14628370,"Stadt Wehlen, Stadt",9.98,17.75
14628380,"Stolpen, Stadt",4.69,13.1
14628390,Struppen,3.68,9.59
14628400,"Tharandt, Stadt",3.59,13.32
14628410,"Wilsdruff, Stadt",4.12,17.56
14713000,"Leipzig, Stadt",1.79,9.35
14729010,"Bad Lausick, Stadt",3.7,16.98
14729020,Belgershain,3.06,16.62
14729030,Bennewitz,3.73,9.28
14729040,"Böhlen, Stadt",2.28,12.24
14729050,"Borna, Stadt",2.96,7.32
14729060,Borsdorf,2.28,18.4
14729070,"Brandis, Stadt",2.46,17.59
14729080,"Colditz, Stadt",4.56,13.49
14729100,Elstertrebnitz,4.29,15.97
14729140,"Frohburg, Stadt",5.3,17.42
14729150,"Geithain, Stadt",5.78,19.14
14729160,"Grimma, Stadt",4.55,9.63
14729170,"Groitzsch, Stadt",3.63,16.2
14729190,Großpösna,4.31,12.76
14729220,"Kitzscher, Stadt",3.27,10.81
14729245,Lossatal,5.03,13.08
14729250,Machern,3.87,13.5
14729260,"Markkleeberg, Stadt",2.36,8.24
14729270,"Markranstädt, Stadt",2.95,16.83
14729300,"Naunhof, Stadt",3.56,15.69
14729320,Neukieritzsch,3.03,11.51
14729330,Otterwisch,2.06,14.79
14729340,Parthenstein,4.13,11.56
14729350,"Pegau, Stadt",2.53,14.4
14729360,"Regis-Breitingen, Stadt",1.96,15.3
14729370,"Rötha, Stadt",3.5,13.66
14729380,Thallwitz,2.95,9.35
14729400,"Trebsen/Mulde, Stadt",4.33,11.22
14729410,"Wurzen, Stadt",2.81,7.84
14729430,"Zwenkau, Stadt",2.41,5.7
14730010,Arzberg,4.92,19.34
14730020,"Bad Düben, Stadt",3.16,4.69
14730030,Beilrode,3.52,14.05
14730045,"Belgern-Schildau, Stadt",7.54,20.3
14730050,Cavertitz,5.99,19.25
14730060,"Dahlen, Stadt",5.1,16.93
14730070,"Delitzsch, Stadt",3.0,5.68
14730080,Doberschütz,5.01,12.49
14730090,"Dommitzsch, Stadt",4.12,15.37
14730100,Dreiheide,5.38,10.01
14730110,"Eilenburg, Stadt",2.57,5.77
14730120,Elsnig,5.64,9.23
14730140,Jesewitz,4.26,10.15
14730150,Krostitz,4.6,13.84
14730160,Laußig,4.6,11.39
14730170,Liebschützberg,6.54,11.87
14730180,Löbnitz,3.58,13.26
14730190,Mockrehna,4.73,15.01
14730200,"Mügeln, Stadt",4.04,12.87
14730210,Naundorf,4.56,10.27
14730230,"Oschatz, Stadt",3.02,6.37
14730250,Rackwitz,2.48,12.79
14730270,"Schkeuditz, Stadt",2.53,7.87
14730280,Schönwölkau,4.38,14.24
14730300,"Taucha, Stadt",2.73,17.52
14730310,"Torgau, Stadt",4.28,7.5
14730320,Trossin,9.87,22.62
14730330,Wermsdorf,5.67,7.87
14730340,Wiedemar,7.16,13.07
14730360,Zschepplin,6.02,10.49
15001000,"Dessau-Roßlau, Stadt",2.65,9.01
15002000,"Halle (Saale), Stadt",1.92,6.07
15003000,"Magdeburg, Landeshauptstadt",1.9,8.38
15081026,"Apenburg-Winterfeld, Flecken",5.51,19.77
15081030,"Arendsee (Altmark), Stadt",9.6,24.03
15081045,Beetzendorf,6.64,27.26
15081095,Dähre,10.67,23.22
15081105,"Diesdorf, Flecken",7.34,17.26
15081135,"Gardelegen, Hansestadt",6.13,13.38
15081225,Jübar,11.51,20.92
15081240,"Kalbe (Milde), Stadt",7.0,24.82
15081280,"Klötze, Stadt",6.06,29.57
15081290,Kuhfelde,10.32,14.53
15081440,Rohrberg,5.54,23.48
15081455,"Salzwedel, Hansestadt",6.03,10.68
15081545,Wallstawe,14.89,21.81
15082005,"Aken (Elbe), Stadt",2.33,16.89
15082015,"Bitterfeld-Wolfen, Stadt",2.51,10.67
15082180,"Köthen (Anhalt), Stadt",3.18,6.09
15082241,Muldestausee,2.52,13.33
15082256,Osternienburger Land,4.05,13.31
15082301,"Raguhn-Jeßnitz, Stadt",3.3,17.6
15082340,"Sandersdorf-Brehna, Stadt",2.43,14.35
15082377,"Südliches Anhalt, Stadt",4.01,15.04
15082430,"Zerbst/Anhalt, Stadt",5.47,11.08
15082440,"Zörbig, Stadt",4.65,20.57
15083020,Altenhausen,5.12,12.58
15083025,Am Großen Bruch,6.21,17.07
15083030,Angern,8.11,30.34
15083035,Ausleben,1.5,13.43
15083040,Barleben,2.42,10.34
15083060,Beendorf,1.34,10.48
15083115,Bülstringen,7.84,10.21
15083120,Burgstall,5.79,28.71
15083125,Calvörde,7.25,19.96
15083130,Colbitz,3.94,21.97
15083190,Eilsleben,4.5,19.27
15083205,Erxleben,3.82,15.82
15083230,Flechtingen,3.68,18.94
15083245,"Gröningen, Stadt",4.29,16.19
15083270,"Haldensleben, Stadt",2.79,6.89
15083275,Harbke,1.27,9.81
15083298,Hohe Börde,2.68,12.78
15083320,Hötensleben,2.37,20.68
15083323,Ingersleben,6.28,12.6
15083355,"Kroppenstedt, Stadt",1.97,21.14
15083361,Loitsche-Heinrichsberg,3.41,21.95
15083390,Niedere Börde,6.75,14.57
15083411,"Oebisfelde-Weferlingen, Stadt",5.66,23.63
15083415,"Oschersleben (Bode), Stadt",3.15,12.56
15083440,Rogätz,2.08,20.28
15083485,Sommersdorf,7.44,14.82
15083490,Sülzetal,2.58,15.67
15083505,Ummendorf,3.14,17.74
15083515,Völpke,1.5,18.66
15083531,"Wanzleben-Börde, Stadt",2.14,19.35
15083535,Wefensleben,3.06,13.64
15083557,Westheide,5.24,13.23
15083565,"Wolmirstedt, Stadt",3.0,16.68
15083580,Zielitz,1.84,20.35
15084012,An der Poststraße,7.51,23.91
15084013,Meineweh,6.7,17.52
15084015,"Bad Bibra, Stadt",3.86,23.6
15084025,Balgstädt,7.0,17.04
15084115,Droyßig,1.97,18.49
15084125,"Eckartsberga, Stadt",3.41,18.79
15084130,Elsteraue,4.38,13.2
15084132,Finne,3.76,29.16
15084133,Finneland,5.29,29.66
15084135,"Freyburg (Unstrut), Stadt",3.25,14.06
15084150,Gleina,6.76,16.93
15084170,Goseck,7.74,14.47
15084207,Gutenborn,6.73,10.59
15084235,"Hohenmölsen, Stadt",2.44,15.01
15084246,Kaiserpfalz,5.06,24.62
15084250,Karsdorf,2.09,14.79
15084275,Kretzschau,5.17,14.95
15084282,Lanitz-Hassel-Tal,7.65,20.73
15084285,"Laucha an der Unstrut, Stadt",3.1,18.93
15084315,"Lützen, Stadt",6.01,17.48
15084335,Mertendorf,4.57,15.87
15084341,Molauer Land,5.72,17.45
15084355,"Naumburg (Saale), Stadt",3.74,11.04
15084360,"Nebra (Unstrut), Stadt",2.49,14.99
15084375,"Osterfeld, Stadt",6.64,17.64
15084442,Schnaudertal,5.52,9.62
15084445,Schönburg,4.82,8.52
15084470,"Stößen, Stadt",4.05,11.82
15084490,"Teuchern, Stadt",4.25,14.58
15084550,"Weißenfels, Stadt",2.39,8.23
15084560,Wethau,5.26,9.78
15084565,Wetterzeube,4.9,18.23
15084590,"Zeitz, Stadt",2.02,9.28
15085040,"Ballenstedt, Stadt",2.73,16.22
15085055,"Blankenburg (Harz), Stadt",3.14,17.75
15085090,Ditfurt,10.12,11.16
15085110,"Falkenstein/Harz, Stadt",3.64,22.88
15085125,Groß Quenstedt,1.22,8.44
15085135,"Halberstadt, Stadt",2.48,7.35
15085140,Harsleben,1.6,8.99
15085145,"Harzgerode, Stadt",6.04,30.23
15085160,Hedersleben,1.52,15.29
15085185,Huy,2.91,21.49
15085190,"Ilsenburg (Harz), Stadt",3.38,9.46
15085227,Nordharz,5.4,12.77
15085228,"Oberharz am Brocken, Stadt",3.42,24.9
15085230,"Osterwieck, Stadt",4.34,21.87
15085235,"Quedlinburg, Welterbestadt",2.64,8.8
15085285,"Schwanebeck, Stadt",1.95,13.73
15085287,Selke-Aue,4.48,16.87
15085330,"Thale, Stadt",3.53,18.63
15085365,"Wegeleben, Stadt",2.53,16.08
15085370,"Wernigerode, Stadt",2.34,6.71
15086005,Biederitz,2.29,14.59
15086015,"Burg, Stadt",5.32,9.44
15086035,Elbe-Parey,4.17,19.79
15086040,"Genthin, Stadt",4.44,26.1
15086055,"Gommern, Stadt",4.62,11.47
15086080,"Jerichow, Stadt",9.26,19.53
15086140,"Möckern, Stadt",9.14,22.76
15086145,Möser,4.08,14.61
15087010,Ahlsdorf,2.11,13.32
15087015,"Allstedt, Stadt",5.39,12.26
15087031,"Arnstein, Stadt",4.29,13.07
15087045,Benndorf,1.6,12.88
15087055,Berga,2.17,19.32
15087070,Blankenheim,2.25,12.88
15087075,Bornstedt,1.91,14.21
15087101,Brücken-Hackpfüffel,1.74,14.37
15087125,Edersleben,3.78,10.73
15087130,"Eisleben, Lutherstadt",3.66,9.36
15087165,"Gerbstedt, Stadt",3.36,18.35
15087205,Helbra,1.73,10.89
15087210,Hergisdorf,5.28,15.68
15087220,"Hettstedt, Stadt",2.58,6.61
15087250,"Kelbra (Kyffhäuser), Stadt",1.69,17.21
15087260,Klostermansfeld,1.66,12.98
15087275,"Mansfeld, Stadt",5.08,17.68
15087370,"Sangerhausen, Stadt",2.84,11.04
15087386,Seegebiet Mansfelder Land,4.6,16.8
15087412,Südharz,5.56,23.24
15087440,Wallhausen,3.33,11.51
15087470,Wimmelburg,3.91,14.97
15088020,"Bad Dürrenberg, Solestadt",2.39,17.94
15088025,"Bad Lauchstädt, Goethestadt",2.88,14.82
15088030,Barnstädt,1.64,5.64
15088065,"Braunsbedra, Stadt",3.08,17.95
15088100,Farnstädt,2.21,14.87
15088150,Kabelsketal,3.27,12.57
15088195,"Landsberg, Stadt",3.55,15.26
15088205,"Leuna, Stadt",4.86,13.6
15088216,"Wettin-Löbejün, Stadt",3.58,20.69
15088220,"Merseburg, Stadt",2.54,6.97
15088235,"Mücheln (Geiseltal), Stadt",4.29,22.32
15088250,Nemsdorf-Göhrendorf,4.98,8.15
15088265,Obhausen,6.3,9.96
15088295,Petersberg,4.26,16.81
15088305,"Querfurt, Stadt",5.06,9.38
15088319,Salzatal,4.25,14.01
15088330,Schkopau,4.53,11.2
15088340,"Schraplau, Stadt",2.04,13.47
15088355,Steigra,4.38,12.73
15088365,Teutschenthal,2.1,13.74
15089005,"Alsleben (Saale), Stadt",2.24,19.93
15089015,"Aschersleben, Stadt",4.81,20.38
15089026,"Barby, Stadt",5.75,16.36
15089030,"Bernburg (Saale), Stadt",3.44,8.4
15089041,Bördeaue,6.53,24.94
15089042,Bördeland,2.46,14.01
15089043,Börde-Hakel,4.72,25.74
15089045,Borne,1.46,22.42
15089055,"Calbe (Saale), Stadt",2.13,4.42
15089075,"Egeln, Stadt",3.28,23.11
15089130,Giersleben,2.04,21.68
15089165,"Güsten, Stadt",2.55,19.9
15089175,"Hecklingen, Stadt",2.66,27.89
15089185,Ilberstedt,2.01,15.39
15089195,"Könnern, Stadt",4.74,18.59
15089235,"Nienburg (Saale), Stadt",5.76,12.25
15089245,Plötzkau,4.71,18.47
15089305,"Schönebeck (Elbe), Stadt",1.9,14.93
15089307,"Seeland, Stadt",2.04,17.06
15089310,"Staßfurt, Stadt",2.97,17.78
15089365,Wolmirsleben,1.58,23.36
15090003,Aland,12.18,14.66
15090007,Altmärkische Höhe,14.41,17.27
15090008,Altmärkische Wische,9.26,17.57
15090010,"Arneburg, Stadt",2.26,17.43
15090070,"Bismark (Altmark), Stadt",8.99,22.86
15090135,Eichstedt (Altmark),10.26,14.8
15090180,Goldbeck,4.21,20.78
15090220,Hassel,8.67,11.51
15090225,"Havelberg, Hansestadt",5.82,10.99
15090245,Hohenberg-Krusemark,8.96,22.26
15090270,Iden,5.61,24.11
15090285,Kamern,11.22,14.26
15090310,Klietz,3.3,20.27
15090415,"Osterburg (Altmark), Hansestadt",7.1,18.64
15090435,Rochau,3.51,17.29
15090445,"Sandau (Elbe), Stadt",4.38,6.55
15090485,Schollene,4.96,24.34
15090500,Schönhausen (Elbe),3.06,15.97
15090520,"Seehausen (Altmark), Hansestadt",7.73,9.02
15090535,"Stendal, Hansestadt",4.2,9.03
15090546,"Tangerhütte, Stadt",5.6,28.09
15090550,"Tangermünde, Stadt",3.85,15.14
15090610,"Werben (Elbe), Hansestadt",6.56,25.79
15090631,Wust-Fischbeck,11.11,12.16
15090635,Zehrental,14.82,21.32
15091010,"Annaburg, Stadt",7.44,26.41
15091020,"Bad Schmiedeberg, Stadt",3.98,20.92
15091060,"Coswig (Anhalt), Stadt",6.66,23.45
15091110,"Gräfenhainichen, Stadt",4.6,20.68
15091145,"Jessen (Elster), Stadt",5.5,31.03
15091160,"Kemberg, Stadt",5.82,19.21
15091241,"Oranienbaum-Wörlitz, Stadt",3.37,20.74
15091375,"Wittenberg, Lutherstadt",3.32,10.47
15091391,"Zahna-Elster, Stadt",2.88,17.68
16051000,"Erfurt, Stadt",2.98,9.19
16052000,"Gera, Stadt",3.33,11.4
16053000,"Jena, Stadt",2.44,12.09
16054000,"Suhl, Stadt",2.54,10.05
16055000,"Weimar, Stadt",2.42,20.43
16061001,Arenshausen,2.42,18.72
16061002,Asbach-Sickenberg,6.83,21.52
16061003,Berlingerode,3.32,12.43
16061007,Birkenfelde,9.2,17.07
16061012,Bodenrode-Westhausen,6.76,6.73
16061014,Bornhagen,7.74,15.85
16061015,Brehme,1.23,11.12
16061017,Breitenworbis,3.63,10.87
16061018,Büttstedt,3.44,18.58
16061019,Buhla,5.11,10.82
16061021,Burgwalde,5.88,12.53
16061023,Dieterode,8.0,15.37
16061024,Dietzenrode/Vatterode,5.42,17.8
16061026,Ecklingerode,5.1,7.25
16061027,Effelder,1.12,22.23
16061028,Eichstruth,5.8,17.34
16061031,Ferna,5.3,7.35
16061032,Freienhagen,11.15,14.62
16061033,Fretterode,7.34,20.04
16061034,Geisleden,1.43,7.37
16061035,Geismar,4.8,18.2
16061036,Gerbershausen,8.24,20.69
16061037,Gernrode,1.33,7.17
16061039,Glasehausen,4.7,16.0
16061041,Großbartloff,1.38,23.27
16061044,Haynrode,0.92,10.02
16061045,"Heilbad Heiligenstadt, Stadt",2.41,5.37
16061047,Heuthen,6.12,12.96
16061048,Hohengandern,2.54,15.92
16061049,Hohes Kreuz,6.26,9.6
16061056,Kella,9.34,11.54
16061057,Kirchgandern,3.38,16.85
16061058,Kirchworbis,1.78,6.29
16061062,Krombach,9.54,16.44
16061063,Küllstedt,1.18,18.58
16061065,Lenterode,3.1,10.91
16061066,Lindewerra,10.09,17.65
16061067,Lutter,8.47,14.3
16061068,Mackenrode,4.3,17.17
16061069,Marth,5.52,13.11
16061074,Niederorschel,4.93,9.0
16061075,Pfaffschwende,9.35,15.18
16061076,Reinholterode,3.83,13.69
16061077,Röhrig,4.73,13.55
16061078,Rohrberg,7.18,19.59
16061082,Rustenfelde,6.98,16.49
16061083,Schachtebich,7.58,12.04
16061084,Schönhagen,11.4,19.06
16061085,Schwobfeld,9.45,18.93
16061086,Sickerode,6.2,18.28
16061089,Steinbach,9.24,12.28
16061091,Steinheuterode,7.04,12.95
16061094,Tastungen,5.45,9.03
16061096,Thalwenden,4.59,12.2
16061097,Uder,1.47,9.18
16061098,Volkerode,9.58,17.4
16061101,Wachstedt,3.83,14.75
16061102,Wahlhausen,3.86,19.17
16061103,Wehnde,5.86,11.08
16061105,Wiesenfeld,8.71,18.92
16061107,Wingerode,9.03,10.54
16061111,Wüstheuterode,1.05,13.36
16061113,Schimberg,3.4,17.1
16061114,Teistungen,2.67,12.41
16061115,"Leinefelde-Worbis, Stadt",2.92,7.39
16061116,Am Ohmberg,4.14,14.41
16061117,Sonnenstein,4.75,16.48
16061118,"Dingelstädt, Stadt",3.09,15.21
16062005,"Ellrich, Stadt",4.59,21.02
16062008,Görsbach,1.41,16.62
16062009,Großlohra,10.03,12.34
16062024,Kehmstedt,5.52,9.04
16062026,Kleinfurra,4.37,13.3
16062033,Lipprechterode,4.16,5.21
16062037,Niedergebra,6.45,7.67
16062041,"Nordhausen, Stadt",3.43,8.41
16062049,Sollstedt,2.37,14.05
16062054,Urbach,1.76,14.99
16062062,Hohenstein,6.54,17.1
16062063,Werther,6.4,15.5
16062064,"Heringen/Helme, Stadt",4.88,18.49
16062065,Harztor,3.21,14.36
16062066,"Bleicherode, Stadt",3.82,9.77
16063003,"Bad Salzungen, Stadt",3.8,11.36
16063004,Barchfeld-Immelborn,2.01,12.13
16063006,Berka v. d. Hainich,9.43,10.79
16063008,Bischofroda,6.86,11.09
16063011,Buttlar,4.2,23.9
16063015,Dermbach,2.84,19.86
16063023,Empfertshausen,1.52,24.03
16063028,Frankenroda,12.09,22.28
16063032,"Geisa, Stadt",4.85,21.01
16063033,Gerstengrund,13.04,33.75
16063037,Hallungen,4.72,17.9
16063046,Krauthausen,5.96,8.07
16063049,Lauterbach,5.09,14.09
16063051,Leimbach,2.01,7.73
16063058,Nazza,7.24,16.49
16063062,Oechsen,1.39,24.28
16063066,"Ruhla, Stadt",2.78,19.45
16063068,Schleid,5.36,24.62
16063071,Seebach,1.52,14.8
16063076,"Treffurt, Stadt",2.73,19.38
16063078,Unterbreizbach,2.05,27.53
16063082,"Vacha, Stadt",2.88,24.56
16063084,Weilar,4.12,17.66
16063086,Wiesenthal,6.58,20.11
16063092,Wutha-Farnroda,2.84,12.76
16063097,Gerstungen,3.56,17.0
16063098,Hörselberg-Hainich,4.34,14.31
16063099,"Bad Liebenstein, Stadt",2.92,19.49
16063101,Krayenberggemeinde,3.87,16.22
16063103,"Werra-Suhl-Tal, Stadt",4.41,23.92
16063104,"Amt Creuzburg, Stadt",2.73,13.35
16063105,"Eisenach, Stadt",2.86,6.09
16064003,"Bad Langensalza, Stadt",3.43,6.68
16064004,"Bad Tennstedt, Stadt",1.48,19.51
16064005,Ballhausen,3.58,19.44
16064007,Blankenburg,5.29,15.84
16064009,Bruchstedt,6.3,17.39
16064014,Dünwald,2.06,-9999.0
16064019,Großvargula,5.74,13.84
16064021,Haussömmern,6.53,24.46
16064022,Herbsleben,1.47,18.16
16064027,Hornsömmern,6.4,26.77
16064032,Kammerforst,1.72,12.71
16064033,Kirchheilingen,1.04,11.69
16064037,Körner,2.33,17.47
16064038,Kutzleben,10.66,26.55
16064043,Marolterode,3.04,18.44
16064045,Mittelsömmern,8.56,26.82
16064046,"Mühlhausen/Thüringen, Stadt",3.18,6.9
16064053,Oppershausen,0.84,8.96
16064055,Rodeberg,2.75,15.64
16064058,Schönstedt,2.18,10.52
16064061,Sundhausen,5.17,11.2
16064062,Tottleben,6.46,16.84
16064064,Urleben,7.64,14.34
16064071,Unstruttal,5.34,15.2
16064072,Menteroda,2.99,-9999.0
16064073,Anrode,4.46,-9999.0
16064074,Südeichsfeld,2.14,21.86
16064075,Vogtei,2.11,7.81
16064076,Unstrut-Hainich,1.92,13.72
16064077,"Nottherthal-Heinger Höhen, Stadt",3.97,20.44
16065001,Abtsbessingen,5.76,21.39
16065003,"Bad Frankenhausen/Kyffhäuser, Stadt",4.05,7.44
16065005,Bellstedt,7.14,21.71
16065008,Borxleben,10.38,16.49
16065012,"Clingen, Stadt",3.24,22.29
16065014,"Ebeleben, Stadt",3.97,19.56
16065016,Etzleben,8.29,18.04
16065018,Freienbessingen,10.77,21.74
16065019,Gehofen,4.88,21.56
16065032,Helbedündorf,6.05,22.79
16065038,Holzsußra,5.41,22.51
16065042,Kalbsrieth,5.06,18.42
16065046,Mönchpfiffel-Nikolausrieth,6.17,17.79
16065048,Niederbösa,8.25,29.25
16065051,Oberbösa,6.1,27.14
16065052,Oberheldrungen,1.39,21.7
16065056,Reinsdorf,1.08,19.65
16065058,Rockstedt,4.3,17.72
16065067,"Sondershausen, Stadt",3.26,8.9
16065074,Topfstedt,3.84,23.33
16065075,Trebra,10.26,26.48
16065077,Wasserthaleben,4.75,22.59
16065079,Westgreußen,4.69,24.08
16065085,Kyffhäuserland,9.7,11.6
16065086,"Artern, Stadt",2.61,16.13
16065087,"Roßleben-Wiehe, Stadt",2.41,21.54
16065088,"An der Schmücke, Stadt",3.65,16.57
16065089,"Greußen, Stadt",3.52,22.31
16066005,Belrieth,4.54,12.61
16066012,Birx,3.43,32.07
16066013,Breitungen/Werra,3.1,15.71
16066015,Christes,9.93,18.91
16066016,Dillstädt,4.56,18.53
16066017,Einhausen,6.34,12.09
16066018,Ellingshausen,5.31,13.8
16066019,Erbenhausen,6.27,25.26
16066022,Fambach,2.46,15.52
16066023,Floh-Seligenthal,1.97,11.28
16066024,Frankenheim/Rhön,1.25,31.65
16066025,Friedelshausen,14.99,25.27
16066038,Kühndorf,5.45,20.18
16066039,Leutersdorf,3.18,17.22
16066041,Mehmels,6.71,18.6
16066042,"Meiningen, Stadt",3.33,9.91
16066045,Neubrunn,4.48,11.86
16066047,"Oberhof, Stadt",2.32,21.02
16066049,Obermaßfeld-Grimmenthal,3.98,10.7
16066052,Oberweid,11.58,32.99
16066056,Rippershausen,5.76,14.5
16066057,Ritschenhausen,5.86,10.22
16066058,Rohr,1.73,15.2
16066059,Rosa,11.04,20.38
16066061,Roßdorf,10.45,23.18
16066063,"Schmalkalden, Kurort, Stadt",2.49,6.77
16066064,Schwallungen,9.48,17.08
16066065,Schwarza,1.56,21.24
16066069,"Steinbach-Hallenberg, Kurort, Stadt",2.91,18.4
16066073,Sülzfeld,1.64,11.65
16066074,"Brotterode-Trusetal, Stadt",2.19,17.42
16066076,Untermaßfeld,1.71,10.46
16066079,Utendorf,9.6,17.48
16066081,Vachdorf,1.04,15.58
16066086,"Wasungen, Stadt",8.5,18.78
16066092,"Zella-Mehlis, Stadt",2.3,16.31
16066093,Rhönblick,7.11,15.74
16066094,Grabfeld,4.53,19.19
16066095,"Kaltennordheim, Stadt",4.44,24.7
16067004,Bienstädt,4.26,20.24
16067009,Dachwig,1.84,16.17
16067011,Döllstädt,3.82,13.48
16067013,Emleben,1.02,8.84
16067016,Eschenbergen,6.4,22.13
16067019,"Friedrichroda, Stadt",2.31,5.55
16067022,Friemar,1.16,16.27
16067026,Gierstädt,2.94,17.4
16067029,"Gotha, Stadt",2.58,6.94
16067033,Großfahner,1.1,15.86
16067036,Herrenhof,4.47,13.54
16067044,Luisenthal,7.75,21.83
16067047,Molschleben,1.38,17.19
16067052,Nottleben,6.02,20.34
16067053,"Ohrdruf, Stadt",2.93,18.07
16067055,Pferdingsleben,3.22,18.49
16067059,Schwabhausen,4.23,9.18
16067063,Sonneborn,6.16,18.18
16067064,Bad Tabarz,1.72,6.46
16067065,"Tambach-Dietharz/Thür. Wald, Stadt",2.2,14.92
16067067,Tonna,2.66,10.5
16067068,Tröchtelborn,3.97,19.41
16067071,Tüttleben,1.31,14.67
16067072,"Waltershausen, Stadt",2.56,8.94
16067082,Zimmernsupra,4.79,17.3
16067087,Nesse-Apfelstädt,1.92,14.5
16067088,Hörsel,4.12,13.61
16067089,Drei Gleichen,3.08,13.41
16067091,Nessetal,6.09,16.15
16067092,Georgenthal,3.48,9.87
16068001,Alperstedt,4.82,19.52
16068002,Andisleben,1.19,15.43
16068005,Büchel,10.32,17.04
16068007,Eckstedt,5.1,15.59
16068009,Elxleben,1.84,11.99
16068013,Gangloffsömmern,5.69,18.29
16068014,"Gebesee, Stadt",2.01,18.4
16068015,Griefstedt,6.1,13.0
16068017,Großmölsen,4.25,14.19
16068019,Großneuhausen,5.48,18.19
16068021,Großrudestedt,3.34,18.16
16068022,Günstedt,5.24,13.28
16068025,Haßleben,6.8,18.66
16068032,Kleinmölsen,3.24,13.32
16068033,Kleinneuhausen,7.1,19.81
16068034,"Kölleda, Stadt",4.06,15.81
16068036,Markvippach,7.41,16.03
16068037,Nöda,3.77,15.49
16068039,Ollendorf,1.12,17.96
16068041,Ostramondra,1.36,18.75
16068042,"Rastenberg, Stadt",2.76,26.66
16068043,Riethgen,5.83,-9999.0
16068044,Riethnordhausen,6.1,17.08
16068045,Ringleben,5.52,21.64
16068048,Schloßvippach,7.62,10.57
16068049,Schwerstedt,0.79,16.74
16068051,"Sömmerda, Stadt",2.47,5.79
16068052,Sprötau,11.24,13.23
16068053,Straußfurt,2.33,12.51
16068055,Udestedt,1.15,16.33
16068056,Vogelsberg,7.6,11.78
16068057,Walschleben,3.69,14.79
16068058,"Weißensee, Stadt",3.9,12.02
16068059,Werningshausen,1.14,16.88
16068061,Witterda,5.61,13.84
16068062,Wundersleben,4.73,8.09
16068063,Buttstädt,3.62,22.43
16068064,Kindelbrück,2.34,18.57
16069001,Ahlstädt,8.75,18.69
16069003,Beinerstadt,8.94,20.36
16069004,Bischofrod,9.01,15.31
16069006,Brünn/Thür.,4.13,15.94
16069008,Dingsleben,15.56,18.47
16069009,Ehrenberg,5.81,13.28
16069011,Eichenberg,10.04,17.06
16069012,"Eisfeld, Stadt",4.08,18.49
16069016,Grimmelshausen,5.72,14.25
16069017,Grub,13.0,20.51
16069021,Henfstädt,4.77,19.51
16069024,"Hildburghausen, Stadt",3.3,5.71
16069025,Kloster Veßra,4.95,16.07
16069026,Lengfeld,7.26,18.59
16069028,Marisfeld,8.32,23.49
16069035,Oberstadt,10.77,23.4
16069037,Reurieth,8.12,12.45
16069041,Schlechtsart,12.46,24.95
16069042,Schleusegrund,5.14,21.34
16069043,"Schleusingen, Stadt",4.72,14.96
16069044,Schmeheim,8.64,20.63
16069046,Schweickershausen,5.45,23.96
16069047,St.Bernhard,11.02,21.7
16069049,Straufhain,5.12,12.38
16069051,"Themar, Stadt",2.9,17.77
16069052,"Ummerstadt, Stadt",8.09,19.92
16069053,Veilsdorf,2.49,9.8
16069056,Westhausen,8.62,21.26
16069058,Auengrund,4.39,17.13
16069061,Masserberg,2.24,26.6
16069062,"Römhild, Stadt",3.3,20.22
16069063,"Heldburg, Stadt",5.8,23.67
16070001,Alkersleben,5.03,11.27
16070004,"Arnstadt, Stadt",3.44,6.67
16070006,Bösleben-Wüllersleben,5.84,12.9
16070008,Dornheim,4.52,7.39
16070011,Elgersburg,1.4,11.43
16070012,Elleben,5.81,16.57
16070013,Elxleben,7.18,14.48
16070028,Amt Wachsenburg,3.86,9.5
16070029,"Ilmenau, Stadt",2.58,10.15
16070034,Martinroda,1.27,12.61
16070041,Osthausen-Wülfershausen,8.66,14.9
16070043,"Plaue, Stadt",2.68,12.94
16070048,"Stadtilm, Stadt",5.28,18.13
16070054,Witzleben,9.55,16.77
16070057,Geratal,2.61,15.11
16070058,"Großbreitenbach, Stadt",4.44,22.2
16071001,"Apolda, Stadt",2.78,5.95
16071003,"Bad Berka, Stadt",3.64,10.72
16071004,"Bad Sulza, Stadt",4.44,14.26
16071005,Ballstedt,2.85,20.48
16071008,"Blankenhain, Stadt",5.06,6.53
16071009,Buchfart,8.03,15.36
16071013,Döbritschen,6.44,17.18
16071015,Eberstedt,6.53,15.66
16071017,Ettersburg,1.77,26.53
16071019,Frankendorf,2.53,12.76
16071022,Großheringen,6.54,24.46
16071025,Großschwabhausen,3.3,12.17
16071027,Hammerstedt,4.34,14.49
16071031,Hetschburg,4.69,12.55
16071032,Hohenfelden,1.1,14.7
16071037,Kapellendorf,1.44,11.0
16071038,Kiliansroda,6.7,19.35
16071042,Kleinschwabhausen,4.6,15.56
16071043,Klettbach,6.83,7.62
16071046,"Kranichfeld, Stadt",2.7,15.94
16071049,Lehnstedt,5.7,17.37
16071053,"Magdala, Stadt",1.64,16.2
16071055,Mechelroda,6.26,19.09
16071056,Mellingen,1.38,17.77
16071059,Nauendorf,3.74,11.71
16071061,"Neumark, Stadt",3.88,18.05
16071064,Niedertrebra,5.23,14.74
16071069,Obertrebra,7.49,11.64
16071071,Oettern,5.74,18.38
16071077,Rannstedt,1.24,-9999.0
16071079,Rittersdorf,1.02,17.27
16071083,Schmiedehausen,5.27,18.93
16071087,Tonndorf,1.08,14.46
16071089,Umpferstedt,1.4,14.12
16071093,Vollersroda,6.49,17.97
16071095,Wiegendorf,3.43,11.98
16071101,Ilmtal-Weinstraße,3.74,15.55
16071102,Am Ettersberg,4.33,22.29
16071103,Grammetal,3.72,14.89
16072006,Goldisthal,1.4,19.74
16072011,"Lauscha, Stadt",2.3,8.2
16072013,"Neuhaus am Rennweg, Stadt",3.0,9.2
16072015,"Schalkau, Stadt",3.31,19.66
16072018,"Sonneberg, Stadt",3.48,9.07
16072019,"Steinach, Stadt",2.6,15.6
16072023,Frankenblick,2.16,12.58
16072024,Föritztal,3.75,13.44
16073001,Allendorf,5.69,25.78
16073002,Altenbeuthen,14.89,30.05
16073005,"Bad Blankenburg, Stadt",3.24,16.25
16073006,Bechstedt,8.14,27.73
16073013,Cursdorf,1.46,10.46
16073014,Deesbach,5.01,10.47
16073017,Döschnitz,5.93,23.53
16073028,"Gräfenthal, Stadt",2.69,21.02
16073035,Hohenwarte,6.36,19.79
16073037,Katzhütte,1.96,16.04
16073038,Kaulsdorf,3.55,15.46
16073046,"Lehesten, Stadt",2.42,35.31
16073055,Meura,1.25,21.76
16073067,Probstzella,6.58,26.22
16073074,Rohrbach,4.15,20.84
16073076,"Rudolstadt, Stadt",3.5,16.85
16073077,"Saalfeld/Saale, Stadt",3.61,8.75
16073082,Schwarzburg,2.75,23.74
16073084,Sitzendorf,1.03,21.37
16073094,Unterweißbach,2.5,19.18
16073106,"Leutenberg, Stadt",4.46,27.0
16073107,Drognitz,13.51,30.41
16073109,Uhlstädt-Kirchhasel,5.82,20.7
16073111,Unterwellenborn,2.62,13.73
16073112,"Königsee, Stadt",3.29,24.32
16073113,"Schwarzatal, Stadt",3.37,16.08
16074001,Albersdorf,7.81,10.79
16074002,Altenberga,6.22,19.14
16074003,Bad Klosterlausnitz,1.74,9.45
16074004,Bibra,5.59,19.61
16074005,Bobeck,7.3,12.65
16074007,Bremsnitz,6.5,17.1
16074008,Bucha,7.33,15.3
16074009,"Bürgel, Stadt",4.52,15.13
16074011,"Dornburg-Camburg, Stadt",3.12,18.42
16074012,Crossen an der Elster,2.03,13.73
16074016,Eichenberg,8.26,23.33
16074017,Eineborn,3.83,16.67
16074018,"Eisenberg, Stadt",2.38,5.57
16074019,Frauenprießnitz,1.93,19.57
16074021,Freienorla,9.18,16.53
16074022,Geisenhain,7.91,8.07
16074024,Gneus,10.31,10.85
16074025,Gösen,4.1,9.45
16074026,Golmsdorf,1.12,21.34
16074028,Graitschen b. Bürgel,4.32,19.3
16074029,Großbockedra,11.72,12.61
16074031,Großeutersdorf,4.67,21.2
16074032,Großlöbichau,7.42,17.86
16074033,Großpürschütz,3.99,17.74
16074034,Gumperda,7.03,17.21
16074036,Hainichen,8.98,13.57
16074037,Hainspitz,1.12,9.18
16074038,Hartmannsdorf,2.8,12.67
16074039,Heideland,5.99,10.29
16074041,"Hermsdorf, Stadt",2.04,12.66
16074042,Hummelshain,8.16,21.63
16074043,Jenalöbnitz,5.78,20.78
16074044,"Kahla, Stadt",2.41,19.48
16074045,Karlsdorf,5.3,15.82
16074046,Kleinbockedra,12.62,13.67
16074047,Kleinebersdorf,2.62,16.89
16074048,Kleineutersdorf,5.4,22.1
16074049,Laasdorf,5.07,8.05
16074051,Lehesten,10.1,12.16
16074052,Lindig,6.18,24.29
16074053,Lippersdorf-Erdmannsdorf,1.4,12.52
16074054,Löberschütz,2.47,21.69
16074055,Mertendorf,3.18,14.31
16074056,Meusebach,11.44,11.74
16074057,Milda,11.84,14.52
16074058,Möckern,6.06,7.87
16074059,Mörsdorf,7.23,9.24
16074061,Nausnitz,5.36,17.42
16074063,Neuengönna,4.68,19.41
16074064,Oberbodnitz,7.79,14.8
16074065,"Orlamünde, Stadt",7.51,19.35
16074066,Ottendorf,1.48,16.15
16074067,Petersberg,2.93,9.48
16074068,Poxdorf,6.64,21.13
16074071,Rattelsdorf,5.0,15.44
16074072,Rauda,5.26,9.68
16074073,Rauschwitz,5.01,12.29
16074074,Rausdorf,9.34,9.46
16074075,Reichenbach,3.94,14.44
16074076,Reinstädt,10.56,14.95
16074077,Renthendorf,5.37,19.86
16074079,Rothenstein,1.98,11.92
16074081,Ruttersdorf-Lotschen,7.06,7.03
16074082,Scheiditz,11.02,12.86
16074084,Schleifreisen,4.81,14.67
16074085,Schlöben,7.54,8.6
16074086,Schöngleina,8.65,11.26
16074087,Schöps,5.29,17.11
16074089,Seitenroda,5.41,16.65
16074091,Serba,3.18,11.6
16074092,Silbitz,3.35,16.6
16074093,St.Gangloff,2.03,14.19
16074094,"Stadtroda, Stadt",4.23,5.4
16074095,Sulza,6.17,7.23
16074096,Tautenburg,7.14,21.52
16074097,Tautendorf,5.34,17.34
16074098,Tautenhain,2.25,13.0
16074099,Thierschneck,4.6,20.87
16074101,Tissa,7.72,8.58
16074102,Trockenborn-Wolfersdorf,9.67,14.76
16074103,Tröbnitz,6.55,6.84
16074104,Unterbodnitz,10.64,15.68
16074105,Waldeck,8.69,13.6
16074106,Walpernhain,8.29,12.7
16074107,Waltersdorf,4.75,8.34
16074108,Weißbach,3.54,15.2
16074109,Weißenborn,2.15,8.17
16074112,Wichmar,4.23,21.43
16074113,Zimmern,7.2,11.08
16074114,Zöllnitz,1.74,7.23
16074116,"Schkölen, Stadt",3.7,15.4
16075006,Bodelwitz,3.68,7.99
16075014,Dittersdorf,3.94,27.72
16075016,Döbritz,4.01,8.85
16075019,Dreitzsch,6.06,19.54
16075023,Eßbach,12.8,24.57
16075029,Geroda,7.86,20.62
16075031,Gertewitz,6.14,11.68
16075033,Görkwitz,3.43,28.82
16075034,Göschitz,6.78,32.04
16075035,Gössitz,6.24,14.36
16075039,Grobengereuth,10.04,15.23
16075046,"Hirschberg, Stadt",7.58,18.77
16075047,Keila,11.21,13.0
16075048,Kirschkau,9.85,34.26
16075051,Kospoda,4.28,16.55
16075054,Langenorla,6.86,12.15
16075056,Lausnitz b. Neustadt an der Orla,4.78,11.76
16075057,Lemnitz,4.33,22.84
16075062,"Bad Lobenstein, Stadt",3.31,28.98
16075063,Löhma,6.08,30.52
16075065,Miesitz,4.18,20.8
16075066,Mittelpöllnitz,6.03,18.27
16075068,Moßbach,8.99,25.79
16075069,Moxa,5.9,11.7
16075072,Neundorf (bei Schleiz),6.04,26.02
16075073,"Neustadt an der Orla, Stadt",5.02,17.2
16075074,Nimritz,4.0,9.05
16075075,Oberoppurg,5.8,11.63
16075076,Oettersdorf,4.23,29.2
16075077,Oppurg,3.19,8.95
16075079,Paska,8.88,16.63
16075081,Peuschen,9.57,11.42
16075083,Plothen,8.49,22.68
16075084,Pörmitz,6.0,27.26
16075085,"Pößneck, Stadt",2.5,4.6
16075087,Quaschwitz,9.04,14.87
16075088,"Ranis, Stadt",1.55,7.88
16075093,Rosendorf,7.94,20.42
16075098,"Schleiz, Stadt",5.25,28.47
16075099,Schmieritz,6.46,19.96
16075101,Schmorda,3.02,9.24
16075102,Schöndorf,15.52,20.32
16075103,Seisla,3.52,10.03
16075105,Solkwitz,5.14,9.76
16075109,Tegau,1.5,28.13
16075114,Tömmelsdorf,4.84,25.57
16075116,"Triptis, Stadt",3.71,21.75
16075119,Volkmannsdorf,7.75,25.2
16075121,Weira,6.81,12.72
16075124,Wernburg,3.76,6.43
16075125,Wilhelmsdorf,5.76,12.57
16075127,"Ziegenrück, Stadt",11.66,18.27
16075129,Krölpa,3.52,10.54
16075131,"Gefell, Stadt",5.04,20.51
16075132,"Tanna, Stadt",3.54,25.52
16075133,"Wurzbach, Stadt",4.46,36.86
16075134,Remptendorf,4.89,31.41
16075135,"Saalburg-Ebersdorf, Stadt",3.78,32.63
16075136,Rosenthal am Rennsteig,5.88,20.87
16076003,"Bad Köstritz, Stadt",2.42,18.31
16076004,"Berga/Elster, Stadt",4.36,21.92
16076006,Bethenhausen,4.51,16.18
16076007,Bocka,4.35,10.9
16076008,Brahmenau,2.08,17.59
16076009,Braunichswalde,1.4,15.08
16076012,Caaschwitz,4.2,16.1
16076014,Crimla,0.78,17.01
16076017,Endschütz,7.5,21.53
16076019,Gauern,4.06,19.13
16076022,"Greiz, Stadt",4.7,17.6
16076023,Großenstein,2.69,19.16
16076026,Hartmannsdorf,5.4,-9999.0
16076027,Hilbersdorf,6.58,19.28
16076028,Hirschfeld,4.09,14.28
16076029,"Hohenleuben, Stadt",4.72,27.52
16076033,Hundhaupten,7.04,10.11
16076034,Kauern,6.26,15.21
16076036,Korbußen,4.22,21.8
16076038,Kühdorf,2.96,-9999.0
16076039,Langenwetzendorf,4.22,26.32
16076041,Langenwolschendorf,4.44,32.16
16076042,Lederhose,3.84,17.51
16076043,Linda b. Weida,2.76,18.01
16076044,Lindenkreuz,4.27,13.78
16076049,"Münchenbernsdorf, Stadt",1.8,14.31
16076055,Paitzdorf,6.45,22.54
16076058,Pölzig,2.05,11.3
16076059,Reichstädt,6.3,17.28
16076061,"Ronneburg, Stadt",2.13,18.5
16076062,Rückersdorf,1.88,17.03
16076064,Saara,5.96,7.83
16076067,Schwaara,6.08,15.29
16076068,Schwarzbach,6.52,18.9
16076069,Seelingstädt,3.84,13.83
16076074,Teichwitz,3.38,20.92
16076079,"Weida, Stadt",2.78,21.57
16076081,Weißendorf,4.11,34.44
16076084,Wünschendorf/Elster,3.46,17.49
16076086,Zedlitz,4.12,16.02
16076087,"Zeulenroda-Triebes, Stadt",4.73,28.34
16076088,Harth-Pöllnitz,8.13,18.05
16076089,Kraftsdorf,5.96,13.43
16076092,"Auma-Weidatal, Stadt",3.53,26.3
16076093,Mohlsdorf-Teichwolframsdorf,3.77,16.94
16077001,"Altenburg, Stadt",3.48,5.57
16077003,Dobitschen,1.79,13.91
16077005,Fockendorf,3.06,15.59
16077007,Gerstenberg,4.24,11.49
16077008,Göhren,7.06,8.21
16077009,Göllnitz,4.74,12.29
16077011,Göpfersdorf,8.6,22.01
16077012,"Gößnitz, Stadt",2.37,16.39
16077015,Haselbach,1.4,17.13
16077016,Heukewalde,8.05,20.15
16077017,Heyersdorf,7.25,15.51
16077018,Jonaswalde,5.69,18.29
16077022,Kriebitzsch,2.38,13.4
16077023,Langenleuba-Niederhain,3.36,17.92
16077026,Löbichau,7.54,22.54
16077027,Lödla,3.39,7.04
16077028,"Lucka, Stadt",2.05,18.02
16077031,Mehna,4.51,12.07
16077032,"Meuselwitz, Stadt",2.53,13.42
16077034,Monstab,5.72,11.37
16077036,Nobitz,5.02,13.42
16077039,Ponitz,2.78,18.51
16077041,Posterstein,8.57,21.92
16077042,Rositz,3.21,9.47
16077043,"Schmölln, Stadt",5.0,16.91
16077044,Starkenberg,4.83,15.28
16077047,Thonhausen,8.96,14.46
16077048,Treben,2.06,12.93
16077049,Vollmershain,10.83,19.25
16077052,Windischleuba,3.32,12.1
